data;horario;n_da_ocorrencia;tipo_de_ocorrencia;km;trecho;sentido;tipo_de_acidente;automovel;bicicleta;caminhao;moto;onibus;outros;tracao_animal;transporte_de_cargas_especiais;trator_maquinas;utilitarios;ilesos;levemente_feridos;moderadamente_feridos;gravemente_feridos;mortos
30/08/2019;23:04:41;255;Sem vítima;405;BR-386/RS;Norte;Queda de ribanceira;;;0;;;;;;;;3;0;0;0;0
01/07/2019;07:59:00;55;com vítima;98;BR-290/RS;Leste;Colisão - Traseira;1;0;0;1;0;0;0;0;0;0;1;1;0;0;0
01/07/2019;02:35:06;11;Sem vítima;63;BR-290/RS;Oeste;Queda de ribanceira;0;0;1;0;0;0;0;0;0;0;1;0;0;0;0
01/07/2019;09:06:22;62;Sem vítima;65;BR-290/RS;Oeste;Queda de ribanceira;1;0;0;0;0;0;0;0;0;0;1;0;0;0;0
01/07/2019;15:38:32;98;Sem vítima;94,59;BR-290/RS;Leste;Queda de moto;0;0;0;1;0;0;0;0;0;0;1;0;0;0;0
01/07/2019;16:02:02;103;Sem vítima;92,27;BR-290/RS;Leste;Colisão - Traseira;1;0;1;0;0;0;0;0;0;0;3;0;0;0;0
01/07/2019;19:09:09;126;Sem vítima;68;BR-290/RS;Oeste;Queda de ribanceira;1;0;0;0;0;0;0;0;0;0;1;0;0;0;0
02/07/2019;06:38:11;41;com vítima;86;BR-290/RS;Leste;Queda de ribanceira;1;0;0;0;0;0;0;0;0;0;0;1;0;0;0
02/07/2019;03:17:46;36;Sem vítima;29;BR-290/RS;Oeste;Atropelamento de Animal;0;0;0;0;0;1;1;0;1;0;1;0;0;0;0
02/07/2019;14:56:32;126;Sem vítima;28;BR-290/RS;Leste;Queda de ribanceira;1;0;0;0;0;0;0;0;0;0;2;0;0;0;0
03/07/2019;06:46:33;48;Sem vítima;68;BR-290/RS;Oeste;Choque com veículo na faixa de rolamento;3;0;2;0;0;0;0;0;0;0;2;0;0;0;0
03/07/2019;16:09:43;152;Sem vítima;92;BR-290/RS;Leste;Capotamento;1;0;0;0;0;0;0;0;0;0;1;0;0;0;0
04/07/2019;20:13:05;180;Sem vítima;92;BR-290/RS;Leste;Colisão - Traseira;1;0;0;0;0;0;0;0;0;0;1;0;0;0;0
05/07/2019;09:28:40;85;com vítima;70;BR-290/RS;Leste;Capotamento;1;0;0;0;0;0;0;0;0;0;0;2;0;0;0
05/07/2019;03:35:21;44;Sem vítima;23,38;BR-290/RS;Leste;Queda de ribanceira;0;0;1;0;0;0;0;0;0;0;1;0;0;0;0
05/07/2019;08:33:16;79;Sem vítima;95,42;BR-290/RS;Oeste;Colisão - Traseira;1;0;0;1;0;0;0;0;0;0;2;0;0;0;0
05/07/2019;21:17:40;187;Sem vítima;45,11;BR-290/RS;Oeste;Colisão - Lateral;1;0;1;0;0;0;0;0;0;0;2;0;0;0;0
05/07/2019;23:59:27;1;Sem vítima;5,5;BR-290/RS;Leste;Tombamento;0;0;1;0;0;0;0;0;0;0;1;0;0;0;0
06/07/2019;12:51:27;83;com vítima;65,6;BR-290/RS;Oeste;Colisão - Lateral;2;0;0;0;0;0;0;0;0;0;1;1;0;0;0
06/07/2019;17:06:09;102;com vítima;27;BR-290/RS;Oeste;Colisão - Traseira;1;0;0;1;0;0;0;0;0;0;0;1;1;0;0
06/07/2019;06:08:00;49;Sem vítima;68;BR-290/RS;Leste;Queda de ribanceira;1;0;0;0;0;0;0;0;0;0;1;0;0;0;0
06/07/2019;18:32:52;113;Sem vítima;67,21;BR-290/RS;Oeste;Colisão - Transversal;2;0;0;0;0;0;0;0;0;0;7;0;0;0;0
07/07/2019;16:02:54;71;Sem vítima;87;BR-290/RS;Leste;Choque Barreira;1;0;0;0;0;0;0;0;0;0;1;0;0;0;0
09/07/2019;00:24:00;6;com vítima;57,08;BR-290/RS;Leste;Capotamento;1;0;0;0;0;0;0;0;0;0;0;4;0;0;0
09/07/2019;03:12:16;26;com vítima;37;BR-290/RS;Leste;Queda de ribanceira;1;0;0;0;0;0;0;0;0;0;0;3;0;0;0
09/07/2019;13:24:47;132;com vítima;79;BR-290/RS;Oeste;Colisão - Traseira;1;0;1;0;0;0;0;0;0;0;1;0;0;1;0
09/07/2019;12:00:45;111;Sem vítima;47;BR-290/RS;Leste;Colisão - Traseira;0;0;2;0;0;0;0;0;0;0;2;0;0;0;0
10/07/2019;02:15:54;34;Sem vítima;92,06;BR-290/RS;Oeste;Choque Barreira;1;0;0;0;0;0;0;0;0;0;1;0;0;0;0
10/07/2019;06:18:01;73;Sem vítima;75;BR-290/RS;Leste;Tombamento;0;0;1;0;0;0;0;0;0;0;1;0;0;0;0
10/07/2019;06:19:30;74;Sem vítima;68;BR-290/RS;Oeste;Queda de ribanceira;1;0;0;0;0;0;0;0;0;0;1;0;0;0;0
10/07/2019;07:02:05;77;Sem vítima;42;BR-290/RS;Oeste;Atropelamento de Animal;1;0;0;0;0;0;0;0;0;0;2;0;0;0;0
10/07/2019;12:11:37;116;Sem vítima;98;BR-290/RS;Leste;Colisão - Traseira;1;0;1;0;0;0;0;0;0;0;3;0;0;0;0
10/07/2019;14:06:43;134;com vítima;89;BR-290/RS;Oeste;Atropelamento - Andarilho;1;0;0;0;0;0;0;0;0;0;0;0;0;1;0
11/07/2019;12:31:40;127;Sem vítima;77;BR-290/RS;Oeste;Colisão - Traseira;2;0;0;0;0;0;0;0;0;0;3;0;0;0;0
12/07/2019;10:44:48;96;Sem vítima;86;BR-290/RS;Leste;Colisão - Traseira;4;0;0;0;1;0;0;0;0;0;6;0;0;0;0
13/07/2019;10:09:57;91;com vítima;95;BR-290/RS;Oeste;Choque Defensa;1;0;0;0;0;0;0;0;0;0;0;1;0;0;0
13/07/2019;02:10:59;28;Sem vítima;10;BR-290/RS;Leste;Choque Defensa;0;0;2;0;0;0;0;0;0;0;1;0;0;0;0
13/07/2019;23:40:37;155;Sem vítima;94;BR-290/RS;Oeste;Choque Barreira;1;0;0;0;0;0;0;0;0;0;1;0;0;0;0
14/07/2019;03:29:57;40;com vítima;49;BR-290/RS;Leste;Queda de ribanceira;1;0;0;0;0;0;0;0;0;0;4;1;0;0;0
14/07/2019;22:27:18;110;com vítima;36;BR-290/RS;Leste;Colisão - Traseira;2;0;0;0;0;0;0;0;0;0;4;2;2;0;0
14/07/2019;12:08:46;68;Sem vítima;2;BR-290/RS;Leste;Queda de ribanceira;1;0;0;0;0;0;0;0;0;0;1;0;0;0;0
15/07/2019;14:36:42;135;com vítima;96;BR-290/RS;Oeste;Colisão - Traseira;2;0;0;0;0;0;0;0;0;0;1;2;1;0;0
15/07/2019;09:26:59;66;Sem vítima;86;BR-290/RS;Leste;Queda de moto;0;0;0;1;0;0;0;0;0;0;1;0;0;0;0
15/07/2019;14:36:57;134;Sem vítima;87;BR-290/RS;Oeste;Colisão - Traseira;1;0;0;0;0;0;0;0;0;0;1;0;0;0;0
16/07/2019;22:11:55;138;Sem vítima;19;BR-290/RS;Leste;Colisão - Traseira;1;0;1;0;0;0;0;0;0;0;2;0;0;0;0
17/07/2019;20:51:25;160;com vítima;90;BR-290/RS;Leste;Queda de ribanceira;1;0;0;0;0;0;0;0;0;0;0;2;0;0;0
17/07/2019;18:25:06;150;Sem vítima;88,1;BR-290/RS;Leste;Colisão - Traseira;3;0;0;0;0;0;0;0;0;0;3;0;0;0;0
17/07/2019;18:52:00;153;Sem vítima;90;BR-290/RS;Leste;Colisão - Traseira;2;0;0;0;0;0;0;0;0;0;5;0;0;0;0
18/07/2019;17:57:47;185;com vítima;96;BR-290/RS;Oeste;Colisão - Lateral;1;0;0;1;0;0;0;0;0;0;1;1;0;0;0
18/07/2019;07:17:29;83;Sem vítima;88;BR-290/RS;Oeste;Queda de moto;0;0;0;1;0;0;0;0;0;0;2;0;0;0;0
18/07/2019;09:05:19;103;Sem vítima;75;BR-290/RS;Leste;Colisão - Lateral;0;0;1;0;0;0;0;0;0;0;1;0;0;0;0
18/07/2019;17:30:42;183;Sem vítima;87;BR-290/RS;Leste;Colisão - Traseira;2;0;0;0;0;0;0;0;0;0;3;0;0;0;0
19/07/2019;20:41:45;173;com vítima;94;BR-290/RS;Leste;Queda de moto;0;0;0;1;0;0;0;0;0;0;0;2;0;0;0
20/07/2019;04:37:20;14;Sem vítima;29;BR-290/RS;Oeste;Queda de ribanceira;1;0;0;0;0;0;0;0;0;0;2;0;0;0;0
20/07/2019;23:21:44;155;Sem vítima;50;BR-290/RS;Oeste;Queda de ribanceira;0;0;2;0;0;0;0;0;0;0;1;0;0;0;0
21/07/2019;19:14:55;220;com vítima;75;BR-290/RS;Leste;Choque Defensa;1;0;0;0;0;0;0;0;0;0;5;1;0;0;0
21/07/2019;05:14:12;155;Sem vítima;16;BR-290/RS;Oeste;Queda de ribanceira;1;0;0;0;0;0;0;0;0;0;2;0;0;0;0
22/07/2019;07:38:19;53;Sem vítima;12;BR-290/RS;Oeste;Queda de ribanceira;1;0;0;0;0;0;0;0;0;0;1;0;0;0;0
22/07/2019;21:14:02;163;Sem vítima;93;BR-290/RS;Oeste;Choque Barreira;1;0;0;0;0;0;0;0;0;0;2;0;0;0;0
23/07/2019;11:16:53;120;com vítima;92;BR-290/RS;Leste;Colisão - Traseira;1;0;0;1;0;0;0;0;0;0;1;0;1;0;0
23/07/2019;13:27:58;144;com vítima;37;BR-290/RS;Oeste;;1;0;0;0;0;0;0;0;0;0;3;1;0;0;0
23/07/2019;10:57:29;117;Sem vítima;92;BR-290/RS;Oeste;Choque Defensa;0;0;1;0;0;0;0;0;0;0;1;0;0;0;0
23/07/2019;11:17:08;121;Sem vítima;86;BR-290/RS;Oeste;Queda de ribanceira;1;0;0;0;0;0;0;0;0;0;1;0;0;0;0
23/07/2019;11:54:14;128;Sem vítima;78;BR-290/RS;Leste;Choque Defensa;1;0;0;0;0;0;0;0;0;0;4;0;0;0;0
23/07/2019;12:06:48;129;Sem vítima;16;BR-290/RS;Leste;Queda de ribanceira;1;0;0;0;0;0;0;0;0;0;2;0;0;0;0
23/07/2019;19:19:55;178;Sem vítima;52;BR-290/RS;Oeste;Choque com objeto sobre a pista;1;0;2;0;0;0;0;0;0;0;1;0;0;0;0
24/07/2019;01:06:28;27;com vítima;79;BR-290/RS;Oeste;Queda de ribanceira;1;0;0;0;0;0;0;0;0;0;0;1;0;0;0
24/07/2019;06:23:48;79;com vítima;52;BR-290/RS;Oeste;;2;0;0;0;0;0;0;0;0;0;0;3;2;0;0
24/07/2019;09:00:38;94;Sem vítima;80;BR-290/RS;Oeste;Queda de ribanceira;1;0;0;0;0;0;0;0;0;0;1;0;0;0;0
24/07/2019;09:18:51;98;Sem vítima;79;BR-290/RS;Oeste;Choque Barreira;1;0;0;0;0;0;0;0;0;0;1;0;0;0;0
24/07/2019;12:23:53;115;Sem vítima;98;BR-290/RS;Leste;Tombamento;0;0;1;0;0;0;0;0;0;0;1;0;0;0;0
24/07/2019;12:54:56;116;Sem vítima;11,03;BR-290/RS;Leste;;1;0;0;0;0;0;0;0;0;0;2;0;0;0;0
25/07/2019;15:23:07;176;Sem vítima;19;BR-290/RS;Leste;Colisão - Traseira;1;0;0;0;0;0;0;0;0;0;4;0;0;0;0
25/07/2019;16:33:46;184;Sem vítima;5;BR-290/RS;Leste;Queda de ribanceira;1;0;0;0;0;0;0;0;0;0;5;0;0;0;0
25/07/2019;21:02:37;210;Sem vítima;93;BR-290/RS;Oeste;Queda de ribanceira;1;0;0;0;0;0;0;0;0;0;1;0;0;0;0
26/07/2019;07:32:33;104;com vítima;95;BR-290/RS;Oeste;Colisão - Lateral;1;0;0;1;0;0;0;0;0;0;2;1;0;0;0
27/07/2019;15:57:13;154;com vítima;92;BR-290/RS;Oeste;Queda de moto;0;0;0;1;0;0;0;0;0;0;0;0;0;1;0
29/07/2019;07:27:09;43;Sem vítima;86;BR-290/RS;Oeste;Colisão - Traseira;4;0;0;0;0;0;0;0;0;0;5;0;0;0;0
29/07/2019;07:34:08;46;Sem vítima;94;BR-290/RS;Oeste;Colisão - Traseira;4;0;0;0;0;0;0;0;0;0;4;0;0;0;0
29/07/2019;13:02:28;99;Sem vítima;95,53;BR-290/RS;Oeste;Colisão - Lateral;2;0;0;0;0;0;0;0;0;0;3;0;0;0;0
29/07/2019;18:40:19;145;Sem vítima;88,28;BR-290/RS;Leste;Colisão - Traseira;2;0;0;0;0;0;0;0;0;0;2;0;0;0;0
30/07/2019;14:50:43;134;com vítima;94;BR-290/RS;Leste;Tombamento;0;0;1;0;0;0;0;0;0;0;0;1;0;0;0
30/07/2019;02:24:55;47;Sem vítima;26;BR-290/RS;Leste;Colisão - Traseira;0;0;2;0;0;0;0;0;0;0;2;0;0;0;0
30/07/2019;17:58:04;147;Sem vítima;98;BR-290/RS;Leste;Colisão - Traseira;3;0;0;0;0;0;0;0;0;0;4;0;0;0;0
31/07/2019;15:09:15;127;Sem vítima;61;BR-290/RS;Leste;Saída de pista;1;0;0;0;0;0;0;0;0;0;3;0;0;0;0
01/09/2019;00:09:04;1;Sem vítima;51;BR-101/RS;Sul;Choque - Pilar;1;0;0;0;0;0;0;0;0;0;1;0;0;0;0
01/09/2019;05:34:27;21;Sem vítima;348;BR-386/RS;Sul;Queda de ribanceira;1;0;0;0;0;0;0;0;0;0;1;0;0;0;0
01/09/2019;18:24:52;131;Sem vítima;92;BR-290/RS;Leste;Colisão - Lateral;0;0;1;1;0;0;0;0;0;0;1;0;0;0;0
01/09/2019;19:21:03;145;com vítima;387;BR-386/RS;Ambos;Colisão - Traseira;2;0;0;0;0;0;0;0;0;0;3;1;0;0;0
01/09/2019;20:04:53;154;Sem vítima;89;BR-290/RS;Oeste;Queda de ribanceira;1;0;0;0;0;0;0;0;0;0;1;0;0;0;0
02/09/2019;02:29:22;7;Sem vítima;307;BR-386/RS;Norte;;1;0;0;0;0;0;0;0;0;0;1;0;0;0;0
02/09/2019;07:57:54;43;Sem vítima;418;BR-386/RS;Norte;Saída de pista;1;0;0;0;0;0;0;0;0;0;1;0;0;0;0
02/09/2019;18:06:52;153;com vítima;10;BR-448/RS;Sul;Colisão - Lateral;2;0;1;0;0;0;0;0;0;0;0;1;0;0;0
02/09/2019;20:54:23;168;com vítima;51;BR-290/RS;Oeste;Queda de moto;0;0;0;1;0;0;0;0;0;0;0;0;1;0;0
02/09/2019;22:57:30;175;Sem vítima;434;BR-386/RS;Sul;Colisão - Traseira;2;0;0;0;0;0;0;0;0;0;3;0;0;0;0
03/09/2019;07:49:33;31;Sem vítima;94;BR-290/RS;Oeste;Colisão - Traseira;1;0;0;0;0;0;0;0;0;0;1;0;0;0;0
03/09/2019;09:06:18;49;Sem vítima;405;BR-386/RS;Norte;;1;0;0;0;1;0;0;0;1;0;1;0;0;0;0
03/09/2019;10:29:44;68;Sem vítima;90;BR-290/RS;Leste;Saída de pista;1;0;0;0;0;0;0;0;0;0;2;0;0;0;0
03/09/2019;13:31:19;95;com vítima;357;BR-386/RS;Sul;Colisão - Lateral;2;0;0;0;0;0;0;0;0;0;1;1;0;0;0
03/09/2019;15:11:27;104;com vítima;340;BR-386/RS;Sul;Colisão - Lateral;2;0;0;0;0;0;0;0;0;0;0;1;1;0;0
03/09/2019;18:43:19;137;com vítima;96;BR-290/RS;Leste;Queda de moto;0;0;0;1;0;0;0;0;0;0;0;1;0;0;0
03/09/2019;21:49:10;148;Sem vítima;35;BR-101/RS;Norte;Saída de pista;0;0;0;0;1;0;0;0;1;0;1;0;0;0;0
04/09/2019;07:06:00;17;com vítima;9;BR-290/RS;Leste;Capotamento;1;0;0;0;0;0;0;0;0;0;0;1;0;0;0
04/09/2019;08:11:31;38;Sem vítima;7,18;BR-448/RS;Norte;Colisão - Traseira;1;0;1;0;0;0;0;0;0;0;4;0;0;0;0
04/09/2019;10:13:51;87;com vítima;30;BR-290/RS;Oeste;Engavetamento;2;0;1;0;0;0;0;0;0;0;2;2;0;0;0
04/09/2019;15:05:58;128;com vítima;86,32;BR-290/RS;Oeste;Colisão - Traseira;0;0;0;1;0;1;0;0;0;0;1;1;0;0;0
04/09/2019;17:02:34;149;com vítima;73,02;BR-290/RS;Leste;Colisão - Traseira;2;0;0;0;0;0;0;0;0;0;1;1;0;0;0
04/09/2019;20:28:59;193;Sem vítima;85;BR-101/RS;Norte;Tombamento;0;0;1;0;1;0;0;0;1;0;1;0;0;0;0
04/09/2019;21:53:27;202;com vítima;344;BR-386/RS;Norte;Choque - Sinalização;1;0;0;0;0;0;0;0;0;0;0;1;0;0;0
05/09/2019;07:23:03;25;Sem vítima;92;BR-290/RS;Leste;Colisão - Transversal;1;0;0;1;0;0;0;0;0;0;2;0;0;0;0
05/09/2019;07:24:48;27;com vítima;335;BR-386/RS;Sul;Colisão - Traseira;1;0;0;1;0;0;0;0;0;0;1;1;0;0;0
05/09/2019;08:02:10;36;com vítima;429;BR-386/RS;Sul;Queda de ribanceira;1;0;0;0;0;0;0;0;0;0;0;0;0;0;1
05/09/2019;08:20:55;45;Sem vítima;429;BR-386/RS;Norte;Colisão - Traseira;2;0;0;0;0;0;0;0;0;0;2;0;0;0;0
05/09/2019;16:25:32;154;Sem vítima;235;BR-386/RS;Sul;Colisão - Traseira;2;0;1;0;0;0;0;0;0;0;3;0;0;0;0
05/09/2019;16:27:39;155;Sem vítima;277;BR-386/RS;Norte;Queda de ribanceira;0;0;0;0;1;0;0;0;1;0;1;0;0;0;0
05/09/2019;16:45:06;157;Sem vítima;388;BR-386/RS;Ambos;Colisão - Traseira;2;0;0;0;0;0;0;0;0;0;3;0;0;0;0
05/09/2019;18:03:19;168;Sem vítima;97,33;BR-290/RS;Oeste;Engavetamento;3;0;0;0;0;0;0;0;0;0;4;0;0;0;0
05/09/2019;18:50:21;174;com vítima;271;BR-386/RS;Sul;Atropelamento - Andarilho;1;0;0;0;0;0;0;0;0;0;0;0;0;0;1
06/09/2019;00:23:13;3;com vítima;423;BR-386/RS;Norte;Atropelamento - Morador/Trabalhador/Estudante;0;0;1;0;0;0;0;0;0;0;0;0;0;1;0
06/09/2019;13:28:22;100;Sem vítima;362;BR-386/RS;Ambos;Choque Defensa;1;0;0;0;0;0;0;0;0;0;1;0;0;0;0
06/09/2019;13:34:26;101;Sem vítima;435;BR-386/RS;Ambos;Colisão - Lateral;2;0;0;0;0;0;0;0;0;0;3;0;0;0;0
06/09/2019;14:45:16;112;com vítima;381;BR-386/RS;Sul;Colisão - Traseira;2;0;0;0;0;1;0;0;0;0;1;2;0;0;0
06/09/2019;15:11:42;117;com vítima;332;BR-386/RS;Norte;Colisão - Frontal;2;0;1;0;0;0;0;0;0;0;3;2;0;0;1
06/09/2019;16:12:03;129;Sem vítima;32;BR-101/RS;Norte;Saída de pista;1;0;0;0;0;0;0;0;0;0;1;0;0;0;0
06/09/2019;16:10:20;130;Sem vítima;361;BR-386/RS;Norte;Queda de ribanceira;1;0;0;0;0;0;0;0;0;0;1;0;0;0;0
06/09/2019;17:02:53;138;Sem vítima;361;BR-386/RS;Sul;Colisão - Frontal;1;0;1;0;0;0;0;0;0;0;34;0;0;0;0
06/09/2019;18:41:59;154;com vítima;11;BR-290/RS;Leste;Saída de pista;1;0;0;0;0;0;0;0;0;0;0;1;0;0;0
06/09/2019;19:15:07;158;Sem vítima;74;BR-290/RS;Leste;Colisão - Traseira;3;0;1;0;0;0;0;0;0;0;4;0;0;0;0
06/09/2019;19:25:46;161;com vítima;333;BR-386/RS;Norte;Colisão - Traseira;2;0;0;0;0;0;0;0;0;0;4;1;0;0;0
06/09/2019;20:27:50;170;com vítima;96;BR-290/RS;Oeste;Queda de moto;1;0;0;0;0;0;0;0;0;0;0;3;1;0;0
06/09/2019;21:26:45;178;com vítima;380;BR-386/RS;Norte;Colisão - Lateral;1;0;0;0;0;0;0;0;0;0;0;1;0;0;0
07/09/2019;01:11:48;5;com vítima;92;BR-290/RS;Oeste;Queda de moto;0;0;0;1;0;0;0;0;0;0;0;2;0;0;0
07/09/2019;03:28:26;10;com vítima;19;BR-290/RS;Leste;Choque Praça - Submarino;1;0;0;0;0;0;0;0;0;0;0;1;0;0;0
07/09/2019;04:52:03;13;com vítima;278;BR-386/RS;Sul;Saída de pista;1;0;0;0;0;0;0;0;0;0;3;0;1;0;0
07/09/2019;05:12:03;14;Sem vítima;51;BR-101/RS;Norte;Saída de pista;1;0;0;0;0;0;0;0;0;0;1;0;0;0;0
07/09/2019;06:35:39;18;Sem vítima;372,35;BR-386/RS;Norte;Queda de ribanceira;1;0;0;0;0;0;0;0;0;0;2;0;0;0;0
07/09/2019;07:50:07;24;Sem vítima;92;BR-290/RS;Oeste;Choque Defensa;1;0;0;0;0;0;0;0;0;0;1;0;0;0;0
07/09/2019;10:08:48;44;com vítima;356;BR-386/RS;Norte;Colisão - Traseira;2;0;0;0;0;0;0;0;0;0;2;0;1;0;0
07/09/2019;10:44:42;49;Sem vítima;9;BR-448/RS;Norte;Choque Defensa;1;0;0;0;0;0;0;0;0;0;3;0;0;0;0
07/09/2019;11:14:41;52;com vítima;80;BR-290/RS;Oeste;Queda de ribanceira;1;0;0;0;0;0;0;0;0;0;0;1;0;0;0
07/09/2019;18:51:47;114;com vítima;13;BR-101/RS;Sul;Atropelamento - Usuário;0;0;0;0;0;1;0;0;0;0;0;1;0;0;0
07/09/2019;18:55:58;120;Sem vítima;13;BR-101/RS;Sul;Queda de moto;1;0;0;0;0;0;0;0;0;0;1;0;0;0;0
08/09/2019;00:13:23;2;Sem vítima;58;BR-290/RS;Ambos;Saída de pista;1;0;0;0;0;0;0;0;0;0;2;0;0;0;0
08/09/2019;00:14:28;3;com vítima;440;BR-386/RS;Norte;Queda de ribanceira;1;0;0;0;0;0;0;0;0;0;1;1;0;0;0
08/09/2019;02:13:13;15;com vítima;85;BR-101/RS;Ambos;Choque - Poste;1;0;0;0;0;0;0;0;0;0;0;2;0;0;0
08/09/2019;02:34:22;16;Sem vítima;422;BR-386/RS;Sul;Choque Defensa;1;0;0;0;0;0;0;0;0;0;2;0;0;0;0
08/09/2019;07:15:32;22;Sem vítima;96;BR-290/RS;Oeste;Choque Barreira;1;0;0;0;0;0;0;0;0;0;1;0;0;0;0
08/09/2019;10:24:58;45;com vítima;310;BR-386/RS;Norte;Colisão - Lateral;1;0;1;0;0;0;0;0;0;0;1;1;0;0;0
08/09/2019;11:43:36;56;Sem vítima;440;BR-386/RS;Norte;Queda de ribanceira;1;0;0;0;0;0;0;0;0;0;2;0;0;0;0
08/09/2019;11:48:54;59;Sem vítima;92;BR-290/RS;Leste;Choque Defensa;1;0;0;0;0;0;0;0;0;0;1;0;0;0;0
08/09/2019;12:02:36;61;Sem vítima;22;BR-448/RS;Sul;Choque Defensa;1;0;0;0;0;0;0;0;0;0;2;0;0;0;0
08/09/2019;17:27:20;109;Sem vítima;77;BR-290/RS;Leste;Colisão - Traseira;2;0;0;0;0;0;0;0;0;0;1;0;0;0;0
08/09/2019;18:49:30;136;com vítima;391;BR-386/RS;Ambos;Colisão - Lateral;2;0;0;0;0;0;0;0;0;0;1;4;0;0;0
08/09/2019;21:03:03;157;com vítima;278;BR-386/RS;Norte;Saída de pista;1;0;0;0;0;0;0;0;0;0;0;0;1;0;0
09/09/2019;01:10:56;4;com vítima;4;BR-290/RS;Leste;;1;0;0;0;0;0;0;0;0;0;0;3;1;0;0
09/09/2019;08:18:22;35;Sem vítima;442;BR-386/RS;Norte;Tombamento;0;0;1;0;0;0;0;0;0;0;1;0;0;0;0
09/09/2019;10:49:15;88;Sem vítima;11;BR-448/RS;Sul;Colisão - Traseira;2;0;0;0;0;0;0;0;0;0;2;0;0;0;0
09/09/2019;12:53:38;113;com vítima;262;BR-386/RS;Norte;Queda de moto;0;0;0;1;0;0;0;0;0;0;0;1;0;0;0
09/09/2019;17:51:52;197;com vítima;228;BR-386/RS;Sul;;2;0;0;0;0;0;0;0;0;0;3;0;1;0;0
09/09/2019;19:19:58;216;Sem vítima;329;BR-386/RS;Norte;Colisão - Traseira;1;0;0;0;0;0;0;0;0;0;1;0;0;0;0
10/09/2019;06:56:03;18;Sem vítima;348;BR-386/RS;Sul;Queda de moto;0;0;0;1;0;0;0;0;0;0;1;0;0;0;0
10/09/2019;08:04:51;36;Sem vítima;45;BR-101/RS;Norte;Colisão - Traseira;1;0;1;0;0;0;0;0;0;0;2;0;0;0;0
10/09/2019;10:46:57;96;com vítima;349;BR-386/RS;Norte;Colisão - Traseira;2;0;0;0;0;0;0;0;0;0;2;1;0;0;0
10/09/2019;19:40:40;178;Sem vítima;229;BR-386/RS;Sul;Colisão - Traseira;2;0;0;0;0;0;0;0;0;0;2;0;0;0;0
10/09/2019;23:15:54;199;Sem vítima;63;BR-290/RS;Oeste;Colisão - Traseira;1;0;1;0;0;0;0;0;0;0;2;0;0;0;0
11/09/2019;06:03:36;21;Sem vítima;404;BR-386/RS;Sul;Tombamento;0;0;1;0;0;0;0;0;0;0;1;0;0;0;0
11/09/2019;06:32:54;24;Sem vítima;58;BR-290/RS;Leste;Tombamento;1;0;0;0;0;0;0;0;0;0;1;0;0;0;0
11/09/2019;10:46:40;66;Sem vítima;436;BR-386/RS;Sul;Colisão - Transversal;0;0;2;0;0;0;0;0;0;0;2;0;0;0;0
11/09/2019;11:18:31;71;Sem vítima;22;BR-448/RS;Sul;Choque Defensa;1;0;0;0;0;0;0;0;0;0;1;0;0;0;0
11/09/2019;11:57:39;80;Sem vítima;235;BR-386/RS;Sul;Colisão - Traseira;3;0;0;0;0;0;0;0;0;0;3;0;0;0;0
11/09/2019;14:37:35;107;Sem vítima;64;BR-101/RS;Norte;Colisão - Lateral;2;0;0;0;0;0;0;0;0;0;2;0;0;0;0
11/09/2019;19:37:42;159;com vítima;367;BR-386/RS;Norte;Atropelamento - Morador/Trabalhador/Estudante;1;0;0;0;0;0;0;0;0;0;3;0;0;0;1
11/09/2019;21:48:40;171;com vítima;97;BR-290/RS;Leste;;1;0;0;0;0;0;0;0;0;0;0;1;0;0;0
11/09/2019;22:22:52;175;Sem vítima;53;BR-290/RS;Oeste;;1;0;0;0;0;0;0;0;0;0;1;0;0;0;0
11/09/2019;23:06:27;179;Sem vítima;323;BR-386/RS;Norte;Choque - Arvore;1;0;0;0;0;0;0;0;0;0;1;0;0;0;0
12/09/2019;06:13:54;17;com vítima;76;BR-290/RS;Oeste;Saída de pista;1;0;0;0;0;0;0;0;0;0;1;1;0;0;0
12/09/2019;07:06:28;18;Sem vítima;307;BR-386/RS;Norte;Colisão - Lateral;1;0;1;0;0;0;0;0;0;0;2;0;0;0;0
12/09/2019;08:26:31;36;Sem vítima;221;BR-386/RS;Sul;Colisão - Traseira;1;0;1;0;0;0;0;0;0;0;6;0;0;0;0
12/09/2019;08:27:44;37;com vítima;94;BR-290/RS;Leste;Choque Defensa;1;0;0;1;0;0;0;0;0;0;1;2;0;0;0
12/09/2019;08:28:35;38;com vítima;2;BR-290/RS;Ambos;Capotamento;1;0;0;0;0;0;0;0;0;0;0;1;0;0;0
12/09/2019;08:37:11;41;Sem vítima;36;BR-290/RS;Leste;Colisão - Lateral;1;0;0;0;0;1;0;0;0;0;1;0;0;0;0
12/09/2019;08:53:28;47;Sem vítima;38;BR-290/RS;Oeste;Saída de pista;1;0;0;0;0;0;0;0;0;0;1;0;0;0;0
12/09/2019;13:00:14;97;Sem vítima;4;BR-290/RS;Oeste;Capotamento;1;0;0;0;0;0;0;0;0;0;2;0;0;0;0
12/09/2019;13:54:42;107;com vítima;92;BR-290/RS;Oeste;Choque Defensa;1;0;0;0;0;0;0;0;0;0;1;0;1;0;0
12/09/2019;15:41:00;121;com vítima;13;BR-101/RS;Sul;Choque com objeto sobre a pista;1;0;0;0;0;0;0;0;0;0;0;1;0;0;0
12/09/2019;18:50:22;150;com vítima;428;BR-386/RS;Sul;Colisão - Lateral;2;0;0;0;0;0;0;0;0;0;1;1;2;0;0
12/09/2019;18:53:00;151;com vítima;23;BR-101/RS;Norte;;1;0;0;0;0;0;0;0;0;0;0;0;1;0;0
12/09/2019;19:54:20;161;Sem vítima;94;BR-290/RS;Oeste;;2;0;0;0;0;0;0;0;0;0;4;0;0;0;0
13/09/2019;06:18:04;14;com vítima;349;BR-386/RS;Norte;Colisão - Traseira;0;0;1;0;1;0;0;0;1;0;0;0;0;1;0