data;horario;n_da_ocorrencia;tipo_de_ocorrencia;km;trecho;sentido;tipo_de_acidente;automovel;bicicleta;caminhao;moto;onibus;outros;tracao_animal;transporte_de_cargas_especiais;trator_maquinas;utilitarios;ilesos;levemente_feridos;moderadamente_feridos;gravemente_feridos;mortos
13/09/2019;13:46:27;131;Sem vítima;347;BR-386/RS;Norte;Colisão - Lateral;1;0;1;0;0;0;0;0;0;0;2;0;0;0;0
13/09/2019;20:49:51;210;Sem vítima;422;BR-386/RS;Norte;Queda de ribanceira;1;0;0;0;0;0;0;0;0;0;1;0;0;0;0
13/09/2019;23:39:52;236;Sem vítima;397;BR-386/RS;Sul;Capotamento;1;0;0;0;0;0;0;0;0;0;1;0;0;0;0
14/09/2019;05:10:29;13;Sem vítima;85;BR-290/RS;Leste;Queda de ribanceira;1;0;0;0;0;0;0;0;0;0;2;0;0;0;0
14/09/2019;07:29:13;25;Sem vítima;2;BR-101/RS;Sul;Tombamento;1;0;0;0;0;0;0;0;0;0;1;0;0;0;0
14/09/2019;13:10:58;124;Sem vítima;80;BR-101/RS;Ambos;Queda de ribanceira;1;0;0;0;0;0;0;0;0;0;1;0;0;0;0
14/09/2019;17:06:33;168;Sem vítima;290;BR-386/RS;Sul;Outros;1;0;0;0;0;0;0;0;0;0;1;0;0;0;0
14/09/2019;18:13:43;172;com vítima;39;BR-101/RS;Sul;Queda de ribanceira;1;0;0;0;0;0;0;0;0;0;0;2;0;0;0
15/09/2019;01:56:13;4;Sem vítima;58;BR-290/RS;Leste;Atropelamento de Animal;1;0;0;0;0;0;0;0;0;0;2;0;0;0;0
15/09/2019;08:50:07;36;Sem vítima;71;BR-290/RS;Oeste;Queda de ribanceira;1;0;0;0;0;0;0;0;0;0;1;0;0;0;0
15/09/2019;11:22:59;64;Sem vítima;92;BR-290/RS;Leste;Colisão - Traseira;2;0;0;0;0;0;0;0;0;0;3;0;0;0;0
15/09/2019;14:24:17;101;com vítima;24;BR-290/RS;Leste;Capotamento;1;0;0;0;0;0;0;0;0;0;1;2;0;0;0
15/09/2019;16:41:45;132;com vítima;292;BR-386/RS;Norte;Atropelamento - Usuário;0;0;1;0;0;0;0;0;0;0;1;0;0;1;0
15/09/2019;19:29:25;161;com vítima;337;BR-386/RS;Norte;Queda de ribanceira;1;0;0;0;0;0;0;0;0;0;0;1;0;0;0
15/09/2019;20:08:14;167;com vítima;24;BR-101/RS;Norte;Queda de moto;0;0;1;0;0;0;0;0;0;0;0;1;0;0;0
15/09/2019;21:01:55;178;Sem vítima;254;BR-386/RS;Norte;;1;0;0;0;0;0;0;0;0;0;1;0;0;0;0
16/09/2019;07:47:20;43;Sem vítima;423;BR-386/RS;Norte;Queda de ribanceira;1;0;0;0;0;0;0;0;0;0;1;0;0;0;0
16/09/2019;10:04:21;95;Sem vítima;96;BR-290/RS;Oeste;Engavetamento;4;0;0;0;0;0;0;0;0;0;7;0;0;0;0
16/09/2019;11:14:17;110;com vítima;95;BR-290/RS;Leste;Colisão - Lateral;1;0;0;1;0;0;0;0;0;0;1;2;0;0;0
16/09/2019;18:03:17;178;com vítima;343;BR-386/RS;Ambos;Colisão - Transversal;2;0;0;0;0;0;0;0;0;0;0;1;0;0;0
16/09/2019;18:28:47;184;com vítima;70;BR-290/RS;Oeste;Colisão - Traseira;2;0;0;0;0;0;0;0;0;0;1;1;0;0;0
16/09/2019;22:59:28;209;com vítima;423;BR-386/RS;Sul;Colisão - Lateral;1;0;0;0;0;0;0;0;0;0;0;2;0;0;0
17/09/2019;00:30:21;2;com vítima;64;BR-290/RS;Oeste;Tombamento;0;0;1;0;0;0;0;0;0;0;0;2;0;0;0
17/09/2019;05:50:27;17;Sem vítima;379;BR-386/RS;Sul;Queda de ribanceira;1;0;0;0;0;0;0;0;0;0;3;0;0;0;0
17/09/2019;07:04:04;21;com vítima;243;BR-386/RS;Norte;Colisão - Transversal;2;0;0;0;0;0;0;0;0;0;0;0;1;1;0
17/09/2019;07:14:41;24;com vítima;349;BR-386/RS;Ambos;;3;0;0;0;0;0;0;0;0;0;3;1;0;0;0
17/09/2019;09:10:28;42;Sem vítima;252;BR-386/RS;Norte;Colisão - Traseira;1;0;0;0;1;0;0;0;1;0;3;0;0;0;0
17/09/2019;09:28:57;43;com vítima;36;BR-101/RS;Sul;Queda de ribanceira;1;0;0;0;0;0;0;0;0;0;0;0;1;0;0
17/09/2019;13:49:26;75;Sem vítima;410;BR-386/RS;Ambos;;1;0;0;0;0;0;0;0;0;0;1;0;0;0;0
17/09/2019;13:57:28;78;Sem vítima;92;BR-290/RS;Oeste;Colisão - Traseira;0;0;2;0;0;0;0;0;0;0;2;0;0;0;0
17/09/2019;14:13:03;81;Sem vítima;435;BR-386/RS;Sul;;3;0;0;0;0;0;0;0;0;0;3;0;0;0;0
17/09/2019;14:45:27;82;Sem vítima;20;BR-448/RS;Sul;Colisão - Traseira;2;0;0;0;0;0;0;0;0;0;4;0;0;0;0
17/09/2019;16:34:25;93;Sem vítima;16;BR-290/RS;Oeste;Queda de ribanceira;1;0;0;0;0;0;0;0;0;0;1;0;0;0;0
17/09/2019;16:55:41;96;Sem vítima;35;BR-290/RS;Leste;Queda de ribanceira;1;0;0;0;0;0;0;0;0;0;1;0;0;0;0
17/09/2019;17:48:02;105;Sem vítima;222;BR-386/RS;Sul;Queda de ribanceira;0;0;1;0;0;0;0;0;0;0;1;0;0;0;0
17/09/2019;18:24:54;110;com vítima;346;BR-386/RS;Sul;Colisão - Traseira;1;0;0;1;0;0;0;0;0;0;1;1;0;0;0
17/09/2019;20:01:14;120;Sem vítima;390;BR-386/RS;Sul;Queda de moto;1;0;0;1;0;0;0;0;0;0;3;0;0;0;0
17/09/2019;20:29:41;124;Sem vítima;96;BR-290/RS;Oeste;Colisão - Traseira;1;0;1;0;0;0;0;0;0;0;2;0;0;0;0
17/09/2019;22:28:50;134;Sem vítima;96;BR-290/RS;Oeste;Queda de ribanceira;1;0;0;0;0;0;0;0;0;0;1;0;0;0;0
18/09/2019;07:32:34;31;Sem vítima;39;BR-290/RS;Leste;Queda de ribanceira;0;0;1;0;0;0;0;0;0;0;1;0;0;0;0
18/09/2019;07:51:02;38;Sem vítima;20,21;BR-448/RS;Sul;Engavetamento;3;0;0;0;0;0;0;0;0;0;4;0;0;0;0
18/09/2019;08:55:15;47;Sem vítima;91,29;BR-290/RS;Oeste;Colisão - Traseira;2;0;0;0;0;0;0;0;0;0;3;0;0;0;0
18/09/2019;11:41:07;74;Sem vítima;84;BR-101/RS;Sul;Tombamento;1;0;0;0;0;0;0;0;0;0;1;0;0;0;0
18/09/2019;12:15:28;81;com vítima;86;BR-101/RS;Sul;Tombamento;1;0;0;0;0;0;0;0;0;0;0;0;1;0;0
18/09/2019;15:26:00;110;com vítima;379;BR-386/RS;Norte;Saída de pista;1;0;0;0;0;0;0;0;0;0;0;1;0;0;0
18/09/2019;21:00:15;180;Sem vítima;435;BR-386/RS;Norte;Queda de ribanceira;1;0;0;0;0;0;0;0;0;0;1;0;0;0;0
18/09/2019;21:27:29;185;Sem vítima;32;BR-290/RS;Oeste;Queda de ribanceira;0;0;2;0;0;0;0;0;0;0;1;0;0;0;0
18/09/2019;23:17:31;195;com vítima;362,07;BR-386/RS;Norte;Tombamento;0;0;1;0;0;0;0;0;0;0;0;1;0;0;0
19/09/2019;01:26:25;6;Sem vítima;428;BR-386/RS;Norte;Queda de ribanceira;1;0;0;0;0;0;0;0;0;0;1;0;0;0;0
19/09/2019;05:24:49;16;com vítima;88;BR-290/RS;Leste;Colisão - Traseira;2;0;0;0;0;0;0;0;0;0;0;0;1;0;0
19/09/2019;08:07:26;49;com vítima;375;BR-386/RS;Norte;Saída de pista;1;0;0;0;0;0;0;0;0;0;0;1;0;0;0
19/09/2019;15:31:05;130;Sem vítima;76;BR-290/RS;Leste;Queda de moto;0;0;0;1;0;0;0;0;0;0;1;0;0;0;0
19/09/2019;15:42:51;134;Sem vítima;91;BR-290/RS;Leste;Capotamento;1;0;1;0;0;0;0;0;0;0;1;0;0;0;0
19/09/2019;15:50:28;135;Sem vítima;87;BR-290/RS;Oeste;Choque Defensa;2;0;0;0;1;0;0;0;1;0;2;0;0;0;0
19/09/2019;16:42:13;151;com vítima;259;BR-386/RS;Sul;Capotamento;1;0;0;0;0;0;0;0;0;0;0;1;0;0;0
19/09/2019;16:54:41;156;Sem vítima;261;BR-386/RS;Norte;Saída de pista;0;0;1;0;0;0;0;0;0;0;1;0;0;0;0
19/09/2019;17:12:38;160;com vítima;405;BR-386/RS;Sul;Colisão - Lateral;2;0;0;0;0;0;0;0;0;0;2;1;0;0;0
19/09/2019;18:35:47;183;Sem vítima;349;BR-386/RS;Sul;Colisão - Traseira;1;0;0;0;0;0;0;0;0;0;1;0;0;0;0
19/09/2019;19:29:43;191;com vítima;228;BR-386/RS;Sul;Queda de ribanceira;1;0;0;0;0;0;0;0;0;0;1;1;0;0;0
19/09/2019;21:00:10;209;Sem vítima;24;BR-290/RS;Leste;Queda de ribanceira;1;0;0;0;0;0;0;0;0;0;1;0;0;0;0
20/09/2019;00:09:35;4;Sem vítima;182;BR-386/RS;Sul;Outros;1;0;0;0;0;0;0;0;0;0;4;0;0;0;0
20/09/2019;02:08:32;244;Sem vítima;26;BR-290/RS;Oeste;Atropelamento de Animal;1;0;0;0;0;0;0;0;0;0;4;0;0;0;0
20/09/2019;05:13:53;256;com vítima;82;BR-101/RS;Norte;Colisão - Traseira;2;0;0;0;0;0;0;0;0;0;1;2;0;0;0
20/09/2019;07:10:50;272;Sem vítima;248;BR-386/RS;Norte;Queda de ribanceira;1;0;0;0;0;0;0;0;0;0;1;0;0;0;0
20/09/2019;15:14:14;403;Sem vítima;22;BR-290/RS;Leste;Queda de ribanceira;1;0;0;0;0;0;0;0;0;0;2;0;0;0;0
20/09/2019;20:07:02;435;com vítima;356;BR-386/RS;Sul;Queda de moto;1;0;0;0;0;0;0;0;0;0;0;1;0;0;0
20/09/2019;20:27:56;436;com vítima;369,27;BR-386/RS;Norte;Atropelamento de Animal;0;0;0;2;0;0;0;0;0;0;0;0;0;1;0
20/09/2019;22:18:31;444;Sem vítima;63;BR-101/RS;Norte;Capotamento;1;0;0;0;0;0;0;0;0;0;2;0;0;0;0
21/09/2019;03:44:11;15;Sem vítima;69;BR-101/RS;Sul;Queda de ribanceira;0;0;1;0;0;0;0;0;0;0;1;0;0;0;0
21/09/2019;03:52:21;16;com vítima;429;BR-386/RS;Norte;Tombamento;1;0;0;0;0;0;0;0;0;0;0;0;1;0;0
21/09/2019;06:10:21;20;Sem vítima;346;BR-386/RS;Sul;Queda de ribanceira;1;0;0;0;0;0;0;0;0;0;2;0;0;0;0
21/09/2019;06:27:00;21;Sem vítima;43;BR-101/RS;Sul;Choque Barreira;1;0;0;0;0;0;0;0;0;0;2;0;0;0;0
21/09/2019;13:59:08;93;Sem vítima;25;BR-290/RS;Leste;Colisão - Traseira;2;0;0;0;0;0;0;0;0;0;2;0;0;0;0
22/09/2019;07:02:26;21;com vítima;48;BR-290/RS;Oeste;Capotamento;1;0;0;0;0;0;0;0;0;0;0;1;0;0;0
22/09/2019;10:29:03;62;com vítima;31;BR-290/RS;Leste;Queda de moto;0;0;0;1;0;0;0;0;0;0;0;1;1;0;0
22/09/2019;10:45:44;66;Sem vítima;95;BR-290/RS;Oeste;Colisão - Traseira;2;0;0;0;0;0;0;0;0;0;2;0;0;0;0
22/09/2019;12:37:48;91;Sem vítima;92;BR-290/RS;Leste;Colisão - Lateral;2;0;0;0;0;0;0;0;0;0;3;0;0;0;0
22/09/2019;14:11:55;111;Sem vítima;257;BR-386/RS;Sul;Colisão - Traseira;3;0;0;0;0;0;0;0;0;0;2;0;0;0;0
22/09/2019;14:20:21;113;Sem vítima;322;BR-386/RS;Sul;Colisão - Lateral;2;0;0;0;0;0;0;0;0;0;1;0;0;0;0
22/09/2019;14:42:23;120;Sem vítima;393;BR-386/RS;Sul;Colisão - Traseira;1;0;1;0;0;0;0;0;0;0;1;0;0;0;0
22/09/2019;15:25:52;135;Sem vítima;392;BR-386/RS;Sul;;2;0;0;0;0;0;0;0;0;0;1;0;0;0;0
22/09/2019;16:20:24;155;Sem vítima;97;BR-290/RS;Leste;Engavetamento;3;0;0;0;0;0;0;0;0;0;7;0;0;0;0
22/09/2019;19:16:17;192;com vítima;349;BR-386/RS;Norte;;1;0;0;0;0;0;0;0;0;0;0;0;1;0;0
22/09/2019;19:46:16;199;Sem vítima;24;BR-101/RS;Sul;Engavetamento;3;0;1;0;0;0;0;0;0;0;8;0;0;0;0
22/09/2019;21:02:13;210;com vítima;216;BR-386/RS;Sul;Atropelamento - Andarilho;2;0;0;0;0;0;0;0;0;0;0;0;0;0;1
23/09/2019;02:47:55;10;com vítima;76;BR-290/RS;Oeste;Colisão - Traseira;1;0;1;0;0;0;0;0;0;0;4;1;0;0;0
23/09/2019;05:47:22;17;com vítima;365;BR-386/RS;Sul;Capotamento;1;0;0;0;0;0;0;0;0;0;1;1;0;0;0
23/09/2019;09:46:32;78;com vítima;34;BR-101/RS;Norte;Atropelamento - Morador/Trabalhador/Estudante;0;0;1;0;0;0;0;0;0;0;0;0;0;1;0
23/09/2019;10:28:32;86;Sem vítima;433;BR-386/RS;Sul;Choque com objeto sobre a pista;1;0;0;0;0;0;0;0;0;0;1;0;0;0;0
23/09/2019;11:44:35;102;Sem vítima;71;BR-290/RS;Leste;Saída de pista;1;0;0;0;0;0;0;0;0;0;1;0;0;0;0
23/09/2019;12:05:36;107;Sem vítima;350;BR-386/RS;Sul;Queda de moto;0;0;0;1;0;0;0;0;0;0;1;0;0;0;0
23/09/2019;13:40:58;125;Sem vítima;2;BR-448/RS;Norte;Choque Defensa;1;0;0;0;0;0;0;0;0;0;1;0;0;0;0
23/09/2019;14:34:33;136;Sem vítima;99;BR-290/RS;Leste;Colisão - Traseira;1;0;0;0;0;0;0;0;0;0;1;0;0;0;0
23/09/2019;15:07:33;144;com vítima;413;BR-386/RS;Sul;Colisão - Frontal;2;0;0;0;0;0;0;0;0;0;0;3;1;0;0
24/09/2019;01:21:32;7;Sem vítima;54;BR-290/RS;Leste;Atropelamento de Animal;1;0;0;0;0;0;0;0;0;0;1;0;0;0;0
24/09/2019;15:38:25;144;com vítima;54;BR-290/RS;Oeste;Colisão - Traseira;2;0;0;0;0;0;0;0;0;0;3;1;0;0;0
24/09/2019;17:15:31;163;com vítima;21;BR-448/RS;Ambos;Colisão - Lateral;1;0;0;1;0;0;0;0;0;0;0;1;0;0;0
24/09/2019;21:42:23;210;Sem vítima;219;BR-386/RS;Norte;Atropelamento de Animal;1;0;0;0;0;0;0;0;0;0;1;0;0;0;0
25/09/2019;11:04:21;96;com vítima;58;BR-290/RS;Oeste;Queda de ribanceira;1;0;0;0;0;0;0;0;0;0;0;0;1;0;0
25/09/2019;16:23:55;153;com vítima;441;BR-386/RS;Sul;Queda de moto;0;0;0;1;0;0;0;0;0;0;0;1;0;0;0
25/09/2019;18:37:30;184;com vítima;435;BR-386/RS;Norte;Colisão - Frontal;1;0;0;1;0;0;0;0;0;0;1;0;1;0;0
26/09/2019;05:07:48;18;Sem vítima;70;BR-290/RS;Oeste;Queda de ribanceira;1;0;0;0;0;0;0;0;0;0;1;0;0;0;0
26/09/2019;06:27:39;20;Sem vítima;283;BR-386/RS;Norte;Queda de ribanceira;1;0;0;0;0;0;0;0;0;0;1;0;0;0;0
26/09/2019;08:29:58;60;com vítima;95;BR-290/RS;Oeste;Colisão - Lateral;1;0;0;1;0;0;0;0;0;0;1;2;0;0;0
26/09/2019;10:50:45;94;com vítima;337;BR-386/RS;Norte;Colisão - Transversal;2;0;0;0;0;0;0;0;0;0;2;2;0;0;0
26/09/2019;13:08:55;105;Sem vítima;45;BR-101/RS;Sul;Colisão - Traseira;2;0;0;0;0;0;0;0;0;0;1;0;0;0;0
26/09/2019;14:57:18;124;Sem vítima;352;BR-386/RS;Norte;Colisão - Lateral;1;0;1;0;0;0;0;0;0;0;2;0;0;0;0
26/09/2019;16:24:54;135;Sem vítima;336;BR-386/RS;Norte;Colisão - Traseira;3;0;0;0;0;0;0;0;0;0;6;0;0;0;0
26/09/2019;17:42:08;149;Sem vítima;343;BR-386/RS;Sul;Colisão - Traseira;1;0;0;1;0;0;0;0;0;0;2;0;0;0;0
26/09/2019;18:17:15;158;Sem vítima;31;BR-101/RS;Sul;Choque com objeto sobre a pista;1;0;0;0;0;0;0;0;0;0;1;0;0;0;0
26/09/2019;22:45:55;190;com vítima;180;BR-386/RS;Sul;Atropelamento - Andarilho;1;0;0;0;0;0;0;0;0;0;1;0;1;0;0
27/09/2019;04:44:13;7;Sem vítima;84;BR-101/RS;Norte;Queda de ribanceira;1;0;0;0;0;0;0;0;0;0;1;0;0;0;0
27/09/2019;10:59:39;104;com vítima;35;BR-101/RS;Norte;Queda de ribanceira;1;0;0;0;0;0;0;0;0;0;0;1;0;0;0
27/09/2019;11:49:21;109;com vítima;69;BR-290/RS;Oeste;Capotamento;0;0;1;0;0;0;0;0;0;0;0;1;0;0;0
27/09/2019;18:47:29;183;Sem vítima;7;BR-101/RS;Sul;Colisão - Lateral;2;0;0;0;0;0;0;0;0;0;4;0;0;0;0
27/09/2019;18:58:25;187;Sem vítima;427;BR-386/RS;Ambos;Colisão - Traseira;2;0;0;0;0;0;0;0;0;0;2;0;0;0;0
27/09/2019;19:12:17;189;Sem vítima;240;BR-386/RS;Sul;Colisão - Traseira;2;0;1;0;0;0;0;0;0;0;11;0;0;0;0
27/09/2019;20:00:25;197;Sem vítima;362;BR-386/RS;Sul;;1;0;0;0;0;0;0;0;0;0;1;0;0;0;0
28/09/2019;00:39:44;2;com vítima;274;BR-386/RS;Sul;Atropelamento - Andarilho;0;0;0;0;0;0;0;0;0;0;0;0;0;0;1
28/09/2019;06:40:09;29;com vítima;15;BR-290/RS;Leste;Queda de moto;0;0;0;1;0;0;0;0;0;0;0;2;0;0;0
28/09/2019;09:02:42;70;com vítima;343;BR-386/RS;Norte;Colisão - Lateral;0;0;0;2;0;0;0;0;0;0;0;2;0;0;0
28/09/2019;09:32:18;79;Sem vítima;98;BR-290/RS;Leste;Queda de ribanceira;1;0;0;0;0;0;0;0;0;0;1;0;0;0;0
28/09/2019;10:05:42;86;Sem vítima;86;BR-290/RS;Leste;Queda de ribanceira;1;0;0;0;0;0;0;0;0;0;1;0;0;0;0
28/09/2019;10:37:49;95;com vítima;1;BR-290/RS;Ambos;Capotamento;1;0;0;0;0;0;0;0;0;0;1;2;0;1;0
28/09/2019;15:47:48;154;com vítima;20;BR-101/RS;Norte;Colisão - Traseira;1;0;1;0;0;0;0;0;0;0;2;1;0;0;0
29/09/2019;00:31:22;1;Sem vítima;79;BR-290/RS;Leste;Queda de ribanceira;1;0;0;0;0;0;0;0;0;0;1;0;0;0;0
29/09/2019;04:53:44;20;com vítima;52;BR-290/RS;Leste;Queda de ribanceira;1;0;0;0;0;0;0;0;0;0;0;1;0;0;0
29/09/2019;06:57:45;28;Sem vítima;440;BR-386/RS;Norte;Queda de ribanceira;1;0;0;0;0;0;0;0;0;0;1;0;0;0;0
29/09/2019;09:47:49;66;Sem vítima;92;BR-290/RS;Leste;Colisão - Lateral;1;0;0;0;0;1;0;0;0;0;5;0;0;0;0
29/09/2019;14:28:44;100;com vítima;430;BR-386/RS;Ambos;Colisão - Frontal;1;0;0;1;0;0;0;0;0;0;1;0;1;1;0
29/09/2019;14:39:47;102;com vítima;96;BR-290/RS;Oeste;Atropelamento - Esportista;1;0;0;0;0;0;0;0;0;0;1;1;0;0;0
29/09/2019;14:56:28;107;Sem vítima;233;BR-386/RS;Norte;Colisão - Lateral;3;0;0;0;0;0;0;0;0;0;6;0;0;0;0
29/09/2019;16:57:33;131;com vítima;94;BR-290/RS;Oeste;Saída de pista;1;0;0;0;0;0;0;0;0;0;1;1;0;0;0
29/09/2019;18:01:20;143;Sem vítima;92;BR-290/RS;Oeste;Colisão - Traseira;2;0;0;0;0;0;0;0;0;0;3;0;0;0;0
29/09/2019;19:04:02;157;Sem vítima;91;BR-290/RS;Leste;;2;0;0;0;0;0;0;0;0;0;5;0;0;0;0
29/09/2019;20:24:20;170;com vítima;372;BR-386/RS;Sul;Queda de ribanceira;1;0;0;0;0;0;0;0;0;0;0;1;0;0;0
29/09/2019;22:40:29;188;Sem vítima;86;BR-290/RS;Leste;Colisão - Traseira;2;0;0;0;0;0;0;0;0;0;4;0;0;0;0
29/09/2019;23:01:04;190;Sem vítima;407;BR-386/RS;Sul;Queda de ribanceira;1;0;0;0;0;0;0;0;0;0;1;0;0;0;0
29/09/2019;23:27:29;196;Sem vítima;92;BR-290/RS;Leste;Queda de ribanceira;1;0;0;0;0;0;0;0;0;0;1;0;0;0;0
30/09/2019;00:10:01;1;Sem vítima;92;BR-290/RS;Leste;Capotamento;1;0;0;0;0;0;0;0;0;0;1;0;0;0;0
30/09/2019;07:21:47;36;Sem vítima;44;BR-290/RS;Oeste;Capotamento;1;0;0;0;0;0;0;0;0;0;2;0;0;0;0
30/09/2019;07:46:23;43;Sem vítima;92;BR-290/RS;Leste;Colisão - Lateral;1;0;0;0;0;1;0;0;0;0;1;0;0;0;0
30/09/2019;15:34:19;166;Sem vítima;77;BR-290/RS;Oeste;Colisão - Traseira;2;0;0;0;0;0;0;0;0;0;2;0;0;0;0
30/09/2019;19:45:33;216;Sem vítima;285;BR-386/RS;Sul;Engavetamento;1;0;3;0;0;0;0;0;0;0;5;0;0;0;0
30/09/2019;21:12:13;234;com vítima;96,04;BR-290/RS;Leste;Capotamento;1;0;0;0;0;0;0;0;0;0;0;0;1;0;0
30/09/2019;21:32:43;236;Sem vítima;68;BR-290/RS;Oeste;Queda de ribanceira;1;0;0;0;0;0;0;0;0;0;2;0;0;0;0
30/09/2019;21:40:23;237;com vítima;359;BR-386/RS;Norte;Colisão - Traseira;2;0;0;0;0;0;0;0;0;0;0;1;0;0;0
30/09/2019;23:54:51;245;com vítima;9;BR-101/RS;Sul;Atropelamento - Usuário;1;0;0;0;0;0;0;0;0;0;0;0;0;1;0
01/10/2019;05:11:56;14;com vítima;406,14;BR-386/RS;Norte;Colisão - Traseira;0;0;0;1;0;0;0;0;0;0;0;0;0;0;1
01/10/2019;12:30:27;119;Sem vítima;98;BR-290/RS;Oeste;Colisão - Traseira;1;0;0;0;0;0;0;0;0;0;4;0;0;0;0
01/10/2019;15:38:37;156;Sem vítima;440;BR-386/RS;Sul;Colisão - Lateral;1;0;1;0;0;0;0;0;0;0;1;0;0;0;0
01/10/2019;15:56:02;161;com vítima;345;BR-386/RS;Sul;Queda de moto;0;0;0;1;0;0;0;0;0;0;0;1;0;0;0
01/10/2019;18:14:17;197;com vítima;19;BR-448/RS;Norte;Colisão - Lateral;1;0;0;0;0;0;0;0;0;0;0;1;0;0;0
01/10/2019;19:02:34;202;Sem vítima;12;BR-101/RS;Sul;Colisão - Transversal;3;0;0;0;0;1;0;0;0;0;7;0;0;0;0
01/10/2019;21:33:10;227;Sem vítima;91;BR-290/RS;Leste;Colisão - Transversal;1;0;1;0;0;0;0;0;0;0;2;0;0;0;0
01/10/2019;22:36:49;235;com vítima;33;BR-101/RS;Norte;Colisão - Traseira;0;0;2;0;0;0;0;0;0;0;1;1;0;0;0
01/10/2019;23:58:24;236;com vítima;407;BR-386/RS;Sul;Queda de ribanceira;1;0;0;0;0;0;0;0;0;0;1;0;1;0;0
02/10/2019;05:44:10;10;com vítima;273;BR-386/RS;Norte;Tombamento;1;0;-1;0;1;0;0;0;0;0;0;0;1;0;0
02/10/2019;09:18:30;50;com vítima;342;BR-386/RS;Norte;Colisão - Traseira;1;0;0;1;0;0;0;0;0;0;1;0;1;0;0
02/10/2019;13:27:35;97;Sem vítima;354;BR-386/RS;Norte;Capotamento;1;0;0;0;0;0;0;0;0;0;1;0;0;0;0
02/10/2019;16:12:27;119;Sem vítima;361;BR-386/RS;Ambos;Queda de ribanceira;0;0;1;0;0;0;0;0;0;0;1;0;0;0;0
02/10/2019;16:24:58;123;Sem vítima;379;BR-386/RS;Norte;Queda de ribanceira;1;0;0;0;0;0;0;0;0;0;2;0;0;0;0
02/10/2019;16:38:22;126;Sem vítima;91;BR-290/RS;Ambos;Saída de pista;1;0;0;0;0;0;0;0;0;0;1;0;0;0;0
02/10/2019;16:49:04;129;Sem vítima;405,41;BR-386/RS;Sul;Saída de pista;1;0;0;0;0;0;0;0;0;0;1;0;0;0;0
02/10/2019;18:34:49;151;Sem vítima;10;BR-290/RS;Leste;Queda de ribanceira;1;0;0;0;0;0;0;0;0;0;1;0;0;0;0
03/10/2019;05:21:30;17;Sem vítima;261;BR-386/RS;Norte;Queda de ribanceira;0;0;0;0;0;0;0;0;0;0;5;0;0;0;0
03/10/2019;07:01:58;22;Sem vítima;395;BR-386/RS;Sul;Capotamento;1;0;0;0;0;0;0;0;0;0;1;0;0;0;0
03/10/2019;07:29:46;27;Sem vítima;401;BR-386/RS;Ambos;Queda de ribanceira;1;0;0;0;0;0;0;0;0;0;2;0;0;0;0
03/10/2019;07:59:52;39;com vítima;319;BR-386/RS;Ambos;Colisão - Lateral;1;0;0;0;1;0;0;0;0;0;1;1;0;1;0
03/10/2019;12:04:06;89;com vítima;54;BR-290/RS;Oeste;Choque Defensa;1;0;0;0;0;0;0;0;0;0;2;1;0;0;0
03/10/2019;14:42:33;108;Sem vítima;417;BR-386/RS;Norte;Colisão - Lateral;1;0;1;0;0;0;0;0;0;0;1;0;0;0;0
03/10/2019;16:58:57;127;com vítima;80;BR-101/RS;Sul;Tombamento;1;0;-1;0;1;0;0;0;0;0;0;0;1;0;0
03/10/2019;19:26:04;146;com vítima;12;BR-448/RS;Sul;Atropelamento - Andarilho;1;0;0;0;0;0;0;0;0;0;0;0;0;0;1
03/10/2019;21:39:08;159;Sem vítima;86;BR-290/RS;Leste;Colisão - Lateral;1;0;0;0;0;0;0;0;0;0;3;0;0;0;0
04/10/2019;00:12:34;1;Sem vítima;204;BR-386/RS;Norte;Queda de ribanceira;0;0;2;0;0;0;0;0;0;0;1;0;0;0;0
04/10/2019;05:52:08;12;Sem vítima;397;BR-386/RS;Sul;Colisão - Lateral;2;0;-1;0;1;0;0;0;0;0;2;0;0;0;0
04/10/2019;06:41:28;18;Sem vítima;4;BR-290/RS;Oeste;Queda de ribanceira;1;0;0;0;0;0;0;0;0;0;1;0;0;0;0
04/10/2019;07:25:48;27;Sem vítima;14;BR-290/RS;Leste;;1;0;0;0;0;0;0;0;0;0;1;0;0;0;0
04/10/2019;07:30:13;29;Sem vítima;52;BR-290/RS;Oeste;Queda de ribanceira;1;0;0;0;0;0;0;0;0;0;1;0;0;0;0
04/10/2019;07:49:58;37;com vítima;14;BR-290/RS;Leste;Queda de ribanceira;1;0;0;0;0;0;0;0;0;0;0;0;1;0;0
04/10/2019;08:04:51;43;com vítima;94;BR-290/RS;Oeste;Colisão - Traseira;1;0;0;1;0;0;0;0;0;0;2;0;1;0;0
04/10/2019;08:28:54;50;com vítima;350;BR-386/RS;Sul;Choque - Sinalização;1;0;0;0;0;0;0;0;0;0;0;1;0;0;0
04/10/2019;10:07:38;71;Sem vítima;92;BR-290/RS;Leste;Choque Defensa;1;0;0;0;0;0;0;0;0;0;1;0;0;0;0
04/10/2019;10:51:10;78;Sem vítima;361;BR-386/RS;Norte;Colisão - Lateral;2;0;-1;0;1;0;0;0;0;0;5;0;0;0;0
04/10/2019;12:04:45;88;com vítima;362;BR-386/RS;Sul;Queda de ribanceira;1;0;0;0;0;0;0;0;0;0;1;3;0;0;0
04/10/2019;13:36:51;103;com vítima;360;BR-386/RS;Norte;Choque Defensa;1;0;0;0;0;0;0;0;0;0;0;2;0;0;0
04/10/2019;14:30:31;114;com vítima;38;BR-290/RS;Leste;Queda de ribanceira;1;0;0;0;0;0;0;0;0;0;2;0;1;0;0
04/10/2019;15:18:48;121;Sem vítima;408;BR-386/RS;Sul;Colisão - Lateral;1;0;1;0;0;0;0;0;0;0;2;0;0;0;0
04/10/2019;15:23:12;123;Sem vítima;307;BR-386/RS;Sul;Tombamento;0;0;1;0;0;0;0;0;0;0;1;0;0;0;0