data;horario;n_da_ocorrencia;tipo_de_ocorrencia;km;trecho;sentido;tipo_de_acidente;automovel;bicicleta;caminhao;moto;onibus;outros;tracao_animal;transporte_de_cargas_especiais;trator_maquinas;utilitarios;ilesos;levemente_feridos;moderadamente_feridos;gravemente_feridos;mortos
04/10/2019;17:01:15;145;Sem vítima;95,14;BR-290/RS;Leste;Colisão - Lateral;1;0;2;0;0;0;0;0;0;0;2;0;0;0;0
04/10/2019;20:15:36;182;Sem vítima;358;BR-386/RS;Sul;Saída de pista;1;0;0;0;0;0;0;0;0;0;1;0;0;0;0
04/10/2019;22:28:17;198;com vítima;73,21;BR-290/RS;Leste;Atropelamento de Animal;1;0;0;0;0;0;0;0;0;0;0;0;1;0;0
04/10/2019;23:34:34;207;Sem vítima;236;BR-386/RS;Norte;Queda de ribanceira;1;0;0;0;0;0;0;0;0;0;2;0;0;0;0
05/10/2019;06:05:48;23;Sem vítima;5;BR-290/RS;Leste;Queda de ribanceira;1;0;0;0;0;0;0;0;0;0;1;0;0;0;0
05/10/2019;08:17:07;38;com vítima;346;BR-386/RS;Norte;Queda de ribanceira;1;0;0;0;0;0;0;0;0;0;0;0;1;0;0
05/10/2019;09:42:47;48;com vítima;99,16;BR-290/RS;Oeste;Tombamento;0;0;1;0;0;0;0;0;0;0;1;1;0;0;0
05/10/2019;15:07:57;95;com vítima;86;BR-290/RS;Leste;Queda de ribanceira;1;0;0;0;0;0;0;0;0;0;0;1;2;0;0
05/10/2019;15:10:22;96;Sem vítima;10;BR-448/RS;Norte;Queda de ribanceira;1;0;0;0;0;0;0;0;0;0;1;0;0;0;0
05/10/2019;15:14:08;98;Sem vítima;337;BR-386/RS;Sul;Queda de ribanceira;1;0;0;0;0;0;0;0;0;0;1;0;0;0;0
05/10/2019;16:02:23;103;Sem vítima;354;BR-386/RS;Sul;Queda de ribanceira;1;0;0;0;0;0;0;0;0;0;4;0;0;0;0
05/10/2019;16:39:03;113;Sem vítima;435;BR-386/RS;Sul;Queda de ribanceira;0;0;1;0;0;0;0;0;0;0;2;0;0;0;0
05/10/2019;22:56:40;154;Sem vítima;346;BR-386/RS;Sul;Queda de ribanceira;1;0;0;0;0;0;0;0;0;0;2;0;0;0;0
06/10/2019;05:05:08;15;com vítima;32;BR-290/RS;Leste;Queda de ribanceira;1;0;0;0;0;0;0;0;0;0;4;1;0;0;0
06/10/2019;05:27:53;17;Sem vítima;86;BR-290/RS;Leste;Queda de ribanceira;1;0;0;0;0;0;0;0;0;0;2;0;0;0;0
06/10/2019;11:12:45;48;com vítima;411;BR-386/RS;Norte;Colisão - Traseira;0;0;1;2;0;0;0;0;0;0;0;1;0;1;0
06/10/2019;11:25:23;50;Sem vítima;244;BR-386/RS;Sul;;1;0;0;0;0;0;0;0;0;0;1;0;0;0;0
06/10/2019;11:43:13;51;Sem vítima;58;BR-101/RS;Sul;Queda de ribanceira;1;0;0;0;0;0;0;0;0;0;1;0;0;0;0
06/10/2019;16:48:08;85;Sem vítima;10;BR-290/RS;Oeste;Colisão - Lateral;2;0;0;0;0;0;0;0;0;0;5;0;0;0;0
06/10/2019;20:44:55;120;Sem vítima;72;BR-101/RS;Norte;Queda de ribanceira;1;0;0;0;0;0;0;0;0;0;1;0;0;0;0
06/10/2019;23:17:17;139;com vítima;92;BR-290/RS;Leste;Queda de moto;0;0;0;1;0;0;0;0;0;0;0;1;0;0;0
07/10/2019;07:21:00;33;com vítima;443;BR-386/RS;Norte;Colisão - Frontal;2;0;0;1;0;0;0;0;0;0;1;3;0;0;1
07/10/2019;07:48:22;47;com vítima;22;BR-448/RS;Sul;Colisão - Lateral;1;0;0;1;0;0;0;0;0;0;1;1;0;0;0
07/10/2019;08:49:05;62;Sem vítima;10;BR-448/RS;Sul;Choque Defensa;1;0;0;0;0;0;0;0;0;0;1;0;0;0;0
07/10/2019;09:08:44;68;Sem vítima;20;BR-448/RS;Norte;Colisão - Traseira;1;0;1;0;0;0;0;0;0;0;2;0;0;0;0
07/10/2019;10:57:40;101;Sem vítima;96;BR-290/RS;Oeste;Colisão - Lateral;1;0;0;1;0;0;0;0;0;0;2;0;0;0;0
07/10/2019;13:11:00;120;com vítima;75;BR-290/RS;Oeste;Atropelamento - Andarilho;0;0;1;0;0;0;0;0;0;0;1;1;0;0;0
07/10/2019;15:22:58;147;com vítima;370;BR-386/RS;Sul;Colisão - Traseira;1;0;0;0;1;0;0;0;0;0;1;1;0;0;0
07/10/2019;16:48:20;168;com vítima;333;BR-386/RS;Norte;Engavetamento;3;0;0;0;0;0;0;0;0;0;4;2;0;0;0
07/10/2019;18:20:51;184;Sem vítima;88;BR-290/RS;Leste;Colisão - Lateral;1;0;0;1;0;0;0;0;0;0;2;0;0;0;0
07/10/2019;19:40:38;197;Sem vítima;328;BR-386/RS;Norte;Colisão - Traseira;2;0;-1;0;1;0;0;0;0;0;2;0;0;0;0
08/10/2019;13:16:51;114;Sem vítima;77;BR-290/RS;Oeste;Colisão - Traseira;4;0;0;0;0;0;0;0;0;0;5;0;0;0;0
08/10/2019;15:08:27;137;Sem vítima;210;BR-386/RS;Ambos;Colisão - Lateral;2;0;0;0;0;0;0;0;0;0;5;0;0;0;0
09/10/2019;05:41:36;26;com vítima;91;BR-290/RS;Leste;Queda de ribanceira;1;0;0;0;0;0;0;0;0;0;0;0;1;1;0
09/10/2019;08:10:30;69;com vítima;346;BR-386/RS;Norte;Colisão - Traseira;1;0;0;1;0;0;0;0;0;0;2;1;0;0;0
09/10/2019;10:52:33;118;Sem vítima;249;BR-386/RS;Sul;Colisão - Lateral;2;0;0;0;0;0;0;0;0;0;3;0;0;0;0
09/10/2019;11:26:26;126;Sem vítima;253;BR-386/RS;Ambos;Colisão - Traseira;3;0;0;0;0;0;0;0;0;0;6;0;0;0;0
09/10/2019;14:27:24;151;Sem vítima;97;BR-290/RS;Oeste;Colisão - Traseira;3;0;0;0;0;0;0;0;0;0;3;0;0;0;0
09/10/2019;15:38:27;165;com vítima;23;BR-290/RS;Leste;Queda de ribanceira;1;0;0;0;0;0;0;0;0;0;1;0;1;0;0
09/10/2019;19:23:24;211;Sem vítima;249,5;BR-386/RS;Sul;Engavetamento;3;0;-2;0;2;0;0;0;0;0;3;0;0;0;0
10/10/2019;02:11:31;8;Sem vítima;424;BR-386/RS;Norte;Tombamento;1;0;-1;0;1;0;0;0;0;0;2;0;0;0;0
10/10/2019;07:21:51;36;com vítima;439;BR-386/RS;Norte;Colisão - Lateral;0;0;0;1;0;0;0;0;0;0;0;0;1;0;0
10/10/2019;09:00:19;77;Sem vítima;20;BR-448/RS;Sul;Colisão - Traseira;2;0;0;0;0;0;0;0;0;0;2;0;0;0;0
10/10/2019;14:43:05;154;Sem vítima;94;BR-290/RS;Oeste;Colisão - Traseira;2;0;-1;0;1;0;0;0;0;0;2;0;0;0;0
10/10/2019;15:39:09;167;Sem vítima;356;BR-386/RS;Norte;Colisão - Traseira;1;0;0;0;1;0;0;0;0;0;2;0;0;0;0
10/10/2019;19:24:42;217;com vítima;93;BR-290/RS;Oeste;Queda de moto;1;0;0;1;1;0;0;0;0;0;0;5;0;0;0
11/10/2019;04:40:57;12;Sem vítima;338;BR-386/RS;Sul;Queda de moto;0;0;0;1;0;0;0;0;0;0;1;0;0;0;0
11/10/2019;05:24:02;15;com vítima;34;BR-290/RS;Leste;Queda de ribanceira;1;0;0;0;0;0;0;0;0;0;0;1;1;0;0
11/10/2019;08:53:53;70;Sem vítima;77;BR-290/RS;Oeste;Colisão - Traseira;3;0;0;0;0;0;0;0;0;0;5;0;0;0;0
11/10/2019;13:15:22;139;Sem vítima;240;BR-386/RS;Sul;Colisão - Traseira;2;0;0;0;0;0;0;0;0;0;7;0;0;0;0
11/10/2019;14:24:32;160;Sem vítima;77;BR-101/RS;Sul;Queda de ribanceira;0;0;1;0;0;0;0;0;0;0;1;0;0;0;0
11/10/2019;15:46:13;194;com vítima;87;BR-101/RS;Ambos;Queda de ribanceira;1;0;0;0;0;0;0;0;0;0;0;0;1;0;0
11/10/2019;15:47:37;195;Sem vítima;44;BR-290/RS;Leste;Colisão - Traseira;2;0;0;0;0;0;0;0;0;0;2;0;0;0;0
11/10/2019;16:16:54;207;Sem vítima;19;BR-290/RS;Oeste;Colisão - Traseira;2;0;0;0;0;0;0;0;0;0;4;0;0;0;0
11/10/2019;17:11:30;228;Sem vítima;372;BR-386/RS;Ambos;;1;0;1;0;0;0;0;0;0;0;2;0;0;0;0
11/10/2019;17:35:02;240;com vítima;360;BR-386/RS;Ambos;Colisão - Lateral;2;0;0;0;0;0;0;0;0;0;1;1;0;0;0
11/10/2019;17:36:26;242;Sem vítima;417;BR-386/RS;Sul;Colisão - Traseira;2;0;0;0;0;0;0;0;0;0;3;0;0;0;0
11/10/2019;17:41:12;243;com vítima;343;BR-386/RS;Ambos;Colisão - Lateral;1;0;0;1;0;0;0;0;0;0;0;1;0;0;0
11/10/2019;18:12:15;257;com vítima;393;BR-386/RS;Sul;Queda de ribanceira;1;0;0;0;0;0;0;0;0;0;0;1;1;0;0
11/10/2019;23:18:17;341;Sem vítima;261;BR-386/RS;Norte;Queda de ribanceira;1;0;0;0;0;0;0;0;0;0;2;0;0;0;0
12/10/2019;02:41:35;24;Sem vítima;56;BR-290/RS;Leste;Tombamento;1;0;-1;0;1;0;0;0;0;0;1;0;0;0;0
12/10/2019;04:59:21;33;Sem vítima;40,2;BR-101/RS;Sul;Colisão - Lateral;1;0;0;0;0;0;0;0;0;0;2;0;0;0;0
12/10/2019;06:37:39;45;Sem vítima;443;BR-386/RS;Sul;;1;0;0;0;0;0;0;0;0;0;1;0;0;0;0
12/10/2019;07:03:22;51;com vítima;43;BR-290/RS;Leste;Colisão - Lateral;2;0;0;0;0;0;0;0;0;0;3;2;0;1;0
12/10/2019;09:09:08;97;Sem vítima;60;BR-290/RS;Leste;;2;0;0;0;0;0;0;0;0;0;2;0;0;0;0
12/10/2019;09:14:15;99;com vítima;71;BR-101/RS;Norte;Queda de moto;0;0;0;1;0;0;0;0;0;0;0;1;0;0;0
12/10/2019;10:16:38;120;Sem vítima;58;BR-290/RS;Leste;Colisão - Lateral;2;0;0;0;0;0;0;0;0;0;3;0;0;0;0
12/10/2019;19:42:05;280;Sem vítima;57;BR-290/RS;Oeste;Tombamento;0;0;1;0;0;0;0;0;0;0;1;0;0;0;0
12/10/2019;20:46:46;292;Sem vítima;19;BR-290/RS;Leste;Queda de ribanceira;1;0;0;0;0;0;0;0;0;0;2;0;0;0;0
12/10/2019;23:10:10;305;com vítima;2;BR-290/RS;Leste;;1;0;-1;0;1;0;0;0;0;0;1;17;2;0;0
13/10/2019;06:46:27;25;Sem vítima;347;BR-386/RS;Sul;;1;0;0;0;0;0;0;0;0;0;1;0;0;0;0
13/10/2019;09:29:37;42;com vítima;80;BR-290/RS;Oeste;Colisão - Traseira;1;0;0;1;0;0;0;0;0;0;0;1;0;0;0
13/10/2019;13:29:14;95;Sem vítima;77;BR-290/RS;Oeste;Colisão - Traseira;2;0;0;0;0;0;0;0;0;0;6;0;0;0;0
13/10/2019;15:09:52;110;Sem vítima;401;BR-386/RS;Norte;Saída de pista;1;0;0;0;0;0;0;0;0;0;2;0;0;0;0
13/10/2019;15:21:32;116;Sem vítima;417;BR-386/RS;Norte;Saída de pista;1;0;0;0;0;0;0;0;0;0;1;0;0;0;0
13/10/2019;15:36:45;121;Sem vítima;411;BR-386/RS;Ambos;Saída de pista;1;0;0;0;0;0;0;0;0;0;1;0;0;0;0
13/10/2019;17:04:08;146;com vítima;257;BR-386/RS;Norte;Colisão - Lateral;2;0;0;0;0;0;0;0;0;0;7;0;1;1;0
13/10/2019;17:22:04;150;Sem vítima;78;BR-290/RS;Oeste;;2;0;0;0;0;0;0;0;0;0;4;0;0;0;0
13/10/2019;18:09:21;166;Sem vítima;7,29;BR-101/RS;Norte;Outros;1;0;0;0;0;0;0;0;0;0;2;0;0;0;0
13/10/2019;18:11:33;167;Sem vítima;424;BR-386/RS;Sul;Engavetamento;3;0;0;0;0;0;0;0;0;0;3;0;0;0;0
13/10/2019;19:13:44;182;Sem vítima;68;BR-290/RS;Oeste;Queda de ribanceira;1;0;0;0;0;0;0;0;0;0;2;0;0;0;0
13/10/2019;19:15:26;183;com vítima;247;BR-386/RS;Sul;Atropelamento - Usuário;1;0;0;0;0;0;0;0;0;0;0;0;1;0;0
14/10/2019;02:50:39;17;Sem vítima;305;BR-386/RS;Norte;Queda de ribanceira;0;0;1;0;0;0;0;0;0;0;1;0;0;0;0
14/10/2019;07:52:57;51;Sem vítima;440;BR-386/RS;Sul;Queda de ribanceira;1;0;0;0;0;0;0;0;0;0;1;0;0;0;0
14/10/2019;09:58:44;74;com vítima;387;BR-386/RS;Norte;Choque Defensa;1;0;0;0;0;0;0;0;0;0;1;1;1;0;0
14/10/2019;11:47:11;93;Sem vítima;38;BR-290/RS;Oeste;Queda de ribanceira;0;0;1;0;0;0;0;0;0;0;1;0;0;0;0
14/10/2019;15:19:00;134;Sem vítima;247;BR-386/RS;Sul;Tombamento;1;0;-1;0;1;0;0;0;0;0;1;0;0;0;0
14/10/2019;15:35:28;138;Sem vítima;11;BR-290/RS;Oeste;Queda de ribanceira;1;0;0;0;0;0;0;0;0;0;2;0;0;0;0
14/10/2019;15:57:46;144;Sem vítima;18;BR-101/RS;Sul;Queda de ribanceira;1;0;0;0;0;0;0;0;0;0;1;0;0;0;0
14/10/2019;16:41:26;150;Sem vítima;180;BR-386/RS;Norte;Queda de ribanceira;1;0;0;0;0;0;0;0;0;0;1;0;0;0;0
14/10/2019;17:45:39;163;Sem vítima;21;BR-448/RS;Norte;Choque Barreira;1;0;0;0;0;0;0;0;0;0;3;0;0;0;0
14/10/2019;17:46:27;164;Sem vítima;92;BR-290/RS;Leste;Choque Defensa;1;0;0;0;0;0;0;0;0;0;1;0;0;0;0
14/10/2019;20:02:46;176;Sem vítima;445;BR-386/RS;Ambos;Queda de ribanceira;1;0;0;0;0;0;0;0;0;0;1;0;0;0;0
14/10/2019;20:22:22;186;Sem vítima;12;BR-101/RS;Norte;Colisão - Traseira;1;0;0;0;0;0;0;0;0;0;2;0;0;0;0
14/10/2019;22:51:23;189;com vítima;6;BR-290/RS;Leste;Capotamento;1;0;0;0;0;0;0;0;0;0;0;1;0;0;0
14/10/2019;20:22:48;3;Sem vítima;75;BR-290/RS;Leste;Choque Defensa;1;0;0;0;0;0;0;0;0;0;2;0;0;0;0
15/10/2019;08:35:45;38;Sem vítima;192;BR-386/RS;Norte;Outros;1;0;0;0;0;0;0;0;0;0;1;0;0;0;0
15/10/2019;12:03:11;87;Sem vítima;76;BR-101/RS;Sul;Queda de ribanceira;1;0;0;0;0;0;0;0;0;0;2;0;0;0;0
15/10/2019;13:48:11;107;com vítima;5;BR-290/RS;Leste;Capotamento;1;0;0;0;0;0;0;0;0;0;2;2;0;0;0
15/10/2019;14:03:30;112;Sem vítima;22;BR-101/RS;Sul;Colisão - Traseira;2;0;-1;0;1;0;0;0;0;0;2;0;0;0;0
15/10/2019;16:19:32;135;Sem vítima;13;BR-290/RS;Oeste;Queda de ribanceira;1;0;0;0;0;0;0;0;0;0;1;0;0;0;0
15/10/2019;23:27:18;183;Sem vítima;281,25;BR-386/RS;Norte;Queda de ribanceira;1;0;0;0;0;0;0;0;0;0;1;0;0;0;0
15/10/2019;23:39:08;185;com vítima;61;BR-290/RS;Leste;Capotamento;1;0;0;0;0;0;0;0;0;0;0;1;0;1;0
16/10/2019;01:13:48;4;Sem vítima;44;BR-290/RS;Oeste;Queda de ribanceira;1;0;-1;0;1;0;0;0;0;0;1;0;0;0;0
16/10/2019;02:21:36;7;Sem vítima;70;BR-290/RS;Oeste;Queda de ribanceira;0;0;1;0;0;0;0;0;0;0;2;0;0;0;0
16/10/2019;03:53:10;10;com vítima;7;BR-101/RS;Norte;Atropelamento - Usuário;1;0;-1;0;1;0;0;0;0;0;0;1;0;0;1
16/10/2019;07:39:04;30;Sem vítima;95;BR-290/RS;Oeste;Colisão - Traseira;0;0;0;2;0;0;0;0;0;0;2;0;0;0;0
16/10/2019;08:12:35;39;Sem vítima;344;BR-386/RS;Sul;Colisão - Traseira;1;0;3;0;0;0;0;0;0;0;4;0;0;0;0
16/10/2019;10:36:20;68;Sem vítima;294;BR-386/RS;Sul;Colisão - Traseira;2;0;0;0;0;0;0;0;0;0;2;0;0;0;0
16/10/2019;10:55:05;72;Sem vítima;86;BR-290/RS;Leste;Queda de ribanceira;1;0;0;0;0;0;0;0;0;0;1;0;0;0;0
16/10/2019;11:08:18;76;com vítima;200;BR-386/RS;Norte;Colisão - Frontal;2;0;0;0;0;0;0;0;0;0;0;2;0;0;0
16/10/2019;14:57:55;104;com vítima;34;BR-101/RS;Norte;Colisão - Frontal;2;0;0;0;0;0;0;0;0;0;3;0;1;0;0
16/10/2019;17:03:50;122;Sem vítima;33;BR-101/RS;Norte;Queda de ribanceira;0;0;1;0;0;0;0;0;0;0;1;0;0;0;0
17/10/2019;01:25:19;11;Sem vítima;17;BR-290/RS;Oeste;Capotamento;1;0;0;0;0;0;0;0;0;0;1;0;0;0;0
17/10/2019;08:00:59;50;Sem vítima;50;BR-290/RS;Leste;Queda de ribanceira;1;0;0;0;0;0;0;0;0;0;1;0;0;0;0
17/10/2019;08:06:29;53;Sem vítima;19,4;BR-290/RS;Leste;Colisão - Lateral;2;0;-1;0;1;0;0;0;0;0;3;0;0;0;0
17/10/2019;08:39:04;58;com vítima;95;BR-290/RS;Oeste;Colisão - Traseira;1;0;0;1;0;0;0;0;0;0;3;1;0;0;0
17/10/2019;08:46:58;60;Sem vítima;94;BR-290/RS;Oeste;Colisão - Lateral;1;0;1;0;0;0;0;0;0;0;2;0;0;0;0
17/10/2019;09:33:20;72;Sem vítima;77;BR-290/RS;Leste;Colisão - Traseira;2;0;1;0;0;0;0;0;0;0;2;0;0;0;0
17/10/2019;11:47:34;92;Sem vítima;57;BR-290/RS;Leste;Queda de ribanceira;1;0;0;0;0;0;0;0;0;0;1;0;0;0;0
17/10/2019;17:17:41;141;Sem vítima;356;BR-386/RS;Sul;Queda de ribanceira;1;0;0;0;0;0;0;0;0;0;3;0;0;0;0
17/10/2019;17:56:14;156;Sem vítima;396;BR-386/RS;Norte;Queda de ribanceira;1;0;0;0;0;0;0;0;0;0;1;0;0;0;0
17/10/2019;18:04:13;157;Sem vítima;22;BR-448/RS;Sul;Capotamento;1;0;0;0;0;0;0;0;0;0;1;0;0;0;0
17/10/2019;23:52:31;200;Sem vítima;279;BR-386/RS;Ambos;Colisão - Lateral;2;0;0;0;0;0;0;0;0;0;2;0;0;0;0
18/10/2019;03:32:39;12;Sem vítima;334;BR-386/RS;Sul;Queda de ribanceira;1;0;0;0;0;0;0;0;0;0;1;0;0;0;0
18/10/2019;05:35:59;20;Sem vítima;86;BR-290/RS;Leste;Queda de ribanceira;1;0;0;0;0;0;0;0;0;0;1;0;0;0;0
18/10/2019;06:59:01;24;Sem vítima;20;BR-448/RS;Sul;Choque Defensa;1;0;0;0;0;0;0;0;0;0;3;0;0;0;0
18/10/2019;11:19:43;108;com vítima;347;BR-386/RS;Sul;Colisão - Traseira;3;0;0;0;0;0;0;0;0;0;2;2;0;0;0
18/10/2019;18:07:42;191;Sem vítima;53;BR-290/RS;Oeste;Colisão - Lateral;1;0;0;1;0;0;0;0;0;0;2;0;0;0;0
18/10/2019;19:24:45;199;Sem vítima;404;BR-386/RS;Norte;Colisão - Traseira;2;0;1;0;0;0;0;0;0;0;6;0;0;0;0
18/10/2019;19:57:10;203;Sem vítima;355;BR-386/RS;Sul;Colisão - Traseira;1;0;0;1;0;0;0;0;0;0;1;0;0;0;0
18/10/2019;22:54:00;225;Sem vítima;2;BR-101/RS;Ambos;Saída de pista;1;0;0;0;0;0;0;0;0;0;1;0;0;0;0
18/10/2019;23:14:30;226;com vítima;16;BR-290/RS;Oeste;Choque Defensa;0;0;0;0;0;0;0;0;0;0;0;1;1;0;0
19/10/2019;03:21:54;18;com vítima;60;BR-290/RS;Leste;Queda de ribanceira;1;0;0;0;0;0;0;0;0;0;2;1;0;0;0
19/10/2019;06:07:39;35;com vítima;3;BR-290/RS;Leste;Queda de ribanceira;1;0;0;0;0;0;0;0;0;0;0;0;2;0;0
19/10/2019;13:37:30;125;Sem vítima;78;BR-290/RS;Oeste;Queda de ribanceira;1;0;0;0;0;0;0;0;0;0;1;0;0;0;0
19/10/2019;16:00:22;163;com vítima;347;BR-386/RS;Sul;Colisão - Traseira;2;0;0;0;0;0;0;0;0;0;1;1;0;0;0
20/10/2019;11:34:12;79;Sem vítima;61;BR-290/RS;Leste;Queda de moto;1;0;0;0;0;0;0;0;0;0;1;0;0;0;0
20/10/2019;15:42:20;118;Sem vítima;41;BR-290/RS;Oeste;Queda de ribanceira;1;0;0;0;0;0;0;0;0;0;1;0;0;0;0
20/10/2019;16:25:36;127;com vítima;351;BR-386/RS;Norte;Colisão - Traseira;2;0;0;1;0;0;0;0;0;0;3;1;0;0;0
20/10/2019;16:38:35;131;Sem vítima;350;BR-386/RS;Norte;Colisão - Traseira;2;0;0;0;0;0;0;0;0;0;2;0;0;0;0
20/10/2019;19:42:38;158;com vítima;215;BR-386/RS;Norte;Colisão - Lateral;2;0;0;0;0;0;0;0;0;0;1;1;0;1;0
20/10/2019;20:54:04;172;com vítima;392;BR-386/RS;Sul;Queda de moto;0;0;0;1;0;0;0;0;0;0;1;1;0;0;0
21/10/2019;03:47:31;14;com vítima;361;BR-386/RS;Sul;Choque Barreira;1;0;0;0;0;0;0;0;0;0;0;3;0;0;0
21/10/2019;13:20:38;110;Sem vítima;441;BR-386/RS;Norte;Saída de pista;1;0;0;0;0;0;0;0;0;0;1;0;0;0;0
21/10/2019;16:40:11;135;Sem vítima;16;BR-290/RS;Oeste;Queda de ribanceira;1;0;-1;0;1;0;0;0;0;0;3;0;0;0;0
21/10/2019;16:42:35;136;Sem vítima;81;BR-290/RS;Oeste;Choque Barreira;1;0;0;0;0;0;0;0;0;0;1;0;0;0;0
22/10/2019;03:35:31;10;Sem vítima;426;BR-386/RS;Norte;Atropelamento de Animal;0;0;2;0;0;0;0;0;0;0;2;0;0;0;0
22/10/2019;04:07:00;11;com vítima;14;BR-290/RS;Leste;Queda de ribanceira;1;0;0;0;0;0;0;0;0;0;0;0;1;1;0
22/10/2019;10:43:07;83;Sem vítima;346;BR-386/RS;Ambos;Colisão - Lateral;1;0;0;0;1;0;0;0;0;0;8;0;0;0;0
22/10/2019;16:56:33;135;com vítima;373;BR-386/RS;Norte;Saída de pista;1;0;0;0;0;0;0;0;0;0;2;1;0;0;0
22/10/2019;21:09:51;167;Sem vítima;347;BR-386/RS;Sul;Outros;1;0;0;0;0;0;0;0;0;0;1;0;0;0;0
22/10/2019;23:38:58;183;Sem vítima;51;BR-101/RS;Sul;Queda de ribanceira;1;0;0;0;0;0;0;0;0;0;2;0;0;0;0
23/10/2019;08:48:20;75;Sem vítima;76;BR-101/RS;Norte;Queda de ribanceira;1;0;1;0;0;0;0;0;0;0;3;0;0;0;0
23/10/2019;11:22:12;115;Sem vítima;295;BR-386/RS;Norte;Colisão - Lateral;1;0;1;0;0;0;0;0;0;0;3;0;0;0;0
23/10/2019;15:48:59;161;com vítima;350;BR-386/RS;Sul;Colisão - Traseira;2;0;0;0;0;0;0;0;0;0;1;1;0;0;0
23/10/2019;17:48:25;176;com vítima;437;BR-386/RS;Sul;Colisão - Transversal;0;0;0;2;0;0;0;0;0;0;0;2;0;0;0
23/10/2019;20:26:44;204;Sem vítima;78;BR-101/RS;Sul;Colisão - Traseira;1;0;0;0;1;0;0;0;0;0;2;0;0;0;0
24/10/2019;01:10:48;3;com vítima;348;BR-386/RS;Norte;Colisão - Traseira;1;0;0;0;0;0;0;0;0;0;0;0;1;0;0
24/10/2019;02:18:25;5;Sem vítima;94;BR-290/RS;Leste;Colisão - Lateral;2;0;0;0;0;0;0;0;0;0;3;0;0;0;0
24/10/2019;08:10:15;47;Sem vítima;391;BR-386/RS;Sul;Queda de ribanceira;1;0;-1;0;1;0;0;0;0;0;2;0;0;0;0
24/10/2019;08:40:41;59;Sem vítima;95;BR-290/RS;Oeste;Colisão - Traseira;3;0;0;0;0;0;0;0;0;0;6;0;0;0;0
24/10/2019;12:20:36;100;Sem vítima;38;BR-290/RS;Leste;Colisão - Traseira;2;0;0;0;0;0;0;0;0;0;2;0;0;0;0
24/10/2019;13:45:45;115;Sem vítima;21;BR-448/RS;Norte;Colisão - Lateral;1;0;1;0;0;0;0;0;0;0;3;0;0;0;0
24/10/2019;18:08:17;152;Sem vítima;271;BR-386/RS;Sul;Choque Defensa;1;0;0;0;0;0;0;0;0;0;2;0;0;0;0
24/10/2019;18:42:14;160;Sem vítima;440;BR-386/RS;Sul;Choque Defensa;1;0;0;1;0;0;0;0;0;0;2;0;0;0;0
24/10/2019;21:50:47;175;com vítima;345;BR-386/RS;Sul;Saída de pista;1;0;0;0;0;0;0;0;0;0;0;1;0;0;0
24/10/2019;22:13:12;179;Sem vítima;50;BR-101/RS;Norte;Queda de ribanceira;0;0;1;0;0;0;0;0;0;0;1;0;0;0;0
25/10/2019;04:44:39;9;com vítima;56;BR-290/RS;Oeste;Capotamento;2;0;0;0;0;0;0;0;0;0;1;0;0;0;1
25/10/2019;07:20:56;37;Sem vítima;87,52;BR-290/RS;Oeste;Colisão - Traseira;1;0;0;1;0;0;0;0;0;0;1;0;0;0;0
25/10/2019;07:53:21;43;Sem vítima;86;BR-290/RS;Oeste;Colisão - Traseira;1;0;0;0;0;0;0;0;0;0;1;0;0;0;0
25/10/2019;08:13:54;48;Sem vítima;86;BR-290/RS;Oeste;Colisão - Traseira;2;0;0;0;0;0;0;0;0;0;2;0;0;0;0
25/10/2019;08:31:59;55;Sem vítima;86;BR-290/RS;Oeste;Colisão - Traseira;2;0;0;0;0;0;0;0;0;0;2;0;0;0;0
25/10/2019;10:21:03;83;com vítima;355;BR-386/RS;Sul;Capotamento;1;0;0;0;0;0;0;0;0;0;0;0;2;0;0
25/10/2019;10:52:05;87;com vítima;343;BR-386/RS;Norte;Colisão - Lateral;1;0;0;1;0;0;0;0;0;0;1;1;0;0;0
25/10/2019;13:16:17;106;Sem vítima;98;BR-290/RS;Oeste;Colisão - Traseira;2;0;0;0;0;0;0;0;0;0;2;0;0;0;0
25/10/2019;14:09:11;118;com vítima;346;BR-386/RS;Norte;Colisão - Traseira;3;0;0;0;0;0;0;0;0;0;2;1;0;0;0
25/10/2019;16:14:37;148;Sem vítima;58;BR-290/RS;Leste;Colisão - Traseira;2;0;0;0;0;0;0;0;0;0;2;0;0;0;0
25/10/2019;16:23:00;152;Sem vítima;29;BR-290/RS;Oeste;Capotamento;1;0;0;0;0;0;0;0;0;0;1;0;0;0;0
25/10/2019;16:23:51;153;Sem vítima;426;BR-386/RS;Norte;Colisão - Lateral;2;0;-1;0;1;0;0;0;0;0;3;0;0;0;0
25/10/2019;16:54:04;161;Sem vítima;58;BR-290/RS;Leste;Colisão - Traseira;2;0;-1;0;1;0;0;0;0;0;2;0;0;0;0
25/10/2019;18:09:07;175;Sem vítima;255;BR-386/RS;Norte;Capotamento;1;0;0;0;0;0;0;0;0;0;1;0;0;0;0
25/10/2019;23:28:17;234;com vítima;36;BR-101/RS;Norte;Choque Defensa;1;0;0;0;0;0;0;0;0;0;0;0;1;0;0
26/10/2019;01:22:11;5;Sem vítima;36;BR-290/RS;Oeste;Queda de ribanceira;0;0;1;0;0;0;0;0;0;0;1;0;0;0;0
26/10/2019;01:55:05;9;Sem vítima;392;BR-386/RS;Norte;Queda de ribanceira;1;0;0;0;0;0;0;0;0;0;1;0;0;0;0
26/10/2019;06:08:26;26;com vítima;247;BR-386/RS;Norte;Colisão - Lateral;1;0;1;0;0;0;0;0;0;0;2;0;0;1;0
26/10/2019;11:53:36;117;Sem vítima;303;BR-386/RS;Norte;Colisão - Frontal;1;0;0;0;0;0;0;0;0;0;2;0;0;0;0
26/10/2019;12:16:53;121;Sem vítima;98;BR-290/RS;Leste;Colisão - Traseira;2;0;1;0;0;0;0;0;0;0;4;0;0;0;0
26/10/2019;14:28:48;142;Sem vítima;95;BR-290/RS;Oeste;Colisão - Traseira;2;0;0;0;0;0;0;0;0;0;3;0;0;0;0