data;horario;n_da_ocorrencia;tipo_de_ocorrencia;km;trecho;sentido;tipo_de_acidente;automovel;bicicleta;caminhao;moto;onibus;outros;tracao_animal;transporte_de_cargas_especiais;trator_maquinas;utilitarios;ilesos;levemente_feridos;moderadamente_feridos;gravemente_feridos;mortos
26/10/2019;16:54:07;166;com vítima;43;BR-290/RS;Oeste;Capotamento;1;0;0;0;0;0;0;0;0;0;1;2;2;0;0
26/10/2019;17:15:47;170;Sem vítima;14;BR-290/RS;Leste;Colisão - Traseira;2;0;0;0;0;0;0;0;0;0;4;0;0;0;0
27/10/2019;00:45:28;6;Sem vítima;70;BR-290/RS;Oeste;Queda de ribanceira;1;0;0;0;0;0;0;0;0;0;1;0;0;0;0
27/10/2019;03:11:58;14;com vítima;39;BR-290/RS;Oeste;Tombamento;0;0;1;0;0;0;0;0;0;0;1;1;1;0;0
27/10/2019;06:40:24;26;com vítima;43;BR-290/RS;Leste;Capotamento;1;0;0;0;0;0;0;0;0;0;2;1;0;0;0
27/10/2019;09:26:47;38;Sem vítima;11;BR-290/RS;Leste;Capotamento;1;0;0;0;0;0;0;0;0;0;3;0;0;0;0
27/10/2019;09:41:58;40;Sem vítima;37;BR-290/RS;Oeste;Capotamento;1;0;0;0;0;0;0;0;0;0;1;0;0;0;0
27/10/2019;09:56:15;42;com vítima;24;BR-290/RS;Oeste;Colisão - Traseira;2;0;0;0;0;0;0;0;0;0;2;2;0;0;0
27/10/2019;10:00:35;43;com vítima;352;BR-386/RS;Norte;Outros;1;0;0;0;0;0;0;0;0;0;3;0;1;0;0
27/10/2019;10:36:24;49;Sem vítima;53;BR-290/RS;Oeste;Saída de pista;1;0;0;0;0;0;0;0;0;0;1;0;0;0;0
27/10/2019;11:05:08;53;Sem vítima;16;BR-290/RS;Oeste;Colisão - Traseira;2;0;0;0;0;0;0;0;0;0;5;0;0;0;0
27/10/2019;13:01:29;63;com vítima;38;BR-290/RS;Leste;Capotamento;1;0;0;0;0;0;0;0;0;0;0;3;0;0;0
27/10/2019;13:18:59;65;Sem vítima;236;BR-386/RS;Sul;Saída de pista;1;0;0;0;0;0;0;0;0;0;1;0;0;0;0
27/10/2019;13:22:50;67;Sem vítima;37;BR-101/RS;Sul;Capotamento;1;0;0;0;0;0;0;0;0;0;1;0;0;0;0
27/10/2019;13:47:15;70;Sem vítima;29;BR-101/RS;Norte;Choque Defensa;1;0;0;0;0;0;0;0;0;0;1;0;0;0;0
27/10/2019;14:55:42;75;Sem vítima;83;BR-101/RS;Sul;Queda de ribanceira;0;0;1;0;0;0;0;0;0;0;3;0;0;0;0
27/10/2019;15:46:09;81;Sem vítima;401;BR-386/RS;Norte;Saída de pista;1;0;0;0;0;0;0;0;0;0;2;0;0;0;0
27/10/2019;17:12:31;94;Sem vítima;441;BR-386/RS;Sul;Saída de pista;1;0;0;0;0;0;0;0;0;0;2;0;0;0;0
27/10/2019;17:23:31;96;Sem vítima;441;BR-386/RS;Norte;Saída de pista;1;0;0;0;0;0;0;0;0;0;3;0;0;0;0
27/10/2019;17:46:18;100;Sem vítima;238;BR-386/RS;Ambos;Saída de pista;1;0;0;0;0;0;0;0;0;0;1;0;0;0;0
27/10/2019;18:15:43;102;Sem vítima;423;BR-386/RS;Sul;Queda de ribanceira;1;0;0;0;0;0;0;0;0;0;1;0;0;0;0
28/10/2019;00:10:07;1;Sem vítima;32;BR-290/RS;Leste;Choque com veículo na faixa de rolamento;2;0;0;0;0;0;0;0;0;0;3;0;0;0;0
28/10/2019;13:20:05;119;com vítima;191;BR-386/RS;Sul;Atropelamento - Morador/Trabalhador/Estudante;1;0;0;0;0;0;0;0;0;0;0;0;0;1;0
28/10/2019;14:30:07;131;com vítima;246;BR-386/RS;Sul;Colisão - Transversal;2;0;0;0;0;0;0;0;0;0;3;1;0;0;0
28/10/2019;20:26:54;186;com vítima;350;BR-386/RS;Norte;Choque Defensa;1;0;0;0;0;0;0;0;0;0;0;1;0;0;0
29/10/2019;05:01:57;14;com vítima;17;BR-290/RS;Leste;Queda de ribanceira;0;0;1;0;0;0;0;0;0;0;0;2;0;0;0
29/10/2019;05:33:42;15;com vítima;90;BR-290/RS;Leste;Queda de ribanceira;1;0;-1;0;1;0;0;0;0;0;0;1;0;0;0
29/10/2019;09:33:11;82;Sem vítima;96;BR-290/RS;Oeste;Colisão - Lateral;2;0;-1;0;1;0;0;0;0;0;2;0;0;0;0
29/10/2019;12:58:47;113;com vítima;39;BR-290/RS;Leste;Queda de ribanceira;1;0;0;0;0;0;0;0;0;0;1;1;0;0;0
29/10/2019;13:38:16;118;Sem vítima;39;BR-290/RS;Leste;Queda de ribanceira;1;0;0;0;0;0;0;0;0;0;1;0;0;0;0
29/10/2019;13:41:08;119;Sem vítima;34;BR-290/RS;Oeste;Queda de ribanceira;1;0;0;0;0;0;0;0;0;0;1;0;0;0;0
29/10/2019;14:05:10;121;Sem vítima;440;BR-386/RS;Sul;Colisão - Lateral;2;0;0;0;0;0;0;0;0;0;2;0;0;0;0
29/10/2019;14:53:05;127;Sem vítima;86;BR-290/RS;Oeste;Queda de ribanceira;1;0;0;0;0;0;0;0;0;0;1;0;0;0;0
29/10/2019;15:54:07;134;Sem vítima;53;BR-101/RS;Norte;Colisão - Traseira;1;0;0;0;0;0;0;0;0;0;2;0;0;0;0
29/10/2019;23:37:52;189;Sem vítima;92;BR-290/RS;Leste;Colisão - Lateral;1;0;0;0;0;0;0;0;0;0;1;0;0;0;0
30/10/2019;00:24:19;3;Sem vítima;68;BR-290/RS;Oeste;Queda de ribanceira;1;0;0;0;0;0;0;0;0;0;1;0;0;0;0
30/10/2019;05:05:05;10;com vítima;82;BR-290/RS;Leste;Colisão - Traseira;0;0;1;1;0;0;0;0;0;0;1;0;0;1;1
30/10/2019;14:42:01;101;com vítima;360;BR-386/RS;Sul;Capotamento;1;0;0;0;0;0;0;0;0;0;0;0;1;0;0
30/10/2019;20:26:05;132;Sem vítima;16;BR-290/RS;Oeste;Outros;1;0;0;0;0;0;0;0;0;0;1;0;0;0;0
31/10/2019;01:12:30;3;Sem vítima;273;BR-386/RS;Sul;Queda de ribanceira;1;0;0;0;0;0;0;0;0;0;2;0;0;0;0
31/10/2019;01:16:46;4;Sem vítima;384;BR-386/RS;Sul;Queda de ribanceira;1;0;0;0;0;0;0;0;0;0;2;0;0;0;0
31/10/2019;03:40:18;7;Sem vítima;347;BR-386/RS;Sul;Capotamento;1;0;0;0;0;0;0;0;0;0;1;0;0;0;0
31/10/2019;04:47:42;9;Sem vítima;75;BR-101/RS;Norte;;0;0;1;0;0;0;0;0;0;0;1;0;0;0;0
31/10/2019;05:12:49;12;Sem vítima;68;BR-290/RS;Leste;Queda de ribanceira;0;0;1;0;0;0;0;0;0;0;1;0;0;0;0
31/10/2019;07:49:48;32;Sem vítima;92;BR-290/RS;Leste;Choque Defensa;1;0;0;0;0;0;0;0;0;0;1;0;0;0;0
31/10/2019;08:00:07;35;Sem vítima;88;BR-290/RS;Oeste;Colisão - Traseira;1;0;0;0;0;1;0;0;0;0;2;0;0;0;0
31/10/2019;09:02:42;55;Sem vítima;77;BR-290/RS;Leste;Choque - Pilar;1;0;0;0;0;0;0;0;0;0;4;0;0;0;0
31/10/2019;11:33:50;88;Sem vítima;297;BR-386/RS;Norte;Colisão - Lateral;0;0;2;0;0;0;0;0;0;0;2;0;0;0;0
31/10/2019;14:02:06;108;com vítima;15;BR-290/RS;Oeste;Saída de pista;1;0;0;0;0;0;0;0;0;0;3;1;0;0;0
31/10/2019;15:09:34;115;com vítima;42;BR-290/RS;Leste;Capotamento;1;0;0;0;0;0;0;0;0;0;1;0;1;0;0
31/10/2019;19:00:23;155;Sem vítima;77;BR-290/RS;Leste;Colisão - Lateral;1;0;1;0;0;0;0;0;0;0;2;0;0;0;0
31/10/2019;20:27:16;165;Sem vítima;76;BR-290/RS;Oeste;Colisão - Traseira;1;0;0;0;0;0;0;0;0;0;1;0;0;0;0
31/10/2019;21:32:20;170;Sem vítima;352;BR-386/RS;Norte;Queda de ribanceira;1;0;0;0;0;0;0;0;0;0;2;0;0;0;0
01/11/2019;05:19:41;13;Sem vítima;22;BR-290/RS;Leste;Queda de ribanceira;1;0;0;0;0;0;0;0;0;0;1;0;0;0;0
01/11/2019;07:10:17;22;Sem vítima;305;BR-386/RS;Norte;Queda de ribanceira;0;0;1;0;0;0;0;0;0;0;1;0;0;0;0
01/11/2019;08:45:15;55;Sem vítima;96;BR-290/RS;Oeste;Colisão - Lateral;2;0;0;0;0;0;0;0;0;0;4;0;0;0;0
01/11/2019;13:14:06;108;com vítima;92;BR-290/RS;Oeste;Queda de moto;0;0;0;1;0;0;0;0;0;0;0;1;0;0;0
01/11/2019;13:33:40;112;com vítima;11;BR-448/RS;Sul;Queda de ribanceira;1;0;0;0;0;0;0;0;0;0;0;0;0;1;0
01/11/2019;20:17:21;199;Sem vítima;232;BR-386/RS;Sul;Colisão - Lateral;1;0;1;0;0;0;0;0;0;0;4;0;0;0;0
02/11/2019;04:53:19;24;com vítima;69;BR-290/RS;Leste;Queda de ribanceira;1;0;0;0;0;0;0;0;0;0;4;1;0;0;0
02/11/2019;07:24:13;43;Sem vítima;429;BR-386/RS;Norte;Colisão - Lateral;1;0;1;0;0;0;0;0;0;0;2;0;0;0;0
02/11/2019;13:22:57;119;com vítima;81;BR-290/RS;Oeste;Colisão - Traseira;2;0;0;0;0;0;0;0;0;0;2;1;1;0;0
02/11/2019;17:41:02;163;Sem vítima;394;BR-386/RS;Sul;Saída de pista;1;0;0;0;0;0;0;0;0;0;1;0;0;0;0
03/11/2019;00:08:49;1;com vítima;10,8;BR-101/RS;Sul;Queda de ribanceira;1;0;0;0;0;0;0;0;0;0;0;0;0;1;0
03/11/2019;00:30:26;3;Sem vítima;68;BR-290/RS;Oeste;Saída de pista;1;0;0;0;0;0;0;0;0;0;3;0;0;0;0
03/11/2019;05:28:38;12;com vítima;35;BR-290/RS;Oeste;Queda de ribanceira;1;0;0;0;0;0;0;0;0;0;1;1;0;0;0
03/11/2019;05:39:05;13;Sem vítima;82;BR-101/RS;Sul;Queda de ribanceira;0;0;0;0;1;0;0;0;0;0;1;0;0;0;0
03/11/2019;06:11:36;16;com vítima;209;BR-386/RS;Sul;Colisão - Frontal;1;0;0;0;1;0;0;0;0;0;0;15;3;3;1
03/11/2019;06:20:54;17;Sem vítima;305;BR-386/RS;Norte;Choque Defensa;0;0;0;0;0;0;0;0;0;0;1;0;0;0;0
03/11/2019;13:34:21;90;Sem vítima;77;BR-290/RS;Oeste;Colisão - Traseira;2;0;0;0;0;0;0;0;0;0;5;0;0;0;0
03/11/2019;15:03:39;104;Sem vítima;346;BR-386/RS;Sul;;2;0;0;0;0;0;0;0;0;0;3;0;0;0;0
03/11/2019;17:32:54;141;Sem vítima;231;BR-386/RS;Sul;Queda de ribanceira;1;0;0;0;0;0;0;0;0;0;1;0;0;0;0
03/11/2019;20:30:05;172;Sem vítima;224;BR-386/RS;Sul;Saída de pista;1;0;0;0;0;0;0;0;0;0;3;0;0;0;0
04/11/2019;06:10:07;23;Sem vítima;395;BR-386/RS;Norte;Saída de pista;0;0;0;0;1;0;0;0;0;0;1;0;0;0;0
04/11/2019;11:44:20;87;Sem vítima;347;BR-386/RS;Sul;Choque com veículo no acostamento;2;0;0;0;0;0;0;0;0;0;2;0;0;0;0
04/11/2019;14:22:21;107;Sem vítima;11;BR-290/RS;Leste;Capotamento;1;0;0;0;0;0;0;0;0;0;3;0;0;0;0
04/11/2019;15:06:31;118;Sem vítima;360;BR-386/RS;Sul;Capotamento;1;0;0;0;0;0;0;0;0;0;1;0;0;0;0
04/11/2019;16:29:53;132;Sem vítima;71,38;BR-101/RS;Norte;Saída de pista;1;0;0;0;0;0;0;0;0;0;3;0;0;0;0
04/11/2019;17:36:04;144;com vítima;37;BR-290/RS;Leste;Colisão - Lateral;2;0;0;0;0;0;0;0;0;0;1;0;0;1;0
04/11/2019;17:37:23;145;Sem vítima;94;BR-290/RS;Leste;Colisão - Traseira;1;0;1;0;0;0;0;0;0;0;2;0;0;0;0
04/11/2019;20:56:24;167;Sem vítima;81;BR-290/RS;Oeste;Queda de ribanceira;1;0;0;0;0;0;0;0;0;0;1;0;0;0;0
04/11/2019;21:53:46;173;Sem vítima;5;BR-290/RS;Oeste;Outros;1;0;1;0;0;0;0;0;0;0;2;0;0;0;0
05/11/2019;02:16:41;179;Sem vítima;41;BR-290/RS;Oeste;Queda de ribanceira;0;0;1;0;0;0;0;0;0;0;1;0;0;0;0
05/11/2019;04:40:07;190;Sem vítima;405;BR-386/RS;Norte;Choque - Sinalização;1;0;0;0;0;0;0;0;0;0;4;0;0;0;0
05/11/2019;08:00:17;211;Sem vítima;399;BR-386/RS;Norte;Saída de pista;0;0;0;0;1;0;0;0;0;0;2;0;0;0;0
05/11/2019;09:25:40;244;Sem vítima;245;BR-386/RS;Sul;Capotamento;1;0;0;0;0;0;0;0;0;0;2;0;0;0;0
05/11/2019;09:41:10;250;Sem vítima;296;BR-386/RS;Sul;Saída de pista;0;0;0;0;1;0;0;0;0;0;1;0;0;0;0
05/11/2019;09:45:15;251;Sem vítima;95;BR-290/RS;Oeste;Colisão - Traseira;2;0;0;0;0;0;0;0;0;0;5;0;0;0;0
05/11/2019;12:12:35;284;Sem vítima;352;BR-386/RS;Sul;Saída de pista;1;0;0;0;0;0;0;0;0;0;1;0;0;0;0
05/11/2019;12:20:39;286;Sem vítima;309;BR-386/RS;Sul;Saída de pista;0;0;1;0;0;0;0;0;0;0;1;0;0;0;0
05/11/2019;15:02:32;311;com vítima;3;BR-101/RS;Norte;Queda de ribanceira;2;0;0;0;0;0;0;0;0;0;1;1;1;0;0
05/11/2019;17:01:40;329;Sem vítima;40;BR-101/RS;Sul;Tombamento;0;0;1;0;0;0;0;0;0;0;1;0;0;0;0
05/11/2019;17:36:41;331;Sem vítima;438;BR-386/RS;Ambos;Choque - Meio Fio;1;0;1;0;0;0;0;0;0;0;3;0;0;0;0
05/11/2019;21:51:43;357;Sem vítima;32;BR-101/RS;Norte;Colisão - Traseira;1;0;1;0;0;0;0;0;0;0;2;0;0;0;0
06/11/2019;05:10:07;17;com vítima;407;BR-386/RS;Sul;Colisão - Traseira;0;0;3;0;0;0;0;0;0;0;0;0;2;1;0
06/11/2019;07:28:42;35;Sem vítima;95,21;BR-290/RS;Leste;Colisão - Traseira;2;0;0;0;0;0;0;0;0;0;7;0;0;0;0
06/11/2019;12:32:06;120;Sem vítima;354;BR-386/RS;Norte;Colisão - Lateral;1;0;0;0;0;1;0;0;0;0;2;0;0;0;0
06/11/2019;13:47:14;131;com vítima;429;BR-386/RS;Ambos;Queda de ribanceira;1;0;0;0;0;0;0;0;0;0;0;1;0;0;0
06/11/2019;13:59:46;133;com vítima;90;BR-290/RS;Oeste;Queda de ribanceira;1;0;0;0;0;0;0;0;0;0;0;0;1;0;0
06/11/2019;14:46:29;141;Sem vítima;435;BR-386/RS;Sul;Colisão - Lateral;1;0;1;0;0;0;0;0;0;0;2;0;0;0;0
06/11/2019;17:43:41;177;Sem vítima;55;BR-101/RS;Ambos;Queda de ribanceira;1;0;1;0;0;1;0;0;0;0;2;0;0;0;0
06/11/2019;17:49:53;180;Sem vítima;96;BR-290/RS;Oeste;Colisão - Traseira;2;0;0;0;0;0;0;0;0;0;4;0;0;0;0
06/11/2019;20:58:21;217;Sem vítima;344;BR-386/RS;Sul;Colisão - Frontal;2;0;0;0;0;0;0;0;0;0;2;0;0;0;0
06/11/2019;22:58:49;227;Sem vítima;248,11;BR-386/RS;Norte;Queda de ribanceira;1;0;0;0;0;0;0;0;0;0;4;0;0;0;0
07/11/2019;05:55:43;20;com vítima;12;BR-290/RS;Oeste;Queda de ribanceira;0;0;1;0;0;0;0;0;0;0;1;1;0;0;0
07/11/2019;07:46:19;37;Sem vítima;347;BR-386/RS;Norte;Queda de ribanceira;0;0;1;0;0;0;0;0;0;0;1;0;0;0;0
07/11/2019;08:06:43;42;com vítima;352;BR-386/RS;Norte;Queda de ribanceira;1;0;0;0;0;0;0;0;0;0;0;2;0;0;0
07/11/2019;08:26:42;47;Sem vítima;68;BR-290/RS;Oeste;Saída de pista;1;0;0;0;0;0;0;0;0;0;1;0;0;0;0
07/11/2019;10:22:26;65;Sem vítima;93;BR-290/RS;Oeste;Choque Barreira;1;0;0;0;0;0;0;0;0;0;1;0;0;0;0
07/11/2019;10:55:10;74;Sem vítima;11;BR-290/RS;Leste;Capotamento;1;0;0;0;0;0;0;0;0;0;2;0;0;0;0
07/11/2019;12:45:09;88;Sem vítima;236;BR-386/RS;Norte;Queda de ribanceira;1;0;0;0;0;0;0;0;0;0;1;0;0;0;0
08/11/2019;00:24:47;4;Sem vítima;398;BR-386/RS;Norte;Queda de ribanceira;1;0;0;0;0;0;0;0;0;0;1;0;0;0;0
08/11/2019;05:17:18;31;com vítima;348;BR-386/RS;Sul;Saída de pista;1;0;0;0;0;0;0;0;0;0;0;1;0;0;0
08/11/2019;05:56:41;33;com vítima;430;BR-386/RS;Norte;Colisão - Frontal;2;0;1;0;0;0;0;0;0;0;5;0;0;1;0
08/11/2019;06:13:54;36;com vítima;23;BR-101/RS;Sul;Colisão - Lateral;1;0;1;0;0;0;0;0;0;0;0;3;0;0;0
08/11/2019;11:31:56;129;Sem vítima;22;BR-290/RS;Leste;Colisão - Traseira;1;0;1;0;0;0;0;0;0;0;4;0;0;0;0
08/11/2019;12:17:44;137;com vítima;346;BR-386/RS;Norte;Colisão - Traseira;2;0;1;0;0;0;0;0;0;0;3;1;0;0;0
08/11/2019;16:16:20;180;com vítima;414;BR-386/RS;Norte;Colisão - Traseira;1;0;0;1;0;0;0;0;0;0;2;1;0;0;0
08/11/2019;20:44:29;242;com vítima;21;BR-101/RS;Sul;Colisão - Traseira;1;0;1;0;0;0;0;0;0;0;5;1;0;0;0
08/11/2019;21:07:44;248;Sem vítima;45;BR-101/RS;Sul;Choque Defensa;1;0;0;0;0;0;0;0;0;0;1;0;0;0;0
09/11/2019;00:17:32;3;Sem vítima;401,1;BR-386/RS;Norte;Saída de pista;1;0;0;0;0;0;0;0;0;0;2;0;0;0;0
09/11/2019;01:33:22;9;Sem vítima;40;BR-290/RS;Leste;Choque com veículo na faixa de rolamento;0;0;2;0;0;0;0;0;0;0;1;0;0;0;0
09/11/2019;03:36:07;21;Sem vítima;229;BR-386/RS;Sul;Queda de ribanceira;1;0;0;0;0;0;0;0;0;0;3;0;0;0;0
09/11/2019;05:20:38;26;Sem vítima;244;BR-386/RS;Sul;Colisão - Traseira;0;0;2;0;0;0;0;0;0;0;2;0;0;0;0
09/11/2019;06:28:39;32;Sem vítima;33,26;BR-101/RS;Sul;Queda de ribanceira;1;0;0;0;0;0;0;0;0;0;2;0;0;0;0
09/11/2019;07:33:31;45;com vítima;33;BR-290/RS;Leste;Colisão - Lateral;1;0;0;0;1;0;0;0;0;0;27;2;0;0;0
09/11/2019;10:12:17;92;Sem vítima;372;BR-386/RS;Sul;Saída de pista;1;0;0;0;0;0;0;0;0;0;5;0;0;0;0
09/11/2019;10:36:23;102;Sem vítima;420;BR-386/RS;Norte;Saída de pista;1;0;0;0;0;0;0;0;0;0;2;0;0;0;0
09/11/2019;11:46:23;121;Sem vítima;437;BR-386/RS;Norte;Colisão - Traseira;2;0;0;0;0;0;0;0;0;0;4;0;0;0;0
09/11/2019;13:17:45;137;Sem vítima;22;BR-290/RS;Leste;Saída de pista;0;0;1;0;0;0;0;0;0;0;1;0;0;0;0
09/11/2019;14:38:30;149;Sem vítima;391;BR-386/RS;Norte;Saída de pista;2;0;0;0;0;0;0;0;0;0;3;0;0;0;0
09/11/2019;22:25:41;218;Sem vítima;401;BR-386/RS;Norte;Choque - Meio Fio;1;0;0;0;0;0;0;0;0;0;1;0;0;0;0
10/11/2019;05:01:47;21;com vítima;74;BR-290/RS;Oeste;Atropelamento - Andarilho;1;0;0;0;0;0;0;0;0;0;0;0;0;1;0
10/11/2019;05:52:37;24;Sem vítima;412;BR-386/RS;Sul;Choque Barreira;1;0;0;0;0;0;0;0;0;0;1;0;0;0;0
10/11/2019;07:43:33;40;Sem vítima;91,24;BR-290/RS;Leste;Colisão - Lateral;1;0;1;0;0;0;0;0;0;0;2;0;0;0;0
10/11/2019;09:24:18;60;Sem vítima;86;BR-290/RS;Oeste;Queda de moto;0;0;0;1;0;0;0;0;0;0;1;0;0;0;0
10/11/2019;09:36:31;62;Sem vítima;4;BR-290/RS;Leste;Queda de ribanceira;1;0;0;0;0;0;0;0;0;0;1;0;0;0;0
10/11/2019;14:21:48;108;com vítima;410;BR-386/RS;Sul;Colisão - Lateral;2;0;0;0;0;0;0;0;0;0;4;0;2;0;1
10/11/2019;14:56:09;113;com vítima;10;BR-290/RS;Leste;Capotamento;1;0;0;0;0;0;0;0;0;0;1;1;1;0;0
10/11/2019;15:01:49;114;com vítima;14;BR-101/RS;Sul;Capotamento;1;0;0;0;0;0;0;0;0;0;0;2;0;0;0
10/11/2019;15:30:49;118;com vítima;61;BR-290/RS;Oeste;Capotamento;1;0;0;0;0;0;0;0;0;0;0;1;1;0;0
10/11/2019;17:03:10;129;com vítima;268;BR-386/RS;Sul;Colisão - Transversal;1;0;0;1;0;0;0;0;0;0;5;1;1;0;0
11/11/2019;01:52:59;13;Sem vítima;55;BR-101/RS;Norte;Capotamento;0;0;0;0;1;0;0;0;0;0;1;0;0;0;0
11/11/2019;06:48:19;37;com vítima;21;BR-290/RS;Leste;Colisão - Traseira;0;0;1;0;1;0;0;0;0;0;0;0;1;0;0
11/11/2019;09:05:11;89;Sem vítima;22;BR-101/RS;Norte;Queda de ribanceira;0;0;0;0;1;0;0;0;0;0;1;0;0;0;0
11/11/2019;09:48:35;105;com vítima;349;BR-386/RS;Sul;Queda de ribanceira;1;0;0;0;0;0;0;0;0;0;0;1;0;0;0
11/11/2019;10:39:08;117;Sem vítima;55;BR-101/RS;Sul;Colisão - Traseira;0;0;1;0;0;1;0;0;0;0;2;0;0;0;0
11/11/2019;11:11:15;128;com vítima;29;BR-101/RS;Norte;Capotamento;1;0;0;0;0;0;0;0;0;0;0;1;0;0;0
11/11/2019;13:20:56;154;com vítima;350;BR-386/RS;Sul;Queda de moto;1;0;0;0;0;0;0;0;0;0;0;2;0;0;0
11/11/2019;15:31:40;191;Sem vítima;305;BR-386/RS;Norte;Tombamento;0;0;2;0;0;0;0;0;0;0;1;0;0;0;0
11/11/2019;16:06:51;196;Sem vítima;356;BR-386/RS;Sul;Queda de ribanceira;1;0;0;0;0;0;0;0;0;0;1;0;0;0;0
11/11/2019;16:56:27;204;Sem vítima;410;BR-386/RS;Sul;Outros;0;0;1;0;0;0;0;0;0;0;1;0;0;0;0
11/11/2019;19:32:22;236;com vítima;344;BR-386/RS;Ambos;Atropelamento - Andarilho;1;0;0;0;0;0;0;0;0;0;1;0;0;1;0
12/11/2019;07:10:54;29;Sem vítima;61;BR-290/RS;Oeste;Queda de ribanceira;1;0;0;0;0;0;0;0;0;0;1;0;0;0;0
12/11/2019;15:00:23;147;com vítima;86;BR-101/RS;Sul;Colisão - Lateral;2;0;0;0;0;0;0;0;0;0;1;2;0;0;0
12/11/2019;16:07:38;161;com vítima;14;BR-101/RS;Norte;;1;0;0;0;0;0;0;0;0;0;0;0;2;1;0
12/11/2019;18:25:45;183;Sem vítima;1;BR-448/RS;Norte;Colisão - Traseira;3;0;0;0;0;0;0;0;0;0;3;0;0;0;0
13/11/2019;07:15:28;27;Sem vítima;89;BR-290/RS;Oeste;Colisão - Traseira;2;0;0;0;0;0;0;0;0;0;1;0;0;0;0
13/11/2019;08:41:14;68;Sem vítima;95,24;BR-290/RS;Oeste;Colisão - Lateral;1;0;1;0;0;0;0;0;0;0;2;0;0;0;0
13/11/2019;14:15:56;161;Sem vítima;349;BR-386/RS;Sul;Colisão - Traseira;1;0;2;0;0;0;0;0;0;0;3;0;0;0;0
13/11/2019;16:30:39;190;Sem vítima;372;BR-386/RS;Sul;Colisão - Frontal;0;0;0;0;1;0;0;0;0;0;1;0;0;0;0
13/11/2019;16:46:12;197;Sem vítima;96;BR-290/RS;Leste;Colisão - Traseira;2;0;0;0;0;0;0;0;0;0;2;0;0;0;0
13/11/2019;16:48:32;198;Sem vítima;13;BR-290/RS;Leste;Colisão - Traseira;2;0;0;0;0;0;0;0;0;0;4;0;0;0;0
13/11/2019;19:22:14;231;Sem vítima;91;BR-290/RS;Leste;Queda de moto;0;0;0;1;0;0;0;0;0;0;2;0;0;0;0
14/11/2019;03:29:00;9;Sem vítima;374;BR-386/RS;Sul;Choque Praça - Submarino;1;0;0;0;0;0;0;0;0;0;1;0;0;0;0
14/11/2019;06:36:52;23;Sem vítima;92;BR-290/RS;Oeste;Colisão - Traseira;2;0;0;0;0;0;0;0;0;0;1;0;0;0;0
14/11/2019;07:24:31;25;com vítima;437;BR-386/RS;Sul;Colisão - Frontal;1;0;1;0;0;0;0;0;0;0;1;0;2;0;0
14/11/2019;07:32:51;28;Sem vítima;11;BR-290/RS;Leste;Colisão - Traseira;0;0;2;0;1;0;0;0;0;0;5;0;0;0;0
14/11/2019;07:46:36;34;Sem vítima;96;BR-290/RS;Oeste;Colisão - Traseira;1;0;1;0;0;0;0;0;0;0;2;0;0;0;0
14/11/2019;08:00:01;37;Sem vítima;16;BR-290/RS;Ambos;Saída de pista;1;0;0;0;0;0;0;0;0;0;6;0;0;0;0
14/11/2019;09:37:00;63;Sem vítima;11;BR-290/RS;Leste;Saída de pista;1;0;0;0;0;0;0;0;0;0;3;0;0;0;0
14/11/2019;09:54:02;68;Sem vítima;16;BR-290/RS;Ambos;Capotamento;1;0;0;0;0;0;0;0;0;0;2;0;0;0;0
14/11/2019;11:51:58;91;Sem vítima;44;BR-101/RS;Norte;Saída de pista;0;0;0;0;1;0;0;0;0;0;1;0;0;0;0
14/11/2019;12:25:03;99;Sem vítima;352;BR-386/RS;Norte;Colisão - Traseira;2;0;0;0;0;0;0;0;0;0;2;0;0;0;0
14/11/2019;14:44:26;131;Sem vítima;92,39;BR-290/RS;Oeste;Colisão - Lateral;1;0;0;1;0;0;0;0;0;0;4;0;0;0;0
14/11/2019;16:55:37;176;Sem vítima;400;BR-386/RS;Norte;Choque - Meio Fio;1;0;0;0;0;0;0;0;0;0;1;0;0;0;0
14/11/2019;20:08:15;243;Sem vítima;346;BR-386/RS;Sul;Queda de ribanceira;1;0;0;0;0;0;0;0;0;0;1;0;0;0;0
14/11/2019;23:03:43;285;Sem vítima;21;BR-290/RS;Leste;Colisão - Traseira;3;0;0;0;0;0;0;0;0;0;8;0;0;0;0
15/11/2019;00:47:52;8;com vítima;407;BR-386/RS;Norte;Colisão - Lateral;2;0;0;0;0;0;0;0;0;0;4;2;0;1;0
15/11/2019;00:48:33;9;Sem vítima;304;BR-386/RS;Ambos;;0;0;0;0;1;0;0;0;0;0;1;0;0;0;0
15/11/2019;06:23:36;56;Sem vítima;47;BR-290/RS;Ambos;Queda de ribanceira;0;0;0;0;1;0;0;0;0;0;1;0;0;0;0
15/11/2019;06:57:03;63;com vítima;37;BR-101/RS;Norte;Colisão - Traseira;2;0;0;0;0;0;0;0;0;0;4;3;1;0;0
15/11/2019;07:40:30;76;Sem vítima;428;BR-386/RS;Norte;Queda de ribanceira;1;0;0;0;0;0;0;0;0;0;2;0;0;0;0
15/11/2019;08:42:16;100;Sem vítima;43;BR-101/RS;Norte;Colisão - Traseira;2;0;0;0;0;0;0;0;0;0;5;0;0;0;0
15/11/2019;08:58:07;104;Sem vítima;54;BR-290/RS;Leste;Colisão - Traseira;2;0;0;0;0;0;0;0;0;0;4;0;0;0;0
15/11/2019;09:15:53;119;Sem vítima;216;BR-386/RS;Norte;Colisão - Lateral;2;0;0;0;0;0;0;0;0;0;4;0;0;0;0
15/11/2019;10:35:53;147;Sem vítima;50;BR-290/RS;Leste;Queda de ribanceira;1;0;0;0;0;0;0;0;0;0;2;0;0;0;0
15/11/2019;11:49:17;168;Sem vítima;67;BR-290/RS;Leste;Colisão - Lateral;1;0;0;0;1;0;0;0;0;0;3;0;0;0;0
15/11/2019;13:55:15;204;Sem vítima;6;BR-290/RS;Leste;Colisão - Traseira;2;0;0;0;0;0;0;0;0;0;2;0;0;0;0