data;horario;n_da_ocorrencia;tipo_de_ocorrencia;km;trecho;sentido;tipo_de_acidente;automovel;bicicleta;caminhao;moto;onibus;outros;tracao_animal;transporte_de_cargas_especiais;trator_maquinas;utilitarios;ilesos;levemente_feridos;moderadamente_feridos;gravemente_feridos;mortos
15/11/2019;15:48:05;238;Sem vítima;200;BR-386/RS;Norte;Queda de ribanceira;1;0;0;0;0;0;0;0;0;0;2;0;0;0;0
15/11/2019;21:21:58;306;com vítima;321;BR-386/RS;Norte;Colisão - Lateral;1;0;0;1;0;0;0;0;0;0;0;0;1;0;0
16/11/2019;01:35:19;4;Sem vítima;397,18;BR-386/RS;Sul;Saída de pista;1;0;0;0;0;0;0;0;0;0;3;0;0;0;0
16/11/2019;05:55:39;16;Sem vítima;54;BR-290/RS;Leste;Queda de ribanceira;1;0;0;0;0;0;0;0;0;0;1;0;0;0;0
16/11/2019;07:18:45;24;com vítima;371;BR-386/RS;Sul;Queda de ribanceira;1;0;0;0;0;0;0;0;0;0;1;0;1;0;0
16/11/2019;07:42:59;34;Sem vítima;71;BR-290/RS;Leste;Colisão - Traseira;1;0;0;0;0;0;0;0;0;0;4;0;0;0;0
16/11/2019;07:46:06;35;Sem vítima;54;BR-290/RS;Oeste;Queda de ribanceira;1;0;0;0;0;0;0;0;0;0;3;0;0;0;0
16/11/2019;10:52:00;74;Sem vítima;92;BR-290/RS;Leste;Queda de moto;0;0;0;1;0;0;0;0;0;0;1;0;0;0;0
16/11/2019;09:55:54;85;com vítima;92;BR-290/RS;Oeste;Queda de moto;0;0;0;1;0;0;0;0;0;0;0;0;1;0;0
16/11/2019;11:20:38;93;Sem vítima;209;BR-386/RS;Norte;Colisão - Traseira;2;0;0;0;0;0;0;0;0;0;3;0;0;0;0
16/11/2019;11:43:44;102;com vítima;387;BR-386/RS;Sul;Colisão - Lateral;1;0;0;1;0;0;0;0;0;0;1;0;1;0;0
16/11/2019;16:41:53;154;Sem vítima;227;BR-386/RS;Sul;Colisão - Traseira;2;0;0;0;0;0;0;0;0;0;5;0;0;0;0
16/11/2019;20:38:53;199;Sem vítima;12;BR-290/RS;Leste;Colisão - Traseira;1;0;0;1;0;0;0;0;0;0;4;0;0;0;0
16/11/2019;21:24:54;206;com vítima;344;BR-386/RS;Norte;Colisão - Transversal;2;0;0;0;0;0;0;0;0;0;2;1;0;0;0
16/11/2019;23:54:02;223;Sem vítima;4;BR-448/RS;Norte;Choque Defensa;1;0;0;0;0;0;0;0;0;0;1;0;0;0;0
17/11/2019;01:30:28;3;Sem vítima;35;BR-101/RS;Norte;Queda de ribanceira;1;0;0;0;0;0;0;0;0;0;4;0;0;0;0
17/11/2019;10:30:24;52;Sem vítima;75;BR-290/RS;Oeste;Queda de moto;0;0;0;1;0;0;0;0;0;0;1;0;0;0;0
17/11/2019;10:56:22;60;Sem vítima;1;BR-290/RS;Oeste;Colisão - Traseira;2;0;0;0;0;0;0;0;0;0;8;0;0;0;0
17/11/2019;12:03:26;83;Sem vítima;199;BR-386/RS;Norte;Colisão - Traseira;1;0;1;0;0;0;0;0;0;0;4;0;0;0;0
17/11/2019;12:06:17;84;Sem vítima;4;BR-290/RS;Oeste;Colisão - Lateral;1;0;0;0;1;0;0;0;0;0;2;0;0;0;0
17/11/2019;12:51:08;99;com vítima;1;BR-290/RS;Oeste;Colisão - Traseira;2;0;0;0;0;0;0;0;0;0;5;1;0;0;0
17/11/2019;13:48:08;111;Sem vítima;7;BR-101/RS;Sul;Capotamento;2;0;0;0;0;0;0;0;0;0;1;0;0;0;0
17/11/2019;14:04:59;118;com vítima;46;BR-290/RS;Oeste;Queda de ribanceira;1;0;0;0;0;0;0;0;0;0;2;0;1;0;0
17/11/2019;14:28:05;124;Sem vítima;234;BR-386/RS;Sul;Colisão - Traseira;2;0;0;0;0;0;0;0;0;0;3;0;0;0;0
17/11/2019;14:57:03;137;Sem vítima;201;BR-386/RS;Sul;Engavetamento;4;0;0;0;0;0;0;0;0;0;11;0;0;0;0
17/11/2019;15:09:31;144;Sem vítima;424;BR-386/RS;Norte;Colisão - Traseira;2;0;0;0;0;0;0;0;0;0;2;0;0;0;0
17/11/2019;15:10:42;145;Sem vítima;85;BR-101/RS;Sul;Colisão - Lateral;1;0;1;0;0;0;0;0;0;0;4;0;0;0;0
17/11/2019;16:39:33;169;Sem vítima;77;BR-290/RS;Leste;Colisão - Traseira;2;0;0;0;0;0;0;0;0;0;1;0;0;0;0
17/11/2019;16:58:42;176;Sem vítima;97;BR-290/RS;Oeste;Colisão - Traseira;1;0;0;0;0;0;0;0;0;0;1;0;0;0;0
17/11/2019;18:20:11;213;Sem vítima;362,07;BR-386/RS;Sul;Queda de ribanceira;1;0;0;0;0;0;0;0;0;0;1;0;0;0;0
17/11/2019;20:13:35;243;com vítima;346,12;BR-386/RS;Norte;Colisão - Traseira;0;0;0;1;0;0;0;0;0;0;1;1;0;0;0
17/11/2019;20:29:10;248;Sem vítima;319,24;BR-386/RS;Norte;Colisão - Lateral;2;0;0;0;0;0;0;0;0;0;2;0;0;0;0
17/11/2019;21:00:27;263;Sem vítima;345,31;BR-386/RS;Norte;Saída de pista;1;0;0;0;0;0;0;0;0;0;1;0;0;0;0
18/11/2019;00:59:12;9;Sem vítima;11;BR-290/RS;Oeste;Capotamento;1;0;0;0;0;0;0;0;0;0;2;0;0;0;0
18/11/2019;06:02:50;22;Sem vítima;92;BR-290/RS;Leste;Colisão - Traseira;1;0;1;0;0;0;0;0;0;0;4;0;0;0;0
18/11/2019;06:48:45;29;com vítima;13;BR-101/RS;Norte;Colisão - Lateral;2;0;0;0;0;0;0;0;0;0;2;1;0;0;0
18/11/2019;07:47:17;43;Sem vítima;376;BR-386/RS;Norte;Queda de ribanceira;0;0;1;0;0;0;0;0;0;0;1;0;0;0;0
18/11/2019;08:36:22;62;Sem vítima;95;BR-290/RS;Oeste;Colisão - Traseira;0;0;0;2;0;0;0;0;0;0;2;0;0;0;0
18/11/2019;09:13:43;81;Sem vítima;19;BR-290/RS;Leste;Colisão - Traseira;1;0;1;0;0;0;0;0;0;0;3;0;0;0;0
18/11/2019;09:51:21;92;com vítima;282;BR-386/RS;Norte;Colisão - Lateral;2;0;0;0;0;0;0;0;0;0;0;1;0;2;0
18/11/2019;11:04:16;116;com vítima;42;BR-101/RS;Norte;Colisão - Lateral;1;0;0;1;0;0;0;0;0;0;1;1;0;0;0
18/11/2019;13:10:53;141;Sem vítima;56;BR-290/RS;Oeste;Colisão - Lateral;2;0;0;0;0;0;0;0;0;0;3;0;0;0;0
18/11/2019;14:16:50;154;Sem vítima;245;BR-386/RS;Norte;Colisão - Traseira;2;0;0;0;0;0;0;0;0;0;4;0;0;0;0
18/11/2019;14:34:11;160;com vítima;217,25;BR-386/RS;Norte;Colisão - Lateral;1;0;0;0;1;0;0;0;0;0;0;1;1;0;0
18/11/2019;15:32:32;170;Sem vítima;8;BR-448/RS;Sul;Colisão - Traseira;2;0;0;0;0;0;0;0;0;0;2;0;0;0;0
18/11/2019;18:48:53;204;com vítima;346;BR-386/RS;Norte;Atropelamento - Esportista;1;0;0;0;0;0;0;0;0;0;0;1;0;0;0
18/11/2019;20:04:50;222;com vítima;29;BR-290/RS;Leste;Queda de ribanceira;1;0;0;0;0;0;0;0;0;0;0;0;1;0;0
18/11/2019;20:32:38;227;Sem vítima;306;BR-386/RS;Norte;Tombamento;0;0;1;0;0;0;0;0;0;0;1;0;0;0;0
18/11/2019;21:47:25;239;Sem vítima;30;BR-290/RS;Oeste;Queda de ribanceira;1;0;0;0;0;0;0;0;0;0;1;0;0;0;0
19/11/2019;00:16:00;2;com vítima;92;BR-290/RS;Leste;Queda de moto;0;0;0;1;0;0;0;0;0;0;0;1;0;0;0
19/11/2019;01:33:59;9;Sem vítima;26;BR-290/RS;Oeste;Queda de ribanceira;0;0;1;0;0;0;0;0;0;0;1;0;0;0;0
19/11/2019;07:43:57;42;Sem vítima;95;BR-290/RS;Oeste;Colisão - Traseira;2;0;0;0;0;0;0;0;0;0;2;0;0;0;0
19/11/2019;09:45:37;84;Sem vítima;11;BR-448/RS;Norte;Colisão - Traseira;2;0;0;0;0;0;0;0;0;0;4;0;0;0;0
19/11/2019;11:05:06;103;Sem vítima;338;BR-386/RS;Norte;Colisão - Traseira;2;0;0;0;0;0;0;0;0;0;3;0;0;0;0
19/11/2019;16:00:55;159;Sem vítima;428;BR-386/RS;Sul;Colisão - Traseira;1;0;1;0;0;0;0;0;0;0;5;0;0;0;0
19/11/2019;17:09:32;172;Sem vítima;68;BR-290/RS;Oeste;Queda de ribanceira;1;0;0;0;0;0;0;0;0;0;1;0;0;0;0
19/11/2019;18:40:41;186;com vítima;11;BR-290/RS;Leste;Queda de moto;0;0;0;1;0;0;0;0;0;0;0;2;0;0;0
19/11/2019;19:43:27;195;com vítima;24;BR-101/RS;Sul;Queda de moto;0;0;0;1;0;0;0;0;0;0;0;2;0;0;0
19/11/2019;21:05:59;207;Sem vítima;16;BR-448/RS;Sul;Colisão - Lateral;1;0;2;0;0;0;0;0;0;0;3;0;0;0;0
19/11/2019;22:35:15;218;com vítima;280;BR-386/RS;Sul;Colisão - Lateral;1;0;1;0;0;0;0;0;0;0;2;0;0;0;1
19/11/2019;23:04:28;224;com vítima;92;BR-290/RS;Leste;Queda de moto;0;0;0;1;0;0;0;0;0;0;0;1;0;0;0
20/11/2019;16:50:26;193;com vítima;347;BR-386/RS;Sul;Colisão - Traseira;2;0;0;0;0;0;0;0;0;0;2;1;0;0;0
20/11/2019;19:54:48;224;com vítima;19,23;BR-101/RS;Sul;Queda de moto;0;0;0;1;0;0;0;0;0;0;0;0;0;1;0
20/11/2019;20:22:19;230;Sem vítima;92;BR-290/RS;Oeste;Colisão - Traseira;2;0;0;0;0;0;0;0;0;0;3;0;0;0;0
21/11/2019;07:51:18;47;Sem vítima;16;BR-448/RS;Sul;Colisão - Traseira;2;0;0;0;0;0;0;0;0;0;2;0;0;0;0
21/11/2019;08:51:41;66;Sem vítima;399;BR-386/RS;Norte;Capotamento;1;0;0;0;0;0;0;0;0;0;1;0;0;0;0
21/11/2019;09:40:54;83;Sem vítima;87;BR-290/RS;Oeste;Choque Barreira;1;0;0;0;0;0;0;0;0;0;1;0;0;0;0
21/11/2019;10:38:30;96;Sem vítima;15;BR-448/RS;Sul;;0;0;1;0;0;0;0;0;0;0;1;0;0;0;0
21/11/2019;11:45:02;113;Sem vítima;431;BR-386/RS;Norte;Queda de ribanceira;1;0;0;0;0;0;0;0;0;0;1;0;0;0;0
21/11/2019;15:02:34;151;Sem vítima;90;BR-290/RS;Leste;Colisão - Lateral;1;0;1;0;0;1;0;0;0;0;3;0;0;0;0
21/11/2019;17:49:03;183;Sem vítima;411;BR-386/RS;Sul;Tombamento;0;0;0;0;1;0;0;0;0;0;2;0;0;0;0
21/11/2019;20:31:49;211;Sem vítima;35,46;BR-101/RS;Norte;Queda de ribanceira;1;0;0;0;0;0;0;0;0;0;3;0;0;0;0
21/11/2019;20:55:51;215;com vítima;386;BR-386/RS;Sul;Atropelamento - Morador/Trabalhador/Estudante;1;0;0;0;0;0;0;0;0;0;0;0;1;0;0
21/11/2019;21:19:13;218;Sem vítima;47;BR-290/RS;Ambos;Queda de ribanceira;1;0;0;0;0;0;0;0;0;0;2;0;0;0;0
22/11/2019;00:15:28;3;Sem vítima;48;BR-290/RS;Oeste;Atropelamento de Animal;0;0;1;0;0;0;0;0;0;0;1;0;0;0;0
22/11/2019;01:01:47;6;Sem vítima;48,33;BR-290/RS;Oeste;Atropelamento de Animal;1;0;0;0;0;0;0;0;0;0;2;0;0;0;0
22/11/2019;01:42:25;10;com vítima;42;BR-101/RS;Sul;Saída de pista;0;0;0;1;0;0;0;0;0;0;0;0;0;1;0
22/11/2019;04:56:20;12;Sem vítima;80;BR-290/RS;Oeste;Queda de ribanceira;0;0;0;1;0;0;0;0;0;0;1;0;0;0;0
22/11/2019;05:30:18;15;com vítima;96;BR-290/RS;Oeste;Saída de pista;0;0;0;1;0;0;0;0;0;0;0;0;1;0;0
22/11/2019;06:51:58;21;Sem vítima;92;BR-290/RS;Leste;Saída de pista;1;0;0;0;0;0;0;0;0;0;1;0;0;0;0
22/11/2019;07:02:59;28;com vítima;58;BR-290/RS;Oeste;Colisão - Traseira;1;0;1;0;0;0;0;0;0;0;2;1;0;0;0
22/11/2019;08:25:52;52;Sem vítima;425;BR-386/RS;Sul;Colisão - Traseira;2;0;0;0;0;0;0;0;0;0;4;0;0;0;0
22/11/2019;14:20:51;148;Sem vítima;22;BR-290/RS;Oeste;Saída de pista;1;0;0;0;0;0;0;0;0;0;2;0;0;0;0
22/11/2019;15:03:53;161;Sem vítima;316,01;BR-386/RS;Sul;Saída de pista;0;0;1;0;0;0;0;0;0;0;1;0;0;0;0
22/11/2019;15:28:20;167;Sem vítima;393;BR-386/RS;Sul;Colisão - Lateral;1;0;0;0;0;0;0;0;0;0;1;0;0;0;0
22/11/2019;16:05:43;178;com vítima;43;BR-101/RS;Norte;Saída de pista;1;0;0;0;0;0;0;0;0;0;0;0;2;0;0
22/11/2019;16:33:38;184;Sem vítima;401;BR-386/RS;Norte;Saída de pista;1;0;0;0;0;0;0;0;0;0;2;0;0;0;0
22/11/2019;16:57:10;187;com vítima;71,17;BR-290/RS;Oeste;Capotamento;0;0;0;0;1;0;0;0;0;0;0;0;0;1;0
22/11/2019;17:02:45;189;com vítima;345;BR-386/RS;Sul;Engavetamento;3;0;0;0;0;0;0;0;0;0;2;1;0;0;0
22/11/2019;18:29:53;202;com vítima;87;BR-290/RS;Leste;Colisão - Traseira;1;0;0;1;0;0;0;0;0;0;1;1;0;0;0
22/11/2019;18:51:00;205;Sem vítima;21;BR-448/RS;Sul;Choque Defensa;1;0;0;0;0;0;0;0;0;0;1;0;0;0;0
22/11/2019;19:07:51;211;com vítima;23;BR-101/RS;Norte;Colisão - Lateral;2;0;0;0;0;0;0;0;0;0;1;1;0;0;0
22/11/2019;19:31:23;217;com vítima;353;BR-386/RS;Sul;Atropelamento - Usuário;0;0;0;0;1;0;0;0;0;0;1;0;0;0;1
22/11/2019;20:25:27;230;Sem vítima;35;BR-101/RS;Sul;Queda de ribanceira;1;0;0;0;0;0;0;0;0;0;2;0;0;0;0
22/11/2019;21:13:52;236;Sem vítima;12;BR-448/RS;Sul;Colisão - Traseira;1;0;0;0;0;0;0;0;0;0;1;0;0;0;0
22/11/2019;21:51:33;245;com vítima;18;BR-290/RS;Oeste;Saída de pista;1;0;0;0;0;0;0;0;0;0;0;1;0;0;0
23/11/2019;00:59:59;4;Sem vítima;15;BR-290/RS;Oeste;Queda de ribanceira;1;0;0;0;0;0;0;0;0;0;1;0;0;0;0
23/11/2019;06:07:32;22;com vítima;21;BR-448/RS;Sul;Saída de pista;1;0;0;0;0;0;0;0;0;0;1;1;0;0;0
23/11/2019;09:28:03;61;Sem vítima;64;BR-101/RS;Sul;Saída de pista;1;0;0;0;0;0;0;0;0;0;2;0;0;0;0
23/11/2019;11:08:05;89;com vítima;31;BR-290/RS;Leste;Saída de pista;1;0;0;0;0;0;0;0;0;0;1;1;0;0;0
23/11/2019;11:17:57;92;Sem vítima;353;BR-386/RS;Sul;Colisão - Traseira;2;0;0;0;0;0;0;0;0;0;2;0;0;0;0
23/11/2019;11:43:51;98;Sem vítima;26;BR-290/RS;Leste;Saída de pista;1;0;0;0;0;0;0;0;0;0;1;0;0;0;0
23/11/2019;14:20:58;115;com vítima;399;BR-386/RS;Sul;Queda de moto;0;0;0;1;0;0;0;0;0;0;0;0;1;0;0
23/11/2019;15:16:29;121;com vítima;338;BR-386/RS;Norte;Colisão - Traseira;3;0;0;0;0;0;0;0;0;0;3;0;1;0;0
23/11/2019;15:18:16;122;com vítima;34;BR-290/RS;Oeste;Saída de pista;1;0;0;0;0;0;0;0;0;0;1;3;0;0;0
23/11/2019;21:10:00;163;Sem vítima;11;BR-290/RS;Oeste;Atropelamento de Animal;0;0;0;0;0;0;0;0;0;0;2;0;0;0;0
24/11/2019;06:00:13;21;com vítima;419;BR-386/RS;Sul;Queda de ribanceira;1;0;0;0;0;0;0;0;0;0;0;2;2;0;0
24/11/2019;11:42:39;69;com vítima;77;BR-290/RS;Leste;Choque Praça - Submarino;1;0;0;0;0;0;0;0;0;0;0;1;1;0;0
24/11/2019;14:23:04;93;Sem vítima;355;BR-386/RS;Sul;Colisão - Traseira;2;0;0;0;0;0;0;0;0;0;2;0;0;0;0
24/11/2019;18:09:57;130;com vítima;205;BR-386/RS;Sul;Capotamento;1;0;0;0;0;0;0;0;0;0;1;2;0;0;0
25/11/2019;02:41:35;15;Sem vítima;435;BR-386/RS;Norte;Atropelamento de Animal;0;0;0;0;1;0;0;0;0;0;1;0;0;0;0
25/11/2019;07:50:08;59;Sem vítima;89;BR-290/RS;Oeste;Colisão - Traseira;3;0;0;0;0;0;0;0;0;0;6;0;0;0;0
25/11/2019;08:39:55;77;com vítima;87;BR-290/RS;Oeste;Colisão - Traseira;1;0;0;1;0;0;0;0;0;0;3;1;0;0;0
25/11/2019;12:39:44;128;Sem vítima;415;BR-386/RS;Norte;Tombamento;0;0;1;0;0;0;0;0;0;0;1;0;0;0;0
25/11/2019;16:13:27;166;Sem vítima;19;BR-101/RS;Sul;Colisão - Lateral;2;0;1;0;0;0;0;0;0;0;2;0;0;0;0
25/11/2019;16:17:37;168;com vítima;97;BR-290/RS;Oeste;Queda de moto;0;0;0;1;0;0;0;0;0;0;0;1;0;0;0
25/11/2019;18:16:57;194;com vítima;52,24;BR-290/RS;Oeste;Colisão - Traseira;2;0;0;0;0;0;0;0;0;0;2;3;0;0;0
26/11/2019;01:59:10;4;Sem vítima;354;BR-386/RS;Norte;Choque Defensa;1;0;0;0;0;0;0;0;0;0;2;0;0;0;0
26/11/2019;14:37:51;120;Sem vítima;95;BR-290/RS;Oeste;Colisão - Traseira;2;0;0;0;0;0;0;0;0;0;2;0;0;0;0
26/11/2019;15:37:00;129;com vítima;94;BR-290/RS;Leste;Colisão - Lateral;2;0;1;0;0;0;0;0;0;0;3;0;2;0;0
26/11/2019;16:48:03;138;Sem vítima;71;BR-290/RS;Leste;Queda de ribanceira;0;0;0;0;1;0;0;0;0;0;1;0;0;0;0
26/11/2019;16:57:20;141;Sem vítima;14;BR-101/RS;Norte;Tombamento;0;0;1;0;0;0;0;0;0;0;1;0;0;0;0
26/11/2019;18:06:33;152;com vítima;21,04;BR-448/RS;Norte;Choque Barreira;2;0;1;0;0;0;0;0;0;0;0;0;1;0;0
26/11/2019;19:10:36;160;Sem vítima;248;BR-386/RS;Norte;Queda de ribanceira;0;0;0;0;0;0;0;0;0;0;1;0;0;0;0
26/11/2019;19:16:50;162;Sem vítima;14;BR-290/RS;Leste;Tombamento;0;0;0;0;1;0;0;0;0;0;2;0;0;0;0
26/11/2019;21:40:59;170;Sem vítima;349;BR-386/RS;Sul;Colisão - Traseira;2;0;0;0;0;0;0;0;0;0;2;0;0;0;0
26/11/2019;22:41:58;176;Sem vítima;12;BR-290/RS;Leste;Atropelamento de Animal;1;0;0;0;0;0;0;0;0;0;2;0;0;0;0
27/11/2019;00:03:28;1;Sem vítima;35;BR-101/RS;Sul;Tombamento;0;0;1;0;0;0;0;0;0;0;1;0;0;0;0
27/11/2019;08:45:08;61;com vítima;95;BR-290/RS;Oeste;Colisão - Lateral;1;0;0;1;0;0;0;0;0;0;1;1;0;0;0
27/11/2019;09:31:52;72;com vítima;96;BR-290/RS;Oeste;Colisão - Lateral;1;0;0;1;0;0;0;0;0;0;3;1;0;0;0
27/11/2019;09:49:47;76;Sem vítima;410;BR-386/RS;Norte;Colisão - Traseira;1;0;2;0;0;0;0;0;0;0;3;0;0;0;0
27/11/2019;10:39:16;81;Sem vítima;13;BR-448/RS;Sul;Colisão - Traseira;0;0;2;0;0;0;0;0;0;0;2;0;0;0;0
27/11/2019;15:27:34;122;Sem vítima;87;BR-290/RS;Oeste;Colisão - Traseira;1;0;0;0;1;0;0;0;0;0;2;0;0;0;0
27/11/2019;20:07:14;169;com vítima;57;BR-290/RS;Oeste;Capotamento;1;0;0;0;0;0;0;0;0;0;1;1;0;0;0
27/11/2019;20:12:18;170;Sem vítima;248,1;BR-386/RS;Sul;Saída de pista;1;0;0;0;0;0;0;0;0;0;2;0;0;0;0
27/11/2019;22:26:53;186;com vítima;75;BR-101/RS;Ambos;Capotamento;1;0;0;0;0;0;0;0;0;0;1;1;0;0;0
28/11/2019;07:32:54;47;com vítima;308;BR-386/RS;Sul;Colisão - Traseira;0;0;2;0;0;0;0;0;0;0;1;0;0;0;1
28/11/2019;14:00:51;155;Sem vítima;234;BR-386/RS;Norte;Saída de pista;1;0;0;0;0;0;0;0;0;0;1;0;0;0;0
29/11/2019;06:53:11;21;Sem vítima;87;BR-290/RS;Oeste;Engavetamento;3;0;0;0;0;0;0;0;0;0;5;0;0;0;0
29/11/2019;07:25:48;32;com vítima;87;BR-290/RS;Oeste;Engavetamento;3;0;0;0;0;0;0;0;0;0;3;1;0;0;0
29/11/2019;08:31:59;61;com vítima;435;BR-386/RS;Norte;Colisão - Transversal;2;0;0;0;0;0;0;0;0;0;1;1;0;0;0
29/11/2019;08:38:09;66;Sem vítima;2;BR-290/RS;Oeste;Queda de ribanceira;1;0;0;0;0;0;0;0;0;0;1;0;0;0;0
29/11/2019;09:17:12;81;com vítima;91;BR-290/RS;Leste;Queda de ribanceira;2;0;0;0;0;0;0;0;0;0;1;1;0;0;0
29/11/2019;11:30:24;117;Sem vítima;96;BR-290/RS;Oeste;Colisão - Lateral;2;0;0;0;0;0;0;0;0;0;2;0;0;0;0
29/11/2019;13:54:22;151;Sem vítima;81;BR-101/RS;Sul;Capotamento;1;0;0;0;0;0;0;0;0;0;2;0;0;0;0
29/11/2019;13:56:10;152;Sem vítima;13;BR-101/RS;Norte;Queda de ribanceira;1;0;0;0;0;0;0;0;0;0;1;0;0;0;0
29/11/2019;16:00:36;184;Sem vítima;36;BR-290/RS;Leste;Queda de ribanceira;1;0;0;0;0;0;0;0;0;0;1;0;0;0;0
29/11/2019;16:29:53;194;Sem vítima;401;BR-386/RS;Sul;Colisão - Traseira;2;0;0;0;0;0;0;0;0;0;2;0;0;0;0
29/11/2019;21:49:12;266;Sem vítima;284;BR-386/RS;Norte;Queda de ribanceira;1;0;0;0;0;0;0;0;0;0;1;0;0;0;0
29/11/2019;22:01:07;268;Sem vítima;407;BR-386/RS;Sul;Queda de ribanceira;1;0;0;0;0;0;0;0;0;0;1;0;0;0;0
30/11/2019;01:23:40;8;com vítima;440;BR-386/RS;Norte;Queda de moto;0;0;0;1;0;0;0;0;0;0;0;1;0;0;0
30/11/2019;01:47:35;11;com vítima;92;BR-290/RS;Leste;Colisão - Traseira;1;0;0;0;0;0;0;0;0;0;0;1;0;0;0
30/11/2019;02:20:36;13;com vítima;73;BR-290/RS;Leste;Tombamento;0;0;0;1;0;0;0;0;0;0;13;14;2;0;0
30/11/2019;05:49:47;26;com vítima;24;BR-290/RS;Leste;Capotamento;1;0;0;0;0;0;0;0;0;0;0;2;1;0;0
30/11/2019;15:30:36;165;com vítima;28;BR-290/RS;Oeste;Queda de moto;0;0;1;1;0;0;0;0;0;0;0;1;0;0;1
30/11/2019;18:01:49;202;Sem vítima;435;BR-386/RS;Sul;Colisão - Traseira;2;0;0;0;0;0;0;0;0;0;5;0;0;0;0
30/11/2019;18:18:38;206;Sem vítima;43;BR-101/RS;Norte;Colisão - Traseira;2;0;0;0;0;0;0;0;0;0;2;0;0;0;0
30/11/2019;19:43:45;221;Sem vítima;77;BR-290/RS;Leste;Outros;2;0;0;0;0;0;0;0;0;0;2;0;0;0;0
01/12/2019;06:35:27;28;Sem vítima;88;BR-290/RS;Leste;Colisão - Traseira;2;0;0;0;0;0;0;0;0;0;1;0;0;0;0
01/12/2019;05:45:11;34;Sem vítima;35;BR-290/RS;Leste;Saída de pista;1;0;0;0;0;0;0;0;0;0;1;0;0;0;0
01/12/2019;17:08:26;158;Sem vítima;68;BR-290/RS;Oeste;Colisão - Traseira;2;0;0;0;0;0;0;0;0;0;3;0;0;0;0
01/12/2019;21:07:15;201;Sem vítima;29;BR-290/RS;Oeste;Atropelamento de Animal;1;0;0;0;0;0;0;0;0;0;2;0;0;0;0
01/12/2019;22:21:19;213;Sem vítima;374;BR-386/RS;Norte;Saída de pista;1;0;0;0;0;0;0;0;0;0;4;0;0;0;0
01/12/2019;22:22:26;214;Sem vítima;446;BR-386/RS;Norte;Choque Defensa;1;0;0;0;0;0;0;0;0;0;2;0;0;0;0
01/12/2019;22:28:30;215;Sem vítima;303;BR-386/RS;Norte;Outros;0;0;1;0;0;0;0;0;0;0;1;0;0;0;0
02/12/2019;08:01:37;50;com vítima;7;BR-101/RS;Sul;Colisão - Traseira;0;0;1;1;0;0;0;0;0;0;1;0;0;1;0
02/12/2019;14:15:01;127;com vítima;426;BR-386/RS;Norte;Atropelamento - Funcionário;1;0;0;0;0;0;0;0;0;0;1;0;0;1;0
02/12/2019;15:07:14;142;Sem vítima;4;BR-290/RS;Oeste;Queda de ribanceira;1;0;0;0;0;0;0;0;0;0;2;0;0;0;0
02/12/2019;15:34:35;149;com vítima;82;BR-290/RS;Oeste;Queda de moto;0;0;0;1;0;0;0;0;0;0;1;1;0;0;0
02/12/2019;17:49:54;172;Sem vítima;388;BR-386/RS;Sul;Colisão - Traseira;1;0;1;0;0;0;0;0;0;0;2;0;0;0;0
02/12/2019;20:57:33;208;com vítima;11;BR-101/RS;Norte;Queda de ribanceira;0;0;0;1;0;0;0;0;0;0;0;2;0;0;0
02/12/2019;21:09:00;211;Sem vítima;63;BR-290/RS;Leste;Atropelamento de Animal;1;0;0;0;0;0;0;0;0;0;1;0;0;0;0
03/12/2019;07:36:31;10;Sem vítima;11;BR-448/RS;Sul;Colisão - Traseira;2;0;0;0;0;0;0;0;0;0;8;0;0;0;0
03/12/2019;12:58:11;101;com vítima;4;BR-448/RS;Sul;Queda de moto;0;0;0;1;0;0;0;0;0;0;0;0;1;0;0
03/12/2019;17:24:46;161;Sem vítima;97;BR-290/RS;Leste;Colisão - Traseira;1;0;1;0;0;0;0;0;0;0;2;0;0;0;0
03/12/2019;18:21:50;174;Sem vítima;430;BR-386/RS;Sul;Colisão - Traseira;0;0;2;0;0;0;0;0;0;0;2;0;0;0;0
03/12/2019;18:22:56;175;Sem vítima;76;BR-290/RS;Oeste;Capotamento;1;0;0;0;0;0;0;0;0;0;1;0;0;0;0
03/12/2019;23:20:14;206;com vítima;97;BR-290/RS;Leste;Atropelamento - Usuário;0;0;1;0;0;1;0;0;0;0;0;0;0;1;0
04/12/2019;03:01:35;19;Sem vítima;303;BR-386/RS;Norte;Capotamento;1;0;0;0;0;0;0;0;0;0;1;0;0;0;0
04/12/2019;03:26:23;22;Sem vítima;54;BR-290/RS;Oeste;Atropelamento de Animal;1;0;0;0;0;0;0;0;0;0;3;0;0;0;0
04/12/2019;14:55:05;181;com vítima;260;BR-386/RS;Sul;Atropelamento - Morador/Trabalhador/Estudante;0;0;1;0;0;0;0;0;0;0;0;0;1;0;0
04/12/2019;14:57:09;183;Sem vítima;264;BR-386/RS;Sul;Queda de ribanceira;1;0;0;0;0;0;0;0;0;0;3;0;0;0;0
04/12/2019;17:56:09;223;Sem vítima;88;BR-290/RS;Leste;Engavetamento;4;0;0;0;1;0;0;0;0;0;4;0;0;0;0
04/12/2019;17:57:30;224;com vítima;14;BR-290/RS;Leste;Saída de pista;1;0;0;0;0;0;0;0;0;0;2;1;1;0;0
05/12/2019;12:20:09;142;Sem vítima;33;BR-101/RS;Ambos;Choque Praça - Cabine;0;0;1;0;0;0;0;0;0;0;1;0;0;0;0
05/12/2019;14:47:12;159;Sem vítima;416;BR-386/RS;Norte;Queda de ribanceira;1;0;0;0;0;0;0;0;0;0;1;0;0;0;0
05/12/2019;17:22:25;183;com vítima;91;BR-290/RS;Leste;Colisão - Lateral;0;0;0;1;0;1;0;0;0;0;0;1;0;0;0
05/12/2019;20:45:11;217;com vítima;265;BR-386/RS;Sul;Saída de pista;1;0;0;0;0;0;0;0;0;0;0;0;0;1;0