data;horario;n_da_ocorrencia;tipo_de_ocorrencia;km;trecho;sentido;tipo_de_acidente;automovel;bicicleta;caminhao;moto;onibus;outros;tracao_animal;transporte_de_cargas_especiais;trator_maquinas;utilitarios;ilesos;levemente_feridos;moderadamente_feridos;gravemente_feridos;mortos
27/12/2019;12:56:55;189;com vítima;296;BR-386/RS;Sul;Tombamento;0;0;1;0;0;0;0;0;0;0;0;1;0;0;0
27/12/2019;13:05:13;194;com vítima;38;BR-290/RS;Leste;Colisão - Traseira;2;0;0;0;0;0;0;0;0;0;2;0;1;0;0
27/12/2019;13:15:46;197;Sem vítima;40,08;BR-290/RS;Leste;Colisão - Traseira;1;0;0;0;0;0;0;0;0;0;1;0;0;0;0
27/12/2019;14:27:52;213;Sem vítima;48;BR-290/RS;Leste;Colisão - Lateral;2;0;0;0;0;0;0;0;0;0;2;0;0;0;0
27/12/2019;15:12:10;228;Sem vítima;48;BR-290/RS;Leste;Colisão - Traseira;1;0;0;1;0;0;0;0;0;0;1;0;0;0;0
27/12/2019;15:21:50;232;Sem vítima;42;BR-290/RS;Leste;Engavetamento;4;0;0;0;0;0;0;0;0;0;4;0;0;0;0
27/12/2019;15:40:27;238;com vítima;60;BR-290/RS;Oeste;Saída de pista;0;0;0;0;1;0;0;0;0;0;1;0;1;0;0
27/12/2019;15:55:01;244;Sem vítima;48;BR-290/RS;Leste;Colisão - Traseira;2;0;0;0;0;0;0;0;0;0;1;0;0;0;0
27/12/2019;17:52:12;283;Sem vítima;248;BR-386/RS;Sul;Colisão - Traseira;2;0;0;0;0;0;0;0;0;0;2;0;0;0;0
27/12/2019;23:40:40;360;Sem vítima;70;BR-290/RS;Oeste;Colisão - Traseira;2;0;0;0;0;0;0;0;0;0;2;0;0;0;0
28/12/2019;04:08:27;29;Sem vítima;30;BR-290/RS;Oeste;Saída de pista;1;0;0;0;0;0;0;0;0;0;2;0;0;0;0
28/12/2019;06:32:19;49;com vítima;387;BR-386/RS;Sul;Queda de moto;1;0;0;0;0;0;0;0;0;0;0;1;0;0;0
28/12/2019;06:50:35;53;Sem vítima;11;BR-448/RS;Norte;Choque Barreira;1;0;0;0;0;0;0;0;0;0;2;0;0;0;0
28/12/2019;07:03:02;61;Sem vítima;22;BR-290/RS;Leste;Colisão - Traseira;3;0;0;0;0;0;0;0;0;0;8;0;0;0;0
28/12/2019;07:46:26;81;Sem vítima;63;BR-290/RS;Leste;Colisão - Traseira;2;0;0;0;0;0;0;0;0;0;2;0;0;0;0
28/12/2019;07:52:49;85;com vítima;350;BR-386/RS;Norte;Colisão - Traseira;2;0;0;0;0;0;0;0;0;0;1;0;1;0;0
28/12/2019;08:28:22;107;com vítima;272;BR-386/RS;Sul;Queda de ribanceira;1;0;0;0;0;0;0;0;0;0;3;0;1;0;0
28/12/2019;10:13:32;164;Sem vítima;192;BR-386/RS;Norte;Engavetamento;3;0;0;0;0;0;0;0;0;0;7;0;0;0;0
28/12/2019;10:52:30;181;Sem vítima;198;BR-386/RS;Norte;Engavetamento;3;0;0;0;0;0;0;0;0;0;10;0;0;0;0
28/12/2019;11:11:34;186;com vítima;344;BR-386/RS;Norte;Colisão - Traseira;1;0;0;1;0;0;0;0;0;0;3;1;0;0;0
28/12/2019;14:17:54;255;Sem vítima;33;BR-290/RS;Leste;Colisão - Traseira;3;0;0;0;0;0;0;0;0;0;3;0;0;0;0
28/12/2019;16:51:42;312;Sem vítima;360;BR-386/RS;Sul;Queda de ribanceira;1;0;0;0;0;0;0;0;0;0;1;0;0;0;0
28/12/2019;16:54:19;315;Sem vítima;77;BR-290/RS;Leste;Colisão - Traseira;1;0;0;0;1;0;0;0;0;0;2;0;0;0;0
28/12/2019;18:38:39;349;com vítima;377;BR-386/RS;Sul;Capotamento;1;0;0;0;0;0;0;0;0;0;1;0;4;0;0
29/12/2019;02:40:34;13;com vítima;44;BR-290/RS;Leste;Choque - Arvore;1;0;0;0;0;0;0;0;0;0;0;1;0;0;0
29/12/2019;03:01:50;15;com vítima;227;BR-386/RS;Sul;Colisão - Frontal;1;0;1;0;0;0;0;0;0;0;0;2;1;0;1
29/12/2019;08:31:20;82;Sem vítima;86;BR-290/RS;Oeste;Colisão - Traseira;1;0;0;0;0;0;0;0;0;0;1;0;0;0;0
29/12/2019;09:53:13;118;com vítima;279;BR-386/RS;Norte;Colisão - Frontal;2;0;0;0;0;0;0;0;0;0;0;0;5;0;0
29/12/2019;11:35:45;157;Sem vítima;417;BR-386/RS;Sul;Choque Defensa;1;0;0;0;0;0;0;0;0;0;5;0;0;0;0
29/12/2019;14:04:00;190;Sem vítima;21;BR-101/RS;Norte;Queda de ribanceira;1;0;0;0;0;0;0;0;0;0;4;0;0;0;0
29/12/2019;16:05:48;230;Sem vítima;362;BR-386/RS;Sul;Queda de ribanceira;1;0;0;0;0;0;0;0;0;0;3;0;0;0;0
29/12/2019;16:23:31;237;Sem vítima;435;BR-386/RS;Norte;Colisão - Transversal;1;0;0;0;0;0;0;0;0;0;2;0;0;0;0
29/12/2019;16:27:14;240;com vítima;65;BR-290/RS;Oeste;Capotamento;1;0;0;0;0;0;0;0;0;0;0;1;0;0;0
29/12/2019;18:43:25;283;com vítima;34;BR-290/RS;Leste;Saída de pista;1;0;0;0;0;0;0;0;0;0;0;1;0;0;0
29/12/2019;20:19:58;307;Sem vítima;87;BR-101/RS;Sul;Colisão - Lateral;1;0;1;0;0;0;0;0;0;0;2;0;0;0;0
29/12/2019;23:23:30;338;Sem vítima;333;BR-386/RS;Sul;Capotamento;1;0;0;0;0;0;0;0;0;0;2;0;0;0;0
30/12/2019;00:07:28;2;com vítima;46;BR-290/RS;Leste;Queda de moto;0;0;0;1;0;0;0;0;0;0;1;1;0;0;0
30/12/2019;05:24:13;37;com vítima;51;BR-101/RS;Norte;Capotamento;1;0;0;0;0;0;0;0;0;0;0;3;0;1;0
30/12/2019;08:14:58;77;com vítima;91;BR-290/RS;Oeste;Colisão - Lateral;1;0;0;1;0;0;0;0;0;0;1;0;1;0;0
30/12/2019;10:28:13;122;com vítima;63;BR-290/RS;Leste;Capotamento;1;0;0;0;0;0;0;0;0;0;2;1;0;0;0
30/12/2019;11:00:44;130;Sem vítima;46;BR-290/RS;Leste;Colisão - Lateral;1;0;1;0;0;0;0;0;0;0;2;0;0;0;0
30/12/2019;13:16:18;173;Sem vítima;226;BR-386/RS;Norte;Colisão - Traseira;1;0;1;0;0;0;0;0;0;0;4;0;0;0;0
30/12/2019;15:23:28;208;Sem vítima;92;BR-290/RS;Leste;Colisão - Lateral;1;0;0;1;0;0;0;0;0;0;1;0;0;0;0
30/12/2019;16:02:48;217;com vítima;15;BR-101/RS;Norte;Colisão - Traseira;2;0;0;0;0;0;0;0;0;0;2;0;1;0;0
30/12/2019;17:04:42;238;Sem vítima;92;BR-290/RS;Leste;Engavetamento;1;0;0;0;0;0;0;0;0;0;1;0;0;0;0
31/12/2019;03:57:06;34;Sem vítima;42;BR-290/RS;Leste;Queda de ribanceira;1;0;0;0;0;0;0;0;0;0;2;0;0;0;0
31/12/2019;08:06:01;76;com vítima;61;BR-290/RS;Oeste;Capotamento;1;0;0;0;0;0;0;0;0;0;0;1;0;0;0
31/12/2019;08:20:28;81;com vítima;3;BR-290/RS;Leste;Queda de moto;0;0;0;1;0;0;0;0;0;0;1;0;1;0;0
31/12/2019;12:54:05;146;Sem vítima;19,27;BR-290/RS;Leste;Colisão - Traseira;2;0;0;0;0;0;0;0;0;0;2;0;0;0;0
31/12/2019;12:56:26;150;com vítima;98;BR-290/RS;Oeste;Queda de moto;0;0;0;1;0;0;0;0;0;0;0;1;0;0;0
31/12/2019;13:35:59;160;com vítima;197;BR-386/RS;Norte;Queda de ribanceira;1;0;0;0;0;0;0;0;0;0;2;1;0;0;0
31/12/2019;14:51:19;183;Sem vítima;19;BR-101/RS;Sul;Saída de pista;1;0;0;0;0;0;0;0;0;0;2;0;0;0;0
31/12/2019;15:15:17;192;com vítima;1;BR-290/RS;Leste;Choque Defensa;1;0;0;0;0;0;0;0;0;0;1;1;0;0;0
31/12/2019;15:42:18;204;Sem vítima;234;BR-386/RS;Norte;Saída de pista;1;0;0;0;0;0;0;0;0;0;2;0;0;0;0
31/12/2019;16:25:07;223;Sem vítima;355;BR-386/RS;Norte;Capotamento;1;0;0;0;0;0;0;0;0;0;2;0;0;0;0
31/12/2019;18:11:11;255;Sem vítima;362;BR-386/RS;Sul;Capotamento;1;0;0;0;0;0;0;0;0;0;2;0;0;0;0
31/12/2019;18:35:23;263;Sem vítima;91;BR-290/RS;Leste;Queda de ribanceira;1;0;0;0;0;0;0;0;0;0;2;0;0;0;0
31/12/2019;19:26:23;275;com vítima;71;BR-290/RS;Leste;Colisão - Traseira;2;0;0;0;0;0;0;0;0;0;0;1;1;3;1
31/12/2019;22:04:06;308;Sem vítima;20;BR-290/RS;Leste;Colisão - Traseira;3;0;0;0;0;0;0;0;0;0;8;0;0;0;0
31/12/2019;23:13:29;317;com vítima;72;BR-290/RS;Ambos;Capotamento;1;0;0;0;0;0;0;0;0;0;0;0;1;0;0
01/01/2020;00:38:38;3;com vítima;97;BR-290/RS;Leste;Queda de moto;0;0;0;1;0;0;0;0;0;0;1;1;0;0;0
01/01/2020;07:03:55;38;Sem vítima;14;BR-290/RS;Leste;Queda de ribanceira;1;0;0;0;0;0;0;0;0;0;3;0;0;0;0
01/01/2020;14:26:07;172;Sem vítima;273;BR-386/RS;Sul;Colisão - Traseira;2;0;0;0;0;0;0;0;0;0;6;0;0;0;0
01/01/2020;14:35:47;176;Sem vítima;53;BR-290/RS;Oeste;Colisão - Traseira;2;0;0;0;0;0;0;0;0;0;2;0;0;0;0
01/01/2020;14:46:43;179;Sem vítima;49;BR-290/RS;Oeste;Colisão - Traseira;2;0;0;0;0;0;0;0;0;0;6;0;0;0;0
01/01/2020;14:56:56;182;Sem vítima;22;BR-448/RS;Norte;Choque Barreira;1;0;0;0;0;0;0;0;0;0;1;0;0;0;0
01/01/2020;15:20:32;187;Sem vítima;53;BR-290/RS;Leste;Colisão - Traseira;2;0;0;0;0;0;0;0;0;0;2;0;0;0;0
01/01/2020;15:31:04;191;Sem vítima;43;BR-290/RS;Oeste;Colisão - Traseira;4;0;0;0;0;0;0;0;0;0;4;0;0;0;0
01/01/2020;16:58:28;215;Sem vítima;16;BR-290/RS;Oeste;Engavetamento;3;0;0;0;0;0;0;0;0;0;3;0;0;0;0
01/01/2020;17:24:21;230;Sem vítima;57;BR-290/RS;Oeste;Colisão - Traseira;2;0;0;0;0;0;0;0;0;0;2;0;0;0;0
01/01/2020;17:43:15;239;Sem vítima;58;BR-290/RS;Oeste;Colisão - Traseira;2;0;0;0;0;0;0;0;0;0;2;0;0;0;0
01/01/2020;18:06:54;245;Sem vítima;190;BR-386/RS;Norte;Colisão - Traseira;2;0;0;0;0;0;0;0;0;0;2;0;0;0;0
01/01/2020;19:03:14;260;Sem vítima;70;BR-101/RS;Sul;Saída de pista;1;0;0;0;0;0;0;0;0;0;3;0;0;0;0
02/01/2020;07:28:33;65;Sem vítima;14;BR-290/RS;Oeste;Queda de ribanceira;1;0;0;0;0;0;0;0;0;0;1;0;0;0;0
02/01/2020;08:58:17;103;com vítima;38;BR-290/RS;Leste;Capotamento;1;0;0;0;0;0;0;0;0;0;0;0;0;3;0
02/01/2020;08:55:37;104;com vítima;24;BR-290/RS;Oeste;Queda de moto;0;0;0;1;0;0;0;0;0;0;1;0;1;0;0
02/01/2020;09:45:07;126;Sem vítima;35;BR-290/RS;Oeste;Colisão - Traseira;2;0;0;0;0;0;0;0;0;0;2;0;0;0;0
02/01/2020;10:34:45;139;Sem vítima;15;BR-290/RS;Oeste;Colisão - Traseira;2;0;0;0;0;0;0;0;0;0;2;0;0;0;0
02/01/2020;10:46:01;143;com vítima;14;BR-290/RS;Oeste;Colisão - Traseira;1;0;0;1;0;0;0;0;0;0;1;1;0;0;0
02/01/2020;10:51:58;144;Sem vítima;15,22;BR-290/RS;Oeste;Colisão - Traseira;2;0;0;0;0;0;0;0;0;0;2;0;0;0;0
02/01/2020;11:48:16;163;Sem vítima;1;BR-290/RS;Oeste;Engavetamento;3;0;0;0;0;0;0;0;0;0;3;0;0;0;0
02/01/2020;12:12:42;166;com vítima;374;BR-386/RS;Sul;Colisão - Traseira;1;0;1;0;0;0;0;0;0;0;1;0;1;0;0
02/01/2020;12:46:40;184;Sem vítima;20;BR-290/RS;Oeste;Colisão - Traseira;2;0;0;0;0;0;0;0;0;0;2;0;0;0;0
02/01/2020;14:29:14;212;Sem vítima;43;BR-290/RS;Oeste;Colisão - Lateral;2;0;0;0;0;0;0;0;0;0;2;0;0;0;0
02/01/2020;18:49:27;269;Sem vítima;93;BR-290/RS;Leste;Queda de moto;1;0;0;0;0;0;0;0;0;0;2;0;0;0;0
02/01/2020;20:14:35;294;com vítima;50;BR-101/RS;Norte;Saída de pista;1;0;0;0;0;0;0;0;0;0;2;1;0;0;0
02/01/2020;20:32:22;299;Sem vítima;32;BR-101/RS;Sul;Atropelamento de Animal;1;0;0;0;0;0;0;0;0;0;5;0;0;0;0
03/01/2020;05:28:15;22;com vítima;423;BR-386/RS;Norte;Saída de pista;0;0;1;0;0;0;0;0;0;0;0;1;0;0;0
03/01/2020;08:37:40;77;com vítima;26;BR-290/RS;Oeste;Colisão - Lateral;0;0;0;1;0;0;0;1;0;0;2;0;1;1;0
03/01/2020;11:14:02;128;Sem vítima;17;BR-290/RS;Oeste;Engavetamento;3;0;0;0;0;0;0;0;0;0;12;0;0;0;0
03/01/2020;11:35:11;131;Sem vítima;15;BR-290/RS;Ambos;Saída de pista;1;0;0;0;0;0;0;0;0;0;2;0;0;0;0
03/01/2020;12:01:50;139;Sem vítima;196;BR-386/RS;Sul;Queda de ribanceira;2;0;0;0;0;0;0;0;0;0;5;0;0;0;0
03/01/2020;12:33:55;146;Sem vítima;53;BR-290/RS;Leste;Atropelamento de Animal;1;0;0;0;0;0;0;0;0;0;1;0;0;0;0
03/01/2020;13:27:45;164;Sem vítima;3;BR-290/RS;Leste;Colisão - Lateral;2;0;0;0;0;0;0;1;0;0;6;0;0;0;0
03/01/2020;14:14:13;169;Sem vítima;417;BR-386/RS;Sul;Saída de pista;1;0;0;0;0;0;0;0;0;0;1;0;0;0;0
03/01/2020;14:58:11;173;Sem vítima;94;BR-290/RS;Leste;Choque Barreira;1;0;0;0;0;0;0;0;0;0;1;0;0;0;0
03/01/2020;15:16:33;176;Sem vítima;3;BR-101/RS;Norte;Colisão - Lateral;1;0;1;0;0;0;0;0;0;0;6;0;0;0;0
03/01/2020;16:07:40;187;Sem vítima;340;BR-386/RS;Sul;Colisão - Traseira;2;0;0;0;0;0;0;0;0;0;7;0;0;0;0
03/01/2020;16:17:23;191;Sem vítima;442;BR-386/RS;Sul;Choque - Poste;0;0;0;0;0;0;0;0;0;0;1;0;0;0;0
03/01/2020;16:21:00;193;Sem vítima;33;BR-101/RS;Norte;Choque Praça - Cabine;1;0;1;1;0;0;0;0;0;0;2;0;0;0;0
03/01/2020;16:42:04;202;Sem vítima;82;BR-101/RS;Norte;Saída de pista;1;0;0;0;0;0;0;0;0;0;1;0;0;0;0
04/01/2020;00:25:41;6;com vítima;348;BR-386/RS;Sul;Queda de ribanceira;1;0;0;0;0;0;0;0;0;0;0;1;0;0;0
04/01/2020;02:52:11;14;Sem vítima;47;BR-290/RS;Oeste;Queda de ribanceira;1;0;0;0;0;0;0;0;0;0;1;0;0;0;0
04/01/2020;07:46:12;44;com vítima;215;BR-386/RS;Norte;Colisão - Lateral;2;0;0;0;0;0;0;0;0;0;2;2;0;0;0
04/01/2020;09:59:43;77;Sem vítima;71;BR-290/RS;Leste;Colisão - Lateral;2;0;0;0;0;0;0;0;0;0;5;0;0;0;0
04/01/2020;12:49:51;116;Sem vítima;2;BR-290/RS;Oeste;Saída de pista;1;0;0;0;0;0;0;0;0;0;1;0;0;0;0
04/01/2020;14:36:17;146;Sem vítima;78,39;BR-290/RS;Oeste;Colisão - Lateral;2;0;0;0;0;0;0;0;0;0;6;0;0;0;0
04/01/2020;14:45:05;150;com vítima;67;BR-290/RS;Leste;Capotamento;1;0;0;0;0;0;0;0;0;0;0;1;0;0;0
04/01/2020;15:28:07;164;Sem vítima;65;BR-290/RS;Oeste;Colisão - Traseira;2;0;0;0;0;0;0;0;0;0;1;0;0;0;0
04/01/2020;16:16:37;176;Sem vítima;71;BR-101/RS;Sul;Colisão - Traseira;2;0;0;0;0;0;0;0;0;0;4;0;0;0;0
04/01/2020;16:29:59;180;Sem vítima;351;BR-386/RS;Norte;Colisão - Lateral;2;0;0;0;0;0;0;0;0;0;2;0;0;0;0
04/01/2020;19:30:43;234;com vítima;7;BR-101/RS;Sul;Colisão - Traseira;2;0;0;0;0;0;0;0;0;0;3;0;1;0;0
04/01/2020;20:37:56;245;com vítima;72;BR-290/RS;Oeste;Capotamento;1;0;0;0;0;0;0;0;0;0;1;1;1;1;0
05/01/2020;04:41:43;19;Sem vítima;59;BR-290/RS;Oeste;Queda de ribanceira;1;0;0;0;0;0;0;0;0;0;1;0;0;0;0
05/01/2020;06:47:20;28;Sem vítima;42;BR-290/RS;Oeste;Capotamento;1;0;0;0;0;0;0;0;0;0;2;0;0;0;0
05/01/2020;11:50:44;98;Sem vítima;28;BR-290/RS;Ambos;Saída de pista;1;0;0;0;0;0;0;0;0;0;4;0;0;0;0
05/01/2020;14:10:03;137;com vítima;404;BR-386/RS;Norte;Queda de moto;0;0;0;1;0;0;0;0;0;0;1;1;0;0;0
05/01/2020;15:33:04;154;Sem vítima;1;BR-290/RS;Oeste;Choque Barreira;2;0;0;0;0;0;0;0;0;0;5;0;0;0;0
05/01/2020;15:35:57;155;Sem vítima;59;BR-290/RS;Oeste;Queda de ribanceira;1;0;0;0;0;0;0;0;0;0;2;0;0;0;0
05/01/2020;16:16:12;165;Sem vítima;70;BR-101/RS;Sul;Capotamento;1;0;0;0;0;0;0;0;0;0;2;0;0;0;0
05/01/2020;16:50:15;181;com vítima;38;BR-290/RS;Oeste;Queda de moto;0;0;0;1;0;0;0;0;0;0;1;1;0;0;0
05/01/2020;17:48:46;205;Sem vítima;18;BR-290/RS;Oeste;Colisão - Traseira;2;0;0;0;0;0;0;0;0;0;6;0;0;0;0
05/01/2020;20:21:51;249;com vítima;342;BR-386/RS;Norte;Colisão - Traseira;0;0;0;1;0;0;0;0;0;0;0;0;2;0;0
06/01/2020;10:05:00;99;com vítima;245;BR-386/RS;Norte;Colisão - Transversal;1;0;0;1;0;0;0;0;0;0;4;1;0;0;0
06/01/2020;11:40:19;121;Sem vítima;372;BR-386/RS;Sul;Colisão - Lateral;2;0;0;0;0;0;0;0;0;0;3;0;0;0;0
06/01/2020;14:01:33;169;com vítima;409;BR-386/RS;Sul;Queda de ribanceira;1;0;0;0;0;0;0;0;0;0;0;0;1;1;2
06/01/2020;14:41:43;177;Sem vítima;21;BR-448/RS;Norte;Choque Barreira;1;0;0;0;0;0;0;0;0;0;1;0;0;0;0
06/01/2020;15:05:53;183;Sem vítima;77;BR-290/RS;Oeste;Colisão - Traseira;2;0;0;0;0;0;0;0;0;0;2;0;0;0;0
06/01/2020;15:28:17;190;Sem vítima;77;BR-290/RS;Oeste;Colisão - Traseira;2;0;0;0;0;0;0;0;0;0;2;0;0;0;0
06/01/2020;16:20:58;212;Sem vítima;65;BR-290/RS;Oeste;Engavetamento;3;0;0;0;0;0;0;0;0;0;3;0;0;0;0
06/01/2020;20:33:04;274;Sem vítima;7;BR-101/RS;Sul;Queda de ribanceira;1;0;1;0;0;0;0;0;0;0;2;0;0;0;0
06/01/2020;20:57:41;277;Sem vítima;44;BR-290/RS;Leste;Colisão - Lateral;1;0;1;0;0;0;0;0;0;0;2;0;0;0;0
06/01/2020;21:59:25;285;Sem vítima;417;BR-386/RS;Sul;Queda de ribanceira;1;0;0;0;0;0;0;0;0;0;1;0;0;0;0
06/01/2020;23:25:49;290;Sem vítima;77;BR-290/RS;Leste;Colisão - Traseira;1;0;1;0;0;0;0;0;0;0;2;0;0;0;0
07/01/2020;01:50:46;8;Sem vítima;74;BR-290/RS;Oeste;Atropelamento de Animal;1;0;0;0;0;0;0;0;0;0;1;0;0;0;0
07/01/2020;01:04:19;10;Sem vítima;55;BR-290/RS;Leste;Colisão - Lateral;1;0;0;1;0;0;0;0;0;0;2;0;0;0;0
07/01/2020;08:54:10;75;Sem vítima;356;BR-386/RS;Norte;Choque Defensa;1;0;0;0;0;0;0;0;0;0;2;0;0;0;0
07/01/2020;12:37:19;121;Sem vítima;75;BR-101/RS;Ambos;Capotamento;1;0;0;0;0;0;0;0;0;0;1;0;0;0;0
07/01/2020;23:40:20;242;com vítima;89;BR-290/RS;Leste;Queda de ribanceira;1;0;0;0;0;0;0;0;0;0;0;0;1;0;0
08/01/2020;01:37:43;6;Sem vítima;11;BR-290/RS;Leste;Queda de ribanceira;0;0;1;0;0;0;0;0;0;0;1;0;0;0;0
08/01/2020;04:18:59;8;com vítima;49;BR-290/RS;Oeste;Queda de moto;0;0;0;1;0;0;0;0;0;0;0;0;1;0;0
08/01/2020;04:31:30;10;Sem vítima;287;BR-386/RS;Norte;Saída de pista;1;0;0;0;0;0;0;0;0;0;1;0;0;0;0
08/01/2020;04:46:42;12;Sem vítima;44;BR-290/RS;Leste;Queda de moto;0;0;0;1;0;0;0;0;0;0;1;0;0;0;0
08/01/2020;05:22:45;13;com vítima;60;BR-290/RS;Oeste;Saída de pista;1;0;0;0;0;0;0;0;0;0;0;2;0;0;0
08/01/2020;07:47:26;43;Sem vítima;84,33;BR-290/RS;Leste;Choque com objeto sobre a pista;2;0;0;0;0;0;0;0;0;0;2;0;0;0;0
08/01/2020;08:26:43;60;Sem vítima;28;BR-101/RS;Norte;Saída de pista;1;0;0;0;0;0;0;0;0;0;1;0;0;0;0
08/01/2020;10:23:25;107;com vítima;34,44;BR-101/RS;Norte;Colisão - Lateral;2;0;0;0;0;0;0;0;0;0;0;1;1;0;0
08/01/2020;13:03:32;128;Sem vítima;350;BR-386/RS;Sul;Colisão - Traseira;1;0;1;0;0;0;0;0;0;0;3;0;0;0;0
08/01/2020;15:03:23;158;Sem vítima;387;BR-386/RS;Sul;Colisão - Lateral;2;0;0;0;0;0;0;0;0;0;6;0;0;0;0
08/01/2020;15:14:58;162;com vítima;344;BR-386/RS;Norte;Colisão - Lateral;2;0;0;0;0;0;0;0;0;0;1;0;1;0;0
08/01/2020;15:34:47;166;Sem vítima;48;BR-290/RS;Leste;Choque com objeto sobre a pista;2;0;0;0;0;0;0;0;0;0;1;0;0;0;0
08/01/2020;17:53:40;197;com vítima;363;BR-386/RS;Sul;Capotamento;1;0;1;0;0;0;0;0;0;0;0;1;0;2;0
08/01/2020;20:37:09;230;Sem vítima;34;BR-101/RS;Sul;Queda de ribanceira;0;0;0;0;1;0;0;0;0;0;1;0;0;0;0
09/01/2020;05:01:51;15;Sem vítima;94;BR-290/RS;Leste;Colisão - Traseira;2;0;0;0;0;0;0;0;0;0;2;0;0;0;0
09/01/2020;09:58:39;92;Sem vítima;424;BR-386/RS;Sul;Colisão - Lateral;1;0;1;0;0;0;0;0;0;0;3;0;0;0;0
09/01/2020;10:08:49;101;com vítima;298;BR-386/RS;Norte;Engavetamento;3;0;0;0;0;0;0;0;0;0;6;1;0;0;0
09/01/2020;11:12:29;124;com vítima;7;BR-101/RS;Sul;Colisão - Traseira;1;0;0;1;0;0;0;0;0;0;1;2;0;0;0
09/01/2020;14:04:10;162;com vítima;368;BR-386/RS;Norte;Tombamento;0;0;1;0;0;0;0;0;0;0;0;1;0;0;0
10/01/2020;03:42:07;16;Sem vítima;1;BR-448/RS;Norte;Choque Defensa;1;0;0;0;0;0;0;0;0;0;2;0;0;0;0
10/01/2020;08:42:27;73;Sem vítima;57,53;BR-290/RS;Oeste;Colisão - Traseira;0;0;1;0;0;0;0;1;0;0;2;0;0;0;0
10/01/2020;09:28:58;90;com vítima;35;BR-101/RS;Norte;Choque Praça - Cabine;1;0;0;0;0;0;0;0;0;0;0;2;0;0;0
10/01/2020;10:33:31;107;com vítima;62;BR-101/RS;Sul;Queda de ribanceira;1;0;0;0;0;0;0;0;0;0;0;2;0;0;0
10/01/2020;10:45:06;112;Sem vítima;437;BR-386/RS;Norte;Colisão - Traseira;1;0;0;0;0;0;0;1;0;0;4;0;0;0;0
10/01/2020;10:51:28;113;Sem vítima;43;BR-101/RS;Sul;Colisão - Traseira;2;0;0;0;0;0;0;0;0;0;3;0;0;0;0
10/01/2020;16:32:49;188;Sem vítima;95;BR-290/RS;Oeste;Queda de ribanceira;1;0;0;0;0;0;0;0;0;0;1;0;0;0;0
10/01/2020;18:23:12;209;Sem vítima;401;BR-386/RS;Ambos;Saída de pista;2;0;0;0;0;0;0;0;0;0;6;0;0;0;0
10/01/2020;18:45:14;217;Sem vítima;411;BR-386/RS;Norte;Saída de pista;0;0;0;0;0;0;0;0;0;0;1;0;0;0;0
10/01/2020;20:26:09;242;Sem vítima;377;BR-386/RS;Norte;Saída de pista;1;0;0;0;0;0;0;0;0;0;1;0;0;0;0
10/01/2020;20:25:58;243;Sem vítima;257;BR-386/RS;Norte;Colisão - Traseira;1;0;1;0;0;0;0;0;0;0;2;0;0;0;0
11/01/2020;02:03:21;10;Sem vítima;74;BR-290/RS;Oeste;Colisão - Traseira;2;0;0;0;0;0;0;0;0;0;1;0;0;0;0
11/01/2020;04:32:20;20;Sem vítima;90;BR-290/RS;Leste;Saída de pista;1;0;0;0;0;0;0;0;0;0;2;0;0;0;0
11/01/2020;09:54:19;85;Sem vítima;22;BR-101/RS;Sul;Colisão - Lateral;1;0;1;0;0;0;0;0;0;0;2;0;0;0;0
11/01/2020;16:41:40;177;Sem vítima;12;BR-290/RS;Oeste;Queda de ribanceira;1;0;0;0;0;0;0;0;0;0;2;0;0;0;0
11/01/2020;16:51:41;179;Sem vítima;11;BR-290/RS;Leste;Queda de ribanceira;1;0;0;0;0;0;0;0;0;0;1;0;0;0;0
11/01/2020;17:36:28;190;com vítima;343;BR-386/RS;Sul;Saída de pista;1;0;0;0;0;0;0;0;0;0;0;2;0;0;0
11/01/2020;23:59:41;1;com vítima;24;BR-290/RS;Leste;Queda de ribanceira;0;0;1;0;0;0;0;0;0;0;3;6;4;1;0
12/01/2020;00:39:38;4;Sem vítima;42;BR-290/RS;Oeste;Saída de pista;1;0;0;0;0;0;0;0;0;0;1;0;0;0;0
12/01/2020;04:02:41;16;Sem vítima;279;BR-386/RS;Norte;Saída de pista;1;0;0;0;0;0;0;0;0;0;2;0;0;0;0
12/01/2020;10:07:24;58;Sem vítima;2;BR-290/RS;Leste;Colisão - Lateral;1;0;0;0;1;0;0;0;0;0;2;0;0;0;0
12/01/2020;10:18:48;61;Sem vítima;74;BR-101/RS;Sul;Capotamento;1;0;0;0;0;0;0;0;0;0;1;0;0;0;0
12/01/2020;10:29:05;67;Sem vítima;19;BR-290/RS;Leste;Colisão - Traseira;2;0;0;0;0;0;0;0;0;0;2;0;0;0;0
12/01/2020;10:34:50;70;com vítima;385;BR-386/RS;Sul;Queda de ribanceira;1;0;0;0;0;0;0;0;0;0;1;2;0;0;0
12/01/2020;17:23:39;158;Sem vítima;77;BR-290/RS;Oeste;Colisão - Traseira;2;0;0;0;0;0;0;0;0;0;2;0;0;0;0
12/01/2020;19:16:09;178;Sem vítima;334;BR-386/RS;Sul;Engavetamento;3;0;0;0;0;0;0;0;0;0;3;0;0;0;0
12/01/2020;21:15:14;204;com vítima;15;BR-448/RS;Sul;Colisão - Traseira;2;0;0;0;0;0;0;0;0;0;2;1;0;0;0
13/01/2020;02:17:27;20;Sem vítima;16;BR-101/RS;Norte;Saída de pista;1;0;0;0;0;0;0;0;0;0;1;0;0;0;0
13/01/2020;07:02:19;43;Sem vítima;77;BR-290/RS;Oeste;Engavetamento;3;0;0;0;0;0;0;0;0;0;5;0;0;0;0
13/01/2020;07:21:19;47;Sem vítima;87;BR-290/RS;Oeste;Engavetamento;3;0;0;0;0;0;0;0;0;0;11;0;0;0;0
13/01/2020;08:24:05;72;Sem vítima;86;BR-290/RS;Oeste;Colisão - Lateral;1;0;0;0;1;0;0;0;0;0;2;0;0;0;0