data;horario;n_da_ocorrencia;tipo_de_ocorrencia;km;trecho;sentido;tipo_de_acidente;automovel;bicicleta;caminhao;moto;onibus;outros;tracao_animal;transporte_de_cargas_especiais;trator_maquinas;utilitarios;ilesos;levemente_feridos;moderadamente_feridos;gravemente_feridos;mortos
31/07/2020;20:36:54;214;Sem vítima;262;BR-386/RS;Sul;Colisão - Lateral;0;0;0;0;0;0;0;1;0;1;3;0;0;0;0
31/07/2020;21:08:13;219;Sem vítima;54;BR-290/RS;Oeste;Colisão - Traseira;0;0;0;0;0;0;0;0;1;1;2;0;0;0;0
31/07/2020;23:21:08;236;Sem vítima;11;BR-101/RS;Sul;Colisão - Lateral;2;0;0;0;0;0;0;0;0;0;2;0;0;0;0
01/06/2020;04:45:42;11;com vítima;86;BR-290/RS;Oeste;Atropelamento - Usuário;0;0;1;0;0;0;0;0;0;0;1;0;0;1;0
01/06/2020;07:21:27;21;Sem vítima;77;BR-290/RS;Leste;Colisão - Traseira;2;0;0;0;0;0;0;0;0;0;2;0;0;0;0
01/06/2020;07:56:16;27;Sem vítima;435;BR-386/RS;Sul;Engavetamento;2;0;1;0;0;0;0;0;0;0;3;0;0;0;0
01/06/2020;13:13:18;107;Sem vítima;77;BR-290/RS;Oeste;Colisão - Traseira;1;0;1;0;0;0;0;0;0;0;5;0;0;0;0
01/06/2020;16:31:09;139;Sem vítima;430;BR-386/RS;Norte;Choque com veículo na faixa de rolamento;1;0;1;0;0;0;0;0;0;0;2;0;0;0;0
01/06/2020;17:56:47;152;com vítima;82;BR-101/RS;Sul;Atropelamento - Andarilho;2;0;0;0;0;0;0;0;0;0;3;0;0;1;0
01/06/2020;19:02:52;165;Sem vítima;83;BR-290/RS;Oeste;Colisão - Lateral;2;0;0;0;0;0;0;0;0;0;3;0;0;0;0
01/06/2020;19:17:41;168;Sem vítima;248;BR-386/RS;Norte;Colisão - Lateral;1;0;1;0;0;0;0;0;0;0;3;0;0;0;0
02/06/2020;18:20:00;152;Sem vítima;79;BR-290/RS;Oeste;Choque Barreira;1;0;0;0;0;0;0;0;0;0;1;0;0;0;0
02/06/2020;19:29:34;166;Sem vítima;92;BR-290/RS;Leste;Queda de moto;0;0;0;1;0;0;0;0;0;0;1;0;0;0;0
02/06/2020;19:29:34;137;Sem vítima;92;BR-290/RS;Leste;Queda de ribanceira;1;0;0;0;0;0;0;0;0;0;1;0;0;0;0
03/06/2020;20:35:52;197;Sem vítima;300;BR-386/RS;Norte;Saída de pista;1;0;0;0;0;0;0;0;0;0;1;0;0;0;0
03/06/2020;20:47:56;198;Sem vítima;227;BR-386/RS;Norte;Colisão - Lateral;1;0;1;0;0;0;0;0;0;0;3;0;0;0;0
03/06/2020;21:00:27;199;Sem vítima;77;BR-290/RS;Oeste;Colisão - Traseira;2;0;0;0;0;0;0;0;0;0;2;0;0;0;0
04/06/2020;04:40:09;6;com vítima;73;BR-101/RS;Sul;Colisão - Traseira;0;0;2;0;0;0;0;0;0;0;1;1;0;0;0
04/06/2020;13:47:55;124;Sem vítima;62;BR-101/RS;Norte;Colisão - Traseira;0;0;2;0;0;0;0;0;0;0;2;0;0;0;0
04/06/2020;15:45:09;138;Sem vítima;78;BR-290/RS;Oeste;Colisão - Traseira;2;0;0;0;0;0;0;0;0;0;2;0;0;0;0
05/06/2020;05:41:41;7;Sem vítima;316;BR-386/RS;Norte;Queda de ribanceira;0;0;1;0;0;0;0;0;0;0;1;0;0;0;0
05/06/2020;07:27:04;15;Sem vítima;22;BR-448/RS;Norte;Choque Defensa;1;0;0;0;0;0;0;0;0;0;1;0;0;0;0
05/06/2020;08:49:35;31;com vítima;342;BR-386/RS;Norte;Colisão - Lateral;2;0;0;0;0;0;0;0;0;0;1;1;0;0;0
05/06/2020;08:53:15;34;Sem vítima;258;BR-386/RS;Norte;Queda de ribanceira;1;0;0;0;0;0;0;0;0;0;1;0;0;0;0
05/06/2020;12:52:53;83;Sem vítima;439;BR-386/RS;Sul;Colisão - Traseira;1;0;1;0;0;0;0;0;0;0;2;0;0;0;0
05/06/2020;13:29:08;87;com vítima;444;BR-386/RS;Norte;Queda de moto;1;0;0;0;0;0;0;0;0;0;0;1;0;0;0
05/06/2020;14:07:30;92;Sem vítima;89;BR-290/RS;Leste;Colisão - Traseira;3;0;0;0;0;0;0;0;0;0;3;0;0;0;0
05/06/2020;14:11:29;94;Sem vítima;256;BR-386/RS;Norte;;1;0;0;0;0;0;0;0;0;0;1;0;0;0;0
05/06/2020;14:53:21;97;com vítima;410;BR-386/RS;Norte;Queda de ribanceira;1;0;0;0;0;0;0;0;0;0;0;2;0;0;0
05/06/2020;15:14:31;102;Sem vítima;94;BR-290/RS;Oeste;Choque Defensa;1;0;0;0;0;0;0;0;0;0;1;0;0;0;0
05/06/2020;16:38:18;114;Sem vítima;19,21;BR-290/RS;Leste;Colisão - Lateral;2;0;1;0;0;0;0;0;0;0;5;0;0;0;0
05/06/2020;18:04:52;128;com vítima;401;BR-386/RS;Norte;Queda de ribanceira;0;0;1;0;0;0;0;0;0;0;0;1;0;0;0
05/06/2020;18:18:51;133;com vítima;344;BR-386/RS;Sul;Colisão - Lateral;1;0;1;0;0;0;0;0;0;0;1;0;3;0;0
05/06/2020;18:37:15;135;Sem vítima;360;BR-386/RS;Norte;Saída de pista;0;0;2;0;0;0;0;0;0;0;4;0;0;0;0
05/06/2020;18:39:16;136;com vítima;6;BR-290/RS;Leste;Queda de ribanceira;1;0;0;0;0;0;0;0;0;0;0;1;0;0;0
05/06/2020;19:11:21;143;Sem vítima;11;BR-101/RS;Sul;Queda de ribanceira;1;0;0;0;0;0;0;0;0;0;1;0;0;0;0
05/06/2020;20:12:17;153;com vítima;441;BR-386/RS;Ambos;Atropelamento de Animal;2;0;0;0;0;0;0;0;0;0;0;4;0;2;0
05/06/2020;23:38:29;180;Sem vítima;375;BR-386/RS;Norte;Saída de pista;1;0;0;0;0;0;0;0;0;0;1;0;0;0;0
06/06/2020;02:44:39;13;Sem vítima;38;BR-290/RS;Leste;Queda de ribanceira;1;0;0;0;0;0;0;0;0;0;6;0;0;0;0
06/06/2020;05:44:51;19;com vítima;347;BR-386/RS;Norte;Queda de ribanceira;1;0;0;0;0;0;0;0;0;0;0;1;0;0;0
06/06/2020;19:14:17;116;Sem vítima;346;BR-386/RS;Sul;Outros;1;0;0;0;0;0;0;0;0;0;1;0;0;0;0
07/06/2020;01:17:03;6;com vítima;92;BR-290/RS;Leste;Colisão - Traseira;1;0;1;0;0;0;0;0;0;0;1;2;1;0;0
07/06/2020;05:02:59;16;com vítima;89;BR-290/RS;Leste;Capotamento;1;0;0;0;0;0;0;0;0;0;0;0;1;0;0
08/06/2020;02:35:07;7;Sem vítima;278;BR-386/RS;Norte;Queda de ribanceira;1;0;0;0;0;0;0;0;0;0;5;0;0;0;0
08/06/2020;06:39:59;17;Sem vítima;5;BR-101/RS;Sul;Colisão - Lateral;1;0;1;0;0;0;0;0;0;0;5;0;0;0;0
08/06/2020;07:39:52;33;com vítima;365;BR-386/RS;Sul;Queda de ribanceira;1;0;0;0;0;0;0;0;0;0;0;0;1;0;0
08/06/2020;08:16:42;42;Sem vítima;91;BR-290/RS;Oeste;Choque Defensa;1;0;0;0;0;0;0;0;0;0;2;0;0;0;0
08/06/2020;10:21:31;86;Sem vítima;22;BR-448/RS;Sul;Colisão - Traseira;0;0;2;0;0;0;0;0;0;0;1;0;0;0;0
08/06/2020;11:02:55;92;com vítima;42;BR-290/RS;Oeste;Queda de moto;0;0;0;1;0;0;0;0;0;0;0;2;0;0;0
08/06/2020;11:09:15;95;Sem vítima;21;BR-448/RS;Sul;Colisão - Traseira;0;0;2;0;0;0;0;0;0;0;2;0;0;0;0
08/06/2020;18:17:35;175;com vítima;442;BR-386/RS;Sul;Colisão - Lateral;0;0;2;0;0;0;0;0;0;0;0;3;0;0;0
08/06/2020;18:38:43;178;Sem vítima;390;BR-386/RS;Norte;Saída de pista;1;0;0;0;0;0;0;0;0;0;1;0;0;0;0
08/06/2020;19:15:22;184;Sem vítima;372;BR-386/RS;Sul;Tombamento;0;0;1;0;0;0;0;0;0;0;1;0;0;0;0
08/06/2020;23:59:24;1;Sem vítima;208;BR-386/RS;Sul;Choque Defensa;1;0;0;0;0;0;0;0;0;0;1;0;0;0;0
09/06/2020;01:34:28;5;com vítima;419;BR-386/RS;Sul;Choque Barreira;1;0;0;0;0;0;0;0;0;0;1;2;1;0;0
09/06/2020;08:07:48;41;Sem vítima;17;BR-448/RS;Norte;Capotamento;1;0;0;0;0;0;0;0;0;0;1;0;0;0;0
09/06/2020;23:04:48;199;Sem vítima;413;BR-386/RS;Sul;Choque - Sinalização;1;0;0;0;0;0;0;0;0;0;1;0;0;0;0
10/06/2020;06:24:04;13;Sem vítima;227;BR-386/RS;Sul;Queda de ribanceira;0;0;0;0;0;1;0;0;0;0;1;0;0;0;0
10/06/2020;07:19:45;16;Sem vítima;20;BR-290/RS;Oeste;Capotamento;1;0;0;0;0;0;0;0;0;0;2;0;0;0;0
10/06/2020;16:49:13;140;Sem vítima;385;BR-386/RS;Sul;Queda de ribanceira;1;0;0;0;0;0;0;0;0;0;1;0;0;0;0
10/06/2020;19:24:25;168;Sem vítima;319;BR-386/RS;Sul;Queda de ribanceira;1;0;0;0;0;0;0;0;0;0;1;0;0;0;0
10/06/2020;20:15:34;178;Sem vítima;14;BR-290/RS;Oeste;Colisão - Traseira;1;0;1;0;0;0;0;0;0;0;3;0;0;0;0
10/06/2020;20:32:50;180;com vítima;351;BR-386/RS;Sul;Choque com objeto sobre a pista;2;0;0;1;0;0;0;0;0;0;4;0;1;0;0
10/06/2020;20:42:25;186;Sem vítima;33;BR-290/RS;Oeste;Queda de ribanceira;1;0;0;0;0;0;0;0;0;0;1;0;0;0;0
10/06/2020;21:11:08;192;Sem vítima;417;BR-386/RS;Sul;Saída de pista;2;0;0;0;0;0;0;0;0;0;4;0;0;0;0
10/06/2020;22:44:59;204;Sem vítima;51;BR-101/RS;Norte;Queda de ribanceira;1;0;0;0;0;0;0;0;0;0;2;0;0;0;0
11/06/2020;02:53:40;18;Sem vítima;27;BR-290/RS;Oeste;Queda de ribanceira;0;0;1;0;0;0;0;0;0;0;1;0;0;0;0
11/06/2020;13:47:21;97;com vítima;296;BR-386/RS;Norte;Colisão - Lateral;2;0;0;0;0;0;0;0;0;0;4;1;0;0;0
11/06/2020;17:57:49;143;Sem vítima;225;BR-386/RS;Sul;Saída de pista;1;0;0;0;0;0;0;0;0;0;1;0;0;0;0
11/06/2020;19:16:44;156;Sem vítima;19;BR-290/RS;Oeste;Choque - Sinalização;1;0;0;0;0;0;0;0;0;0;1;0;0;0;0
11/06/2020;19:29:07;158;Sem vítima;374;BR-386/RS;Sul;Outros;1;0;0;0;0;0;0;0;0;0;1;0;0;0;0
12/06/2020;00:14:54;2;Sem vítima;249;BR-386/RS;Norte;Saída de pista;1;0;0;0;0;0;0;0;0;0;2;0;0;0;0
12/06/2020;07:17:07;38;Sem vítima;374;BR-386/RS;Sul;Queda de ribanceira;1;0;0;0;0;0;0;0;0;0;2;0;0;0;0
12/06/2020;07:31:54;44;com vítima;330;BR-386/RS;Ambos;Colisão - Lateral;2;0;0;0;0;0;0;0;0;0;1;1;1;0;0
12/06/2020;16:27:55;172;com vítima;370;BR-386/RS;Norte;Colisão - Traseira;1;0;1;1;0;0;0;0;0;0;2;0;1;1;0
12/06/2020;17:37:47;186;Sem vítima;18;BR-101/RS;Norte;Saída de pista;1;0;0;0;0;0;0;0;0;0;1;0;0;0;0
13/06/2020;07:23:30;23;Sem vítima;310;BR-386/RS;Sul;Queda de ribanceira;1;0;0;0;0;0;0;0;0;0;2;0;0;0;0
13/06/2020;07:59:26;29;Sem vítima;11;BR-290/RS;Leste;Saída de pista;1;0;0;0;0;0;0;0;0;0;3;0;0;0;0
13/06/2020;11:50:06;66;Sem vítima;9;BR-101/RS;Norte;Colisão - Lateral;1;0;1;0;0;0;0;0;0;0;3;0;0;0;0
13/06/2020;14:04:41;97;Sem vítima;99;BR-290/RS;Leste;Engavetamento;3;0;0;0;0;0;0;0;0;0;5;0;0;0;0
13/06/2020;14:29:21;106;com vítima;221;BR-386/RS;Sul;Saída de pista;1;0;0;0;0;0;0;0;0;0;2;1;0;0;0
13/06/2020;15:33:38;117;Sem vítima;35;BR-101/RS;Ambos;Engavetamento;3;0;0;0;0;0;0;0;0;0;3;0;0;0;0
13/06/2020;16:01:25;126;Sem vítima;35;BR-101/RS;Norte;Colisão - Traseira;1;0;1;0;0;0;0;0;0;0;2;0;0;0;0
13/06/2020;17:57:40;148;com vítima;10;BR-448/RS;Norte;Queda de moto;0;0;0;1;0;0;0;0;0;0;1;0;1;0;0
14/06/2020;13:40:05;86;Sem vítima;77;BR-290/RS;Oeste;Colisão - Traseira;2;0;0;0;0;0;0;0;0;0;2;0;0;0;0
14/06/2020;16:51:44;115;com vítima;9;BR-101/RS;Norte;Atropelamento - Esportista;0;0;0;1;0;0;0;0;0;0;0;1;0;1;0
14/06/2020;17:03:44;120;Sem vítima;35;BR-101/RS;Sul;Colisão - Lateral;1;0;1;0;0;0;0;0;0;0;2;0;0;0;0
14/06/2020;17:37:39;128;Sem vítima;98;BR-290/RS;Leste;Engavetamento;4;0;0;0;0;0;0;0;0;0;4;0;0;0;0
15/06/2020;06:27:46;19;Sem vítima;68,44;BR-290/RS;Leste;Queda de moto;0;0;1;1;0;0;0;0;0;0;2;0;0;0;0
15/06/2020;09:57:54;71;Sem vítima;75;BR-290/RS;Leste;Choque Defensa;1;0;0;0;0;0;0;0;0;0;1;0;0;0;0
15/06/2020;12:56:38;112;com vítima;310;BR-386/RS;Sul;Colisão - Lateral;2;0;0;0;0;0;0;0;0;0;2;1;0;0;0
15/06/2020;18:09:48;166;Sem vítima;343;BR-386/RS;Norte;Colisão - Traseira;2;0;0;0;0;0;0;0;0;0;2;0;0;0;0
15/06/2020;18:11:08;167;com vítima;345;BR-386/RS;Norte;Colisão - Traseira;2;0;0;0;0;0;0;0;0;0;3;1;0;0;0
15/06/2020;20:16:08;183;com vítima;352;BR-386/RS;Norte;Atropelamento - Andarilho;1;0;0;0;0;0;0;0;0;0;1;0;0;0;1
15/06/2020;21:45:24;191;Sem vítima;409;BR-386/RS;Sul;Atropelamento de Animal;1;0;0;0;0;0;0;0;0;0;1;0;0;0;0
16/06/2020;05:06:13;13;Sem vítima;304;BR-386/RS;Norte;Queda de ribanceira;1;0;0;0;0;0;0;0;0;0;1;0;0;0;0
16/06/2020;13:34:03;107;com vítima;21;BR-101/RS;Sul;Queda de moto;0;0;0;1;0;0;0;0;0;0;0;0;1;0;0
16/06/2020;14:46:04;118;com vítima;371;BR-386/RS;Sul;Choque com veículo na faixa de rolamento;1;0;0;1;0;0;0;0;0;0;1;1;0;0;0
16/06/2020;16:12:30;142;Sem vítima;435;BR-386/RS;Sul;Colisão - Traseira;2;0;0;0;0;0;0;0;0;0;3;0;0;0;0
16/06/2020;16:56:47;150;Sem vítima;86;BR-290/RS;Oeste;Queda de ribanceira;1;0;0;0;0;1;0;0;0;0;2;0;0;0;0
16/06/2020;17:38:43;160;Sem vítima;293;BR-386/RS;Sul;Saída de pista;1;0;0;0;0;0;0;0;0;0;2;0;0;0;0
16/06/2020;17:51:15;162;Sem vítima;1;BR-290/RS;Oeste;Saída de pista;1;0;0;0;0;0;0;0;0;0;1;0;0;0;0
16/06/2020;20:10:44;192;Sem vítima;343;BR-386/RS;Sul;Saída de pista;1;0;0;0;0;0;0;0;0;0;1;0;0;0;0
17/06/2020;08:06:07;42;Sem vítima;410;BR-386/RS;Sul;Choque - Sinalização;1;0;0;0;0;0;0;0;0;0;1;0;0;0;0
17/06/2020;08:36:56;58;Sem vítima;64;BR-290/RS;Leste;Colisão - Lateral;1;0;1;0;0;0;0;0;0;0;1;0;0;0;0
17/06/2020;08:47:19;62;Sem vítima;60;BR-290/RS;Oeste;Colisão - Traseira;2;0;0;0;0;0;0;0;0;0;4;0;0;0;0
17/06/2020;18:14:30;188;com vítima;338;BR-386/RS;Sul;Colisão - Frontal;1;0;0;1;0;0;0;0;0;0;1;0;1;1;0
17/06/2020;18:23:32;191;Sem vítima;87;BR-290/RS;Leste;Colisão - Lateral;3;0;0;0;0;0;0;0;0;0;4;0;0;0;0
18/06/2020;03:39:37;10;Sem vítima;40;BR-101/RS;Sul;Queda de ribanceira;1;0;0;0;0;0;0;0;0;0;2;0;0;0;0
18/06/2020;12:48:49;113;Sem vítima;376;BR-386/RS;Norte;Queda de ribanceira;1;0;0;0;0;0;0;0;0;0;1;0;0;0;0
18/06/2020;13:53:49;126;Sem vítima;255;BR-386/RS;Norte;Choque com veículo na faixa de rolamento;1;0;1;0;0;0;0;0;0;0;3;0;0;0;0
18/06/2020;18:19:08;182;com vítima;306;BR-386/RS;Norte;Tombamento;0;0;1;0;0;0;0;0;0;0;0;0;1;0;0
18/06/2020;18:39:01;186;Sem vítima;91;BR-290/RS;Leste;Colisão - Traseira;2;0;1;0;0;0;0;0;0;0;4;0;0;0;0
18/06/2020;20:44:20;197;com vítima;19;BR-101/RS;Sul;Colisão - Traseira;1;0;0;1;0;0;0;0;0;0;2;2;0;0;0
18/06/2020;22:14:30;204;Sem vítima;75;BR-290/RS;Oeste;Choque Defensa;1;0;0;0;0;0;0;0;0;0;1;0;0;0;0
19/06/2020;08:03:40;31;Sem vítima;445;BR-386/RS;Norte;Queda de ribanceira;1;0;0;0;0;0;0;0;0;0;1;0;0;0;0
19/06/2020;18:11:03;159;Sem vítima;25;BR-290/RS;Oeste;Colisão - Traseira;2;0;0;0;0;0;0;0;0;0;10;0;0;0;0
20/06/2020;00:45:00;3;com vítima;356;BR-386/RS;Sul;Queda de ribanceira;1;0;0;0;0;0;0;0;0;0;0;1;0;0;0
20/06/2020;04:57:22;24;com vítima;350;BR-386/RS;Norte;;1;0;0;0;0;0;0;0;0;0;1;1;0;0;0
20/06/2020;09:05:14;61;Sem vítima;351;BR-386/RS;Norte;Engavetamento;3;0;0;0;0;0;0;0;0;0;3;0;0;0;0
20/06/2020;11:49:54;100;Sem vítima;398;BR-386/RS;Sul;Queda de ribanceira;1;0;0;0;0;0;0;0;0;0;1;0;0;0;0
20/06/2020;17:51:43;168;Sem vítima;338;BR-386/RS;Norte;Colisão - Lateral;1;0;1;0;0;0;0;0;0;0;3;0;0;0;0
20/06/2020;18:02:28;171;com vítima;347;BR-386/RS;Norte;Colisão - Lateral;1;0;0;1;0;0;0;0;0;0;1;0;1;0;0
20/06/2020;21:02:51;198;Sem vítima;349;BR-386/RS;Sul;Saída de pista;1;0;0;0;0;0;0;0;0;0;1;0;0;0;0
21/06/2020;02:02:30;9;com vítima;56;BR-290/RS;Oeste;Colisão - Traseira;2;0;0;0;0;0;0;0;0;0;0;1;3;1;0
21/06/2020;05:46:36;21;com vítima;31;BR-290/RS;Ambos;Saída de pista;1;0;0;0;0;0;0;0;0;0;2;2;0;0;0
21/06/2020;07:03:50;24;Sem vítima;45;BR-290/RS;Oeste;Queda de ribanceira;1;0;0;0;0;0;0;0;0;0;3;0;0;0;0
21/06/2020;09:02:03;54;Sem vítima;98;BR-290/RS;Leste;Queda de ribanceira;1;0;0;0;0;0;0;0;0;0;1;0;0;0;0
21/06/2020;10:41:49;75;com vítima;91;BR-290/RS;Oeste;Colisão - Traseira;2;0;1;0;0;0;0;0;0;0;4;1;0;0;0
21/06/2020;11:18:38;85;Sem vítima;324;BR-386/RS;Sul;Queda de ribanceira;1;0;0;0;0;0;0;0;0;0;2;0;0;0;0
21/06/2020;15:07:23;122;Sem vítima;346;BR-386/RS;Norte;Capotamento;1;0;0;0;0;0;0;0;0;0;1;0;0;0;0
21/06/2020;16:27:49;141;Sem vítima;228;BR-386/RS;Norte;Queda de ribanceira;1;0;0;0;0;0;0;0;0;0;2;0;0;0;0
21/06/2020;17:01:18;147;com vítima;298;BR-386/RS;Sul;Colisão - Lateral;0;0;1;0;0;0;0;0;0;0;2;0;1;0;0
21/06/2020;17:10:54;149;Sem vítima;22;BR-101/RS;Norte;Outros;2;0;0;0;0;0;0;0;0;0;3;0;0;0;0
22/06/2020;06:14:30;22;Sem vítima;68;BR-290/RS;Oeste;Queda de ribanceira;1;0;0;0;0;0;0;0;0;0;2;0;0;0;0
22/06/2020;07:40:53;35;Sem vítima;22;BR-448/RS;Sul;Choque Defensa;1;0;0;0;0;0;0;0;0;0;1;0;0;0;0
22/06/2020;09:59:43;73;Sem vítima;77;BR-290/RS;Oeste;Colisão - Lateral;1;0;1;0;0;0;0;0;0;0;2;0;0;0;0
22/06/2020;12:31:10;106;com vítima;334;BR-386/RS;Ambos;Queda de moto;1;0;0;0;0;0;0;0;0;0;0;0;1;0;0
22/06/2020;18:59:16;182;Sem vítima;86;BR-290/RS;Leste;Colisão - Traseira;2;0;0;0;0;0;0;0;0;0;4;0;0;0;0
23/06/2020;05:14:00;12;com vítima;87;BR-290/RS;Oeste;Queda de ribanceira;1;0;0;0;0;0;0;0;0;0;0;1;0;0;0
23/06/2020;08:17:45;35;Sem vítima;267;BR-386/RS;Sul;;1;0;1;0;0;0;0;0;0;0;4;0;0;0;0
23/06/2020;09:41:12;61;Sem vítima;387;BR-386/RS;Sul;Colisão - Lateral;2;0;0;0;0;0;0;0;0;0;5;0;0;0;0
23/06/2020;11:28:41;86;Sem vítima;19;BR-290/RS;Leste;Colisão - Traseira;1;0;1;0;0;0;0;0;0;0;6;0;0;0;0
24/06/2020;02:41:58;8;Sem vítima;356;BR-386/RS;Sul;Queda de ribanceira;1;0;0;0;0;0;0;0;0;0;3;0;0;0;0
24/06/2020;06:45:10;18;Sem vítima;57;BR-101/RS;Sul;Choque com veículo no acostamento;1;0;1;0;0;0;0;0;0;0;2;0;0;0;0
24/06/2020;09:31:18;61;Sem vítima;60;BR-290/RS;Oeste;Choque Praça - Cabine;0;0;1;0;0;0;0;0;0;0;1;0;0;0;0
24/06/2020;12:23:11;89;com vítima;44;BR-101/RS;Norte;Colisão - Lateral;0;0;1;1;0;0;0;0;0;0;1;0;1;0;0
24/06/2020;14:03:06;114;Sem vítima;335;BR-386/RS;Sul;Queda de ribanceira;0;0;1;0;0;0;0;0;0;0;1;0;0;0;0
24/06/2020;16:12:59;141;com vítima;37;BR-290/RS;Leste;Capotamento;1;0;0;0;0;0;0;0;0;0;0;0;1;1;0
24/06/2020;18:38:09;167;com vítima;82;BR-290/RS;Leste;Queda de moto;0;0;0;1;0;0;0;0;0;0;1;1;0;0;0
24/06/2020;21:42:18;195;com vítima;347;BR-386/RS;Norte;Choque com veículo no acostamento;0;0;1;1;0;0;0;0;0;0;1;0;1;0;0
25/06/2020;09:08:44;59;com vítima;15;BR-448/RS;Sul;Choque Barreira;1;0;0;0;0;0;0;0;0;0;0;1;0;0;0
25/06/2020;09:42:20;64;com vítima;254;BR-386/RS;Sul;Colisão - Lateral;1;0;0;0;0;1;0;0;0;0;3;0;2;0;0
25/06/2020;11:27:09;84;Sem vítima;75;BR-290/RS;Leste;Colisão - Traseira;1;0;1;0;0;0;0;0;0;0;3;0;0;0;0
25/06/2020;12:01:54;89;Sem vítima;426;BR-386/RS;Sul;Choque com veículo na faixa de rolamento;1;0;1;0;0;0;0;0;0;0;3;0;0;0;0
25/06/2020;12:05:57;90;com vítima;10;BR-290/RS;Leste;Queda de ribanceira;2;0;0;0;0;0;0;0;0;0;2;2;0;0;0
25/06/2020;13:44:59;99;Sem vítima;65;BR-101/RS;Norte;Choque Barreira;1;0;0;0;0;0;0;0;0;0;2;0;0;0;0
25/06/2020;14:37:59;105;com vítima;73;BR-290/RS;Oeste;Queda de ribanceira;1;0;0;0;0;0;0;0;0;0;0;1;0;0;0
25/06/2020;15:57:28;119;Sem vítima;55;BR-290/RS;Oeste;Saída de pista;1;0;0;0;0;0;0;0;0;0;2;0;0;0;0
25/06/2020;16:18:04;124;Sem vítima;9;BR-290/RS;Leste;Saída de pista;1;0;0;0;0;0;0;0;0;0;1;0;0;0;0
25/06/2020;16:19:58;125;Sem vítima;14;BR-290/RS;Leste;Queda de ribanceira;1;0;0;0;0;0;0;0;0;0;1;0;0;0;0
25/06/2020;16:30:17;126;Sem vítima;35;BR-290/RS;Oeste;Queda de ribanceira;1;0;0;0;0;0;0;0;0;0;2;0;0;0;0
25/06/2020;18:23:53;141;Sem vítima;21;BR-448/RS;Sul;Choque Barreira;1;0;0;0;0;0;0;0;0;0;1;0;0;0;0
25/06/2020;19:53:57;157;Sem vítima;5;BR-448/RS;Norte;Choque Defensa;1;0;0;0;0;0;0;0;0;0;1;0;0;0;0
26/06/2020;01:19:25;7;Sem vítima;40;BR-290/RS;Oeste;Tombamento;0;0;1;0;0;0;0;0;0;0;1;0;0;0;0
26/06/2020;07:34:23;34;Sem vítima;56;BR-290/RS;Leste;Saída de pista;1;0;0;0;0;0;0;0;0;0;3;0;0;0;0
26/06/2020;07:45:16;38;com vítima;77;BR-290/RS;Leste;Colisão - Lateral;1;0;0;1;0;0;0;0;0;0;1;1;0;0;0
26/06/2020;17:13:46;164;Sem vítima;310;BR-386/RS;Ambos;Tombamento;0;0;1;0;0;0;0;0;0;0;1;0;0;0;0
26/06/2020;19:09:17;184;Sem vítima;35;BR-101/RS;Norte;;1;0;0;0;0;0;0;0;0;0;1;0;0;0;0
26/06/2020;19:53:46;191;Sem vítima;69;BR-290/RS;Oeste;Queda de ribanceira;1;0;0;0;0;0;0;0;0;0;2;0;0;0;0
26/06/2020;20:15:21;195;Sem vítima;26;BR-290/RS;Leste;Atropelamento de Animal;1;0;0;0;0;0;0;0;0;0;1;0;0;0;0
27/06/2020;10:55:36;72;com vítima;319;BR-386/RS;Norte;Choque Talude;1;0;0;0;0;0;0;0;0;0;0;1;0;0;0
27/06/2020;13:36:07;100;Sem vítima;75;BR-290/RS;Leste;Choque Barreira;1;0;0;0;0;0;0;0;0;0;1;0;0;0;0
27/06/2020;15:14:14;113;Sem vítima;35;BR-101/RS;Sul;Colisão - Traseira;1;0;1;0;0;0;0;0;0;0;3;0;0;0;0
27/06/2020;16:28:17;125;Sem vítima;9;BR-101/RS;Norte;Saída de pista;1;0;0;0;0;0;0;0;0;0;1;0;0;0;0
27/06/2020;17:48:36;146;com vítima;45;BR-290/RS;Leste;Queda de ribanceira;1;0;0;0;0;0;0;0;0;0;1;0;1;0;0
28/06/2020;07:22:03;17;com vítima;346;BR-386/RS;Norte;Tombamento;0;0;1;0;0;0;0;0;0;0;0;1;0;0;0
28/06/2020;07:29:14;18;Sem vítima;60;BR-290/RS;Oeste;Choque Praça - Cabine;0;0;0;0;0;1;0;0;0;0;3;0;0;0;0
28/06/2020;14:05:34;60;Sem vítima;16;BR-290/RS;Leste;Queda de ribanceira;0;0;1;0;0;0;0;0;0;0;2;0;0;0;0
28/06/2020;15:18:38;76;Sem vítima;221;BR-386/RS;Norte;Queda de ribanceira;1;0;0;0;0;0;0;0;0;0;1;0;0;0;0
28/06/2020;15:34:13;80;Sem vítima;419;BR-386/RS;Norte;Queda de moto;0;0;0;1;0;0;0;0;0;0;1;0;0;0;0
28/06/2020;15:55:05;87;com vítima;87;BR-101/RS;Sul;Colisão - Lateral;1;0;1;0;0;0;0;0;0;0;2;2;0;0;0
28/06/2020;16:02:49;88;Sem vítima;67,31;BR-101/RS;Norte;Colisão - Traseira;1;0;1;0;0;0;0;0;0;0;2;0;0;0;0
28/06/2020;16:33:00;101;Sem vítima;346,17;BR-386/RS;Norte;Colisão - Traseira;2;0;0;0;0;0;0;0;0;0;6;0;0;0;0
28/06/2020;21:11:48;149;Sem vítima;186;BR-386/RS;Sul;Atropelamento de Animal;1;0;0;0;0;0;0;0;0;0;2;0;0;0;0
28/06/2020;21:34:16;153;Sem vítima;61;BR-290/RS;Leste;Colisão - Traseira;1;0;0;0;0;0;0;0;0;0;1;0;0;0;0
28/06/2020;21:39:28;154;com vítima;437;BR-386/RS;Sul;Colisão - Lateral;2;0;0;0;0;0;0;0;0;0;0;1;0;2;0
28/06/2020;22:18:42;157;Sem vítima;35;BR-290/RS;Oeste;Atropelamento de Animal;1;0;0;0;0;0;0;0;0;0;4;0;0;0;0