data;horario;n_da_ocorrencia;tipo_de_ocorrencia;km;trecho;sentido;tipo_de_acidente;automovel;bicicleta;caminhao;moto;onibus;outros;tracao_animal;transporte_de_cargas_especiais;trator_maquinas;utilitarios;ilesos;levemente_feridos;moderadamente_feridos;gravemente_feridos;mortos
28/06/2020;22:56:08;159;Sem vítima;437;BR-386/RS;Sul;Choque com objeto sobre a pista;1;0;0;0;0;0;0;0;0;0;1;0;0;0;0
29/06/2020;04:13:37;7;Sem vítima;358;BR-386/RS;Sul;Queda de ribanceira;1;0;0;0;0;0;0;0;0;0;4;0;0;0;0
29/06/2020;09:08:50;43;com vítima;287;BR-386/RS;Sul;Colisão - Lateral;2;0;0;0;0;0;0;0;0;0;2;0;2;0;0
29/06/2020;09:38:57;54;Sem vítima;360;BR-386/RS;Norte;Queda de ribanceira;2;0;0;0;0;0;0;0;0;0;4;0;0;0;0
29/06/2020;11:58:51;83;Sem vítima;17;BR-290/RS;Oeste;Saída de pista;1;0;0;0;0;0;0;0;0;0;1;0;0;0;0
29/06/2020;17:30:24;118;Sem vítima;285;BR-386/RS;Sul;Queda de ribanceira;1;0;0;0;0;0;0;0;0;0;3;0;0;0;0
29/06/2020;18:15:16;123;com vítima;221;BR-386/RS;Norte;Colisão - Traseira;3;0;0;0;0;0;0;0;0;0;1;1;4;0;0
29/06/2020;20:45:55;149;Sem vítima;371;BR-386/RS;Norte;Queda de ribanceira;1;0;0;0;0;0;0;0;0;0;2;0;0;0;0
30/06/2020;01:19:54;6;Sem vítima;77;BR-290/RS;Oeste;Choque Barreira;1;0;0;0;0;0;0;0;0;0;1;0;0;0;0
30/06/2020;06:27:40;19;com vítima;91;BR-290/RS;Oeste;Queda de ribanceira;1;0;0;0;0;0;0;0;0;0;0;1;0;0;0
30/06/2020;07:01:34;21;Sem vítima;401;BR-386/RS;Norte;Queda de ribanceira;1;0;0;0;0;0;0;0;0;0;2;0;0;0;0
30/06/2020;08:59:31;38;com vítima;351;BR-386/RS;Norte;Choque Defensa;1;0;0;0;0;0;0;0;0;0;1;1;0;0;0
30/06/2020;09:45:13;51;Sem vítima;92;BR-290/RS;Leste;Choque Defensa;1;0;0;0;0;0;0;0;0;0;1;0;0;0;0
30/06/2020;09:56:18;55;Sem vítima;54;BR-290/RS;Oeste;;0;0;1;0;0;0;0;0;0;0;1;0;0;0;0
30/06/2020;10:31:15;63;Sem vítima;356;BR-386/RS;Sul;Choque com veículo na faixa de rolamento;1;0;1;0;0;0;0;0;0;0;2;0;0;0;0
30/06/2020;11:39:28;74;Sem vítima;9;BR-290/RS;Oeste;Queda de ribanceira;1;0;0;0;0;0;0;0;0;0;2;0;0;0;0
30/06/2020;11:53:46;77;com vítima;356;BR-386/RS;Sul;Queda de ribanceira;1;0;0;0;0;0;0;0;0;0;0;0;2;0;0
30/06/2020;12:11:05;79;Sem vítima;257;BR-386/RS;Norte;Queda de ribanceira;0;0;1;0;0;0;0;0;0;0;1;0;0;0;0
30/06/2020;12:18:49;83;com vítima;23;BR-290/RS;Oeste;Queda de ribanceira;0;0;1;0;0;0;0;0;0;0;0;0;1;1;0
30/06/2020;13:04:18;90;Sem vítima;91;BR-290/RS;Leste;Colisão - Lateral;1;0;1;0;0;0;0;0;0;0;3;0;0;0;0
30/06/2020;13:06:20;91;com vítima;21;BR-290/RS;Leste;Queda de ribanceira;1;0;0;0;0;0;0;0;0;0;0;0;1;0;0
30/06/2020;13:08:04;93;Sem vítima;88,3;BR-290/RS;Leste;;1;0;0;0;0;0;0;0;0;0;1;0;0;0;0
30/06/2020;13:59:57;110;Sem vítima;7;BR-290/RS;Oeste;Queda de ribanceira;1;0;0;0;0;0;0;0;0;0;3;0;0;0;0
30/06/2020;16:18:14;142;Sem vítima;85;BR-101/RS;Norte;Choque Barreira;0;0;1;0;0;0;0;0;0;0;1;0;0;0;0
30/06/2020;19:22:41;167;com vítima;216;BR-386/RS;Norte;Colisão - Frontal;2;0;0;0;0;0;0;0;0;0;1;2;0;0;0
30/06/2020;20:04:29;177;Sem vítima;69;BR-290/RS;Oeste;Queda de ribanceira;1;0;0;0;0;0;0;0;0;0;1;0;0;0;0
30/06/2020;20:54:54;185;com vítima;66;BR-101/RS;Sul;Queda de ribanceira;0;0;1;0;0;0;0;0;0;0;0;4;0;0;0
30/06/2020;22:38:45;195;Sem vítima;220;BR-386/RS;Norte;Queda de ribanceira;0;0;1;0;0;0;0;0;0;0;2;0;0;0;0
01/05/2020;04:35:05;17;com vítima;15;BR-101/RS;Sul;Atropelamento - Andarilho;0;0;0;0;0;1;0;0;0;0;0;0;0;1;0
01/05/2020;07:31:09;27;Sem vítima;92;BR-290/RS;Oeste;Choque Barreira;1;0;0;0;0;0;0;0;0;0;1;0;0;0;0
01/05/2020;18:18:13;137;com vítima;346;BR-386/RS;Norte;Queda de moto;0;0;0;1;0;0;0;0;0;0;0;0;1;0;0
01/05/2020;18:37:51;140;com vítima;390;BR-386/RS;Norte;Colisão - Frontal;2;0;0;0;0;0;0;0;0;0;2;2;0;0;0
01/05/2020;19:46:19;145;Sem vítima;19;BR-290/RS;Leste;Colisão - Traseira;3;0;0;0;0;0;0;0;0;0;7;0;0;0;0
02/05/2020;00:15:16;1;Sem vítima;217;BR-386/RS;Norte;Queda de ribanceira;1;0;0;0;0;0;0;0;0;0;2;0;0;0;0
02/05/2020;02:37:13;8;Sem vítima;360;BR-386/RS;Sul;Queda de ribanceira;1;0;0;0;0;0;0;0;0;0;3;0;0;0;0
02/05/2020;06:45:12;12;com vítima;73;BR-290/RS;Leste;Queda de ribanceira;0;0;0;0;1;0;0;0;0;0;0;1;0;1;0
02/05/2020;20:30:45;113;Sem vítima;19,2;BR-290/RS;Leste;Choque - Sinalização;1;0;0;0;0;0;0;0;0;0;1;0;0;0;0
02/05/2020;21:01:13;116;Sem vítima;85;BR-290/RS;Leste;Atropelamento de Animal;1;0;0;0;0;0;0;0;0;0;3;0;0;0;0
02/05/2020;22:08:18;122;Sem vítima;421;BR-386/RS;Sul;Atropelamento de Animal;1;0;0;0;0;0;0;0;0;0;1;0;0;0;0
02/05/2020;23:19:45;129;com vítima;443;BR-386/RS;Norte;Queda de moto;0;0;0;1;0;0;0;0;0;0;0;0;1;0;0
02/05/2020;23:51:38;131;Sem vítima;409;BR-386/RS;Sul;Choque com objeto sobre a pista;1;0;0;0;0;0;0;0;0;0;2;0;0;0;0
03/05/2020;12:32:48;68;Sem vítima;179;BR-386/RS;Norte;Colisão - Traseira;2;0;0;0;0;0;0;0;0;0;6;0;0;0;0
03/05/2020;13:35:37;73;com vítima;347;BR-386/RS;Sul;Queda de moto;0;0;0;1;0;0;0;0;0;0;0;0;1;0;0
03/05/2020;17:28:19;107;com vítima;362;BR-386/RS;Norte;Queda de moto;0;0;1;0;0;0;0;0;0;0;0;0;1;0;0
03/05/2020;18:52:02;118;com vítima;403;BR-386/RS;Sul;Tombamento;0;0;1;0;0;0;0;0;0;0;0;1;0;0;0
03/05/2020;19:27:19;123;com vítima;347;BR-386/RS;Norte;Colisão - Lateral;0;0;0;1;0;1;0;0;0;0;1;0;1;0;0
03/05/2020;19:34:06;125;Sem vítima;402;BR-386/RS;Norte;Choque Defensa;1;0;0;0;0;0;0;0;0;0;2;0;0;0;0
04/05/2020;06:23:44;13;Sem vítima;402;BR-386/RS;Sul;Colisão - Lateral;2;0;0;0;0;0;0;0;0;0;3;0;0;0;0
04/05/2020;10:47:02;80;Sem vítima;18;BR-290/RS;Oeste;Colisão - Traseira;2;0;0;0;0;0;0;0;0;0;4;0;0;0;0
04/05/2020;17:25:55;140;Sem vítima;426;BR-386/RS;Sul;Queda de moto;1;0;0;0;0;0;0;0;0;0;1;0;0;0;0
04/05/2020;22:36:24;171;Sem vítima;440;BR-386/RS;Sul;Saída de pista;1;0;0;0;0;0;0;0;0;0;1;0;0;0;0
04/05/2020;22:55:19;174;Sem vítima;277;BR-386/RS;Norte;Queda de ribanceira;0;0;0;0;1;0;0;0;0;0;2;0;0;0;0
05/05/2020;03:52:28;10;com vítima;402;BR-386/RS;Sul;Saída de pista;0;0;1;0;0;0;0;0;0;0;0;0;1;0;0
05/05/2020;05:39:12;14;Sem vítima;439;BR-386/RS;Sul;Saída de pista;1;0;0;0;0;0;0;0;0;0;1;0;0;0;0
05/05/2020;06:34:39;17;Sem vítima;22;BR-448/RS;Norte;Colisão - Lateral;2;0;0;0;0;0;0;0;0;0;2;0;0;0;0
05/05/2020;06:36:08;18;Sem vítima;394;BR-386/RS;Norte;Queda de Carga;0;0;1;0;0;0;0;0;0;0;1;0;0;0;0
05/05/2020;08:28:03;48;Sem vítima;20;BR-101/RS;Sul;Colisão - Traseira;2;0;0;0;0;0;0;0;0;0;2;0;0;0;0
05/05/2020;08:42:01;51;Sem vítima;87;BR-290/RS;Oeste;Colisão - Lateral;1;0;1;0;0;0;0;0;0;0;2;0;0;0;0
05/05/2020;11:52:50;102;Sem vítima;35;BR-101/RS;Norte;Choque Barreira;1;0;0;0;0;0;0;0;0;0;1;0;0;0;0
05/05/2020;15:23:20;136;Sem vítima;27;BR-290/RS;Oeste;Queda de ribanceira;1;0;0;0;0;0;0;0;0;0;1;0;0;0;0
05/05/2020;17:27:03;167;Sem vítima;28;BR-290/RS;Oeste;Queda de ribanceira;1;0;0;0;0;0;0;0;0;0;3;0;0;0;0
05/05/2020;19:55:53;174;Sem vítima;296;BR-386/RS;Sul;Queda de ribanceira;0;0;0;0;1;0;0;0;0;0;2;0;0;0;0
05/05/2020;21:08:36;180;Sem vítima;401;BR-386/RS;Norte;Choque Defensa;2;0;0;0;0;0;0;0;0;0;5;0;0;0;0
06/05/2020;10:05:46;71;Sem vítima;95;BR-290/RS;Oeste;Colisão - Traseira;1;0;1;0;0;0;0;0;0;0;2;0;0;0;0
06/05/2020;10:22:31;74;com vítima;40;BR-290/RS;Leste;Capotamento;1;0;0;0;0;0;0;0;0;0;2;1;0;0;0
06/05/2020;12:14:05;86;com vítima;2;BR-101/RS;Norte;Colisão - Frontal;0;0;0;1;0;0;0;0;0;0;0;2;0;0;0
06/05/2020;17:21:33;139;com vítima;370;BR-386/RS;Norte;Colisão - Traseira;0;0;0;1;0;0;0;1;0;0;1;0;1;0;0
06/05/2020;18:27:53;154;Sem vítima;380;BR-386/RS;Norte;Queda de ribanceira;1;0;0;0;0;0;0;0;0;0;1;0;0;0;0
07/05/2020;09:37:59;68;Sem vítima;426;BR-386/RS;Sul;Colisão - Traseira;1;0;1;0;0;0;0;0;0;0;2;0;0;0;0
07/05/2020;12:13:40;92;Sem vítima;351,26;BR-386/RS;Norte;Colisão - Traseira;1;0;1;0;0;0;0;0;0;0;2;0;0;0;0
07/05/2020;15:19:55;121;Sem vítima;78;BR-290/RS;Oeste;Colisão - Traseira;2;0;0;0;0;0;0;0;0;0;2;0;0;0;0
07/05/2020;15:22:49;122;com vítima;437;BR-386/RS;Norte;Colisão - Traseira;0;0;0;1;1;0;0;0;0;0;1;0;0;0;1
07/05/2020;16:09:54;128;Sem vítima;305;BR-386/RS;Sul;Queda de ribanceira;0;0;1;0;0;0;0;0;0;0;1;0;0;0;0
08/05/2020;09:32:49;65;Sem vítima;393;BR-386/RS;Norte;Choque Barreira;1;0;0;0;0;0;0;0;0;0;2;0;0;0;0
08/05/2020;11:57:35;98;Sem vítima;234,41;BR-386/RS;Norte;Colisão - Lateral;1;0;0;0;0;0;0;0;0;0;2;0;0;0;0
08/05/2020;12:58:39;106;com vítima;343;BR-386/RS;Sul;Colisão - Lateral;2;0;1;0;0;0;0;0;0;0;1;1;1;0;0
08/05/2020;14:31:28;122;Sem vítima;328;BR-386/RS;Sul;Colisão - Traseira;1;0;1;0;0;0;0;0;0;0;5;0;0;0;0
08/05/2020;17:28:31;151;Sem vítima;19;BR-290/RS;Leste;Colisão - Traseira;1;0;0;0;0;0;0;1;0;0;3;0;0;0;0
08/05/2020;18:08:14;161;Sem vítima;433;BR-386/RS;Norte;Colisão - Traseira;0;0;0;0;2;0;0;0;0;0;2;0;0;0;0
08/05/2020;19:36:11;183;Sem vítima;343;BR-386/RS;Sul;Colisão - Lateral;2;0;0;0;0;0;0;0;0;0;3;0;0;0;0
08/05/2020;21:21:39;196;Sem vítima;27;BR-290/RS;Oeste;Queda de ribanceira;0;0;0;0;1;0;0;0;0;0;1;0;0;0;0
09/05/2020;07:29:34;15;Sem vítima;21;BR-101/RS;Norte;Choque Barreira;1;0;0;0;0;0;0;0;0;0;1;0;0;0;0
09/05/2020;08:28:34;24;Sem vítima;30;BR-290/RS;Leste;Queda de ribanceira;1;0;0;0;0;0;0;0;0;0;1;0;0;0;0
09/05/2020;11:27:15;50;Sem vítima;76;BR-101/RS;Sul;Capotamento;1;0;0;0;0;0;0;0;0;0;1;0;0;0;0
09/05/2020;14:14:21;69;com vítima;261;BR-386/RS;Sul;Atropelamento - Esportista;0;0;0;1;1;0;0;0;0;0;3;0;0;1;0
09/05/2020;19:06:04;122;Sem vítima;426;BR-386/RS;Sul;Colisão - Lateral;2;0;0;0;0;0;0;0;0;0;2;0;0;0;0
09/05/2020;21:24:48;136;Sem vítima;320;BR-386/RS;Norte;Atropelamento de Animal;0;0;0;0;0;0;0;1;0;0;1;0;0;0;0
10/05/2020;00:31:25;4;Sem vítima;17;BR-101/RS;Norte;Choque Barreira;1;0;0;0;0;0;0;0;0;0;2;0;0;0;0
10/05/2020;10:20:40;54;com vítima;11;BR-448/RS;Sul;Outros;0;0;0;0;0;1;0;0;0;0;0;1;0;0;0
10/05/2020;12:08:00;65;Sem vítima;96;BR-290/RS;Leste;Choque Barreira;0;0;0;1;0;0;0;0;0;0;1;0;0;0;0
10/05/2020;16:48:26;104;com vítima;30;BR-290/RS;Oeste;Capotamento;1;0;0;0;0;0;0;0;0;0;1;0;1;0;0
10/05/2020;19:36:40;137;com vítima;40;BR-290/RS;Oeste;Atropelamento de Animal;3;0;0;0;0;0;0;0;0;0;5;1;1;1;0
10/05/2020;21:28:20;158;com vítima;232;BR-386/RS;Norte;Colisão - Lateral;1;0;0;1;0;0;0;0;0;0;2;0;1;0;0
11/05/2020;07:02:15;14;Sem vítima;35;BR-101/RS;Sul;Colisão - Traseira;1;0;1;0;0;0;0;0;0;0;2;0;0;0;0
11/05/2020;08:06:25;33;com vítima;399;BR-386/RS;Sul;Saída de pista;1;0;0;0;0;0;0;0;0;0;0;1;0;0;0
11/05/2020;09:14:51;58;Sem vítima;393;BR-386/RS;Norte;Colisão - Traseira;1;0;1;0;0;0;0;0;0;0;2;0;0;0;0
11/05/2020;14:19:30;131;Sem vítima;77;BR-290/RS;Leste;Colisão - Traseira;2;0;0;0;0;0;0;0;0;0;2;0;0;0;0
11/05/2020;16:50:53;168;Sem vítima;27;BR-290/RS;Oeste;Saída de pista;1;0;0;0;0;0;0;0;0;0;1;0;0;0;0
11/05/2020;17:52:57;182;com vítima;94;BR-290/RS;Oeste;Queda de moto;0;0;0;1;0;0;0;0;0;0;0;0;1;0;0
11/05/2020;17:58:14;183;Sem vítima;351;BR-386/RS;Norte;Colisão - Lateral;2;0;0;0;0;1;0;0;0;0;3;0;0;0;0
11/05/2020;19:08:15;193;Sem vítima;80;BR-290/RS;Leste;Choque Defensa;1;0;0;0;0;0;0;0;0;0;3;0;0;0;0
11/05/2020;19:50:25;200;Sem vítima;94;BR-290/RS;Leste;Choque Praça - Cabine;1;0;0;0;0;0;0;0;0;0;1;0;0;0;0
11/05/2020;20:01:25;202;Sem vítima;347;BR-386/RS;Norte;Queda de ribanceira;1;0;0;0;0;0;0;0;0;0;1;0;0;0;0
12/05/2020;06:14:42;15;Sem vítima;42;BR-290/RS;Leste;Capotamento;1;0;0;0;0;0;0;0;0;0;3;0;0;0;0
12/05/2020;06:42:05;21;Sem vítima;290;BR-386/RS;Norte;Capotamento;1;0;0;0;0;0;0;0;0;0;1;0;0;0;0
12/05/2020;07:13:30;23;com vítima;8;BR-290/RS;Oeste;Colisão - Lateral;2;0;0;0;0;0;0;0;0;0;1;2;0;0;0
12/05/2020;07:56:01;27;Sem vítima;86;BR-290/RS;Leste;Choque Barreira;1;0;0;0;0;0;0;0;0;0;1;0;0;0;0
12/05/2020;14:10:00;90;Sem vítima;11;BR-290/RS;Leste;Queda de ribanceira;1;0;0;0;0;0;0;0;0;0;1;0;0;0;0
12/05/2020;14:22:11;92;Sem vítima;362;BR-386/RS;Sul;Queda de ribanceira;1;0;0;0;0;0;0;0;0;0;1;0;0;0;0
12/05/2020;14:31:00;94;Sem vítima;50;BR-290/RS;Leste;Queda de ribanceira;1;0;0;0;0;0;0;0;0;0;1;0;0;0;0
12/05/2020;14:40:36;96;Sem vítima;350;BR-386/RS;Norte;Saída de pista;1;0;0;0;0;0;0;0;0;0;1;0;0;0;0
12/05/2020;14:46:01;98;Sem vítima;79;BR-290/RS;Oeste;Queda de ribanceira;1;0;0;0;0;0;0;0;0;0;1;0;0;0;0
12/05/2020;14:54:25;101;Sem vítima;374;BR-386/RS;Norte;Queda de ribanceira;1;0;0;0;0;0;0;0;0;0;1;0;0;0;0
12/05/2020;16:27:46;117;Sem vítima;351;BR-386/RS;Sul;Colisão - Lateral;2;0;0;0;0;0;0;0;0;0;3;0;0;0;0
12/05/2020;17:14:11;121;Sem vítima;405;BR-386/RS;Norte;Queda de ribanceira;1;0;0;0;0;0;0;0;0;0;5;0;0;0;0
13/05/2020;06:46:11;8;com vítima;411;BR-386/RS;Sul;Colisão - Frontal;1;0;0;0;1;0;0;0;0;0;1;1;0;0;0
13/05/2020;08:17:41;25;com vítima;82;BR-101/RS;Ambos;Colisão - Traseira;1;0;1;0;0;0;0;0;0;0;1;1;0;0;0
13/05/2020;09:35:33;58;com vítima;22;BR-290/RS;Leste;Capotamento;1;0;0;0;0;0;0;0;0;0;0;1;1;0;0
13/05/2020;11:49:36;83;Sem vítima;79;BR-290/RS;Oeste;Queda de moto;0;0;0;1;0;0;0;0;0;0;1;0;0;0;0
13/05/2020;18:11:15;139;Sem vítima;401;BR-386/RS;Norte;Choque com objeto sobre a pista;1;0;0;0;0;1;0;0;0;0;1;0;0;0;0
14/05/2020;05:36:30;16;com vítima;82;BR-290/RS;Leste;Queda de ribanceira;1;0;0;0;0;0;0;0;0;0;2;1;0;0;0
14/05/2020;07:28:26;21;Sem vítima;10;BR-448/RS;Sul;Colisão - Traseira;1;0;0;0;1;0;0;0;0;0;2;0;0;0;0
14/05/2020;09:27:17;66;Sem vítima;60;BR-101/RS;Sul;Choque Talude;1;0;0;0;0;0;0;0;0;0;2;0;0;0;0
14/05/2020;16:09:13;141;Sem vítima;19;BR-290/RS;Oeste;Colisão - Traseira;0;0;1;1;0;0;0;0;0;0;2;0;0;0;0
14/05/2020;18:45:48;171;Sem vítima;14;BR-101/RS;Sul;Colisão - Traseira;0;0;2;0;0;0;0;0;0;0;2;0;0;0;0
14/05/2020;20:38:37;187;Sem vítima;17;BR-290/RS;Leste;Queda de ribanceira;1;0;0;0;0;0;0;0;0;0;1;0;0;0;0
14/05/2020;21:18:04;194;Sem vítima;258;BR-386/RS;Sul;Saída de pista;1;0;0;0;0;0;0;0;0;0;3;0;0;0;0
15/05/2020;07:19:11;26;com vítima;343;BR-386/RS;Norte;Colisão - Lateral;0;0;0;1;1;0;0;0;0;0;1;1;0;0;0
15/05/2020;11:27:46;96;Sem vítima;95;BR-290/RS;Oeste;Colisão - Traseira;2;0;0;0;0;0;0;0;0;0;2;0;0;0;0
15/05/2020;20:55:21;173;com vítima;432;BR-386/RS;Sul;Queda de ribanceira;1;0;0;0;0;0;0;0;0;0;1;1;0;0;0
15/05/2020;21:17:46;175;Sem vítima;39;BR-290/RS;Leste;Colisão - Traseira;1;0;0;0;1;0;0;0;0;0;3;0;0;0;0
16/05/2020;13:51:00;80;Sem vítima;17;BR-101/RS;Sul;Queda de ribanceira;1;0;0;0;0;0;0;0;0;0;1;0;0;0;0
16/05/2020;19:28:01;132;com vítima;377;BR-386/RS;Norte;Atropelamento - Andarilho;0;0;0;0;0;1;0;0;0;0;1;0;1;0;0
16/05/2020;21:34:58;153;Sem vítima;19;BR-290/RS;Leste;Tombamento;1;0;0;0;0;0;0;0;0;0;3;0;0;0;0
16/05/2020;21:46:41;155;Sem vítima;210;BR-386/RS;Norte;Queda de ribanceira;1;0;0;0;0;0;0;0;0;0;3;0;0;0;0
17/05/2020;00:31:17;6;Sem vítima;96;BR-290/RS;Leste;Queda de ribanceira;0;0;1;0;0;0;0;0;0;0;2;0;0;0;0
17/05/2020;02:21:35;15;com vítima;49;BR-101/RS;Sul;Capotamento;1;0;0;0;0;0;0;0;0;0;2;0;2;0;0
17/05/2020;05:52:02;27;Sem vítima;39;BR-101/RS;Sul;Atropelamento de Animal;1;0;0;0;0;0;0;0;0;0;1;0;0;0;0
17/05/2020;07:07:59;28;Sem vítima;88;BR-290/RS;Leste;Colisão - Lateral;2;0;0;0;0;0;0;0;0;0;4;0;0;0;0
17/05/2020;07:29:35;32;Sem vítima;87;BR-290/RS;Leste;Queda de ribanceira;1;0;0;0;0;0;0;0;0;0;1;0;0;0;0
17/05/2020;10:26:55;60;Sem vítima;222;BR-386/RS;Norte;Queda de ribanceira;1;0;0;0;0;0;0;0;0;0;2;0;0;0;0
17/05/2020;14:47:06;93;Sem vítima;324;BR-386/RS;Norte;Colisão - Traseira;2;0;0;0;0;0;0;0;0;0;2;0;0;0;0
17/05/2020;15:08:00;98;Sem vítima;34;BR-101/RS;Norte;Engavetamento;2;0;1;0;0;0;0;0;0;0;3;0;0;0;0
18/05/2020;08:11:25;31;Sem vítima;78;BR-290/RS;Leste;Outros;1;0;0;0;0;0;0;0;0;0;1;0;0;0;0
18/05/2020;10:32:06;69;com vítima;9;BR-101/RS;Sul;Capotamento;1;0;0;0;0;0;0;0;0;0;0;1;0;0;0
18/05/2020;13:11:28;100;Sem vítima;342;BR-386/RS;Norte;Colisão - Transversal;1;0;0;0;0;0;0;1;0;0;2;0;0;0;0
18/05/2020;18:55:44;164;com vítima;439;BR-386/RS;Norte;Atropelamento - Morador/Trabalhador/Estudante;0;0;0;0;1;0;0;0;0;0;2;0;0;1;0
19/05/2020;04:47:25;10;Sem vítima;72;BR-290/RS;Oeste;Queda de ribanceira;0;0;1;0;0;0;0;0;0;0;1;0;0;0;0
19/05/2020;06:23:37;12;com vítima;90;BR-290/RS;Oeste;Queda de ribanceira;1;0;0;0;0;0;0;0;0;0;0;0;2;0;0
19/05/2020;06:35:10;14;Sem vítima;19;BR-290/RS;Leste;Tombamento;0;0;0;0;0;0;0;2;0;0;1;0;0;0;0
19/05/2020;17:18:52;140;com vítima;352;BR-386/RS;Norte;Queda de ribanceira;1;0;0;0;0;0;0;0;0;0;0;0;1;0;0
19/05/2020;23:27:59;185;Sem vítima;40;BR-290/RS;Leste;Queda de ribanceira;0;0;0;0;0;0;0;1;0;0;1;0;0;0;0
20/05/2020;08:34:35;46;com vítima;445;BR-386/RS;Sul;Colisão - Traseira;1;0;0;0;0;0;0;1;0;0;1;1;0;0;0
20/05/2020;11:59:27;94;Sem vítima;92;BR-290/RS;Leste;Queda de moto;0;0;0;1;0;0;0;0;0;0;1;0;0;0;0
20/05/2020;22:39:40;201;com vítima;95;BR-290/RS;Leste;Atropelamento - Usuário;1;0;0;0;0;0;0;0;0;0;0;1;0;0;0
21/05/2020;05:41:40;5;com vítima;416;BR-386/RS;Sul;Colisão - Traseira;0;0;0;0;0;0;0;2;0;0;1;0;1;0;0
21/05/2020;09:41:23;66;Sem vítima;98;BR-290/RS;Oeste;Colisão - Lateral;1;0;1;0;0;0;0;0;0;0;2;0;0;0;0
21/05/2020;09:51:08;68;com vítima;39;BR-290/RS;Leste;Queda de ribanceira;0;0;0;0;1;0;0;0;0;0;0;2;0;0;0
21/05/2020;11:39:39;93;Sem vítima;251;BR-386/RS;Sul;Colisão - Traseira;0;0;0;0;1;0;0;0;0;0;2;0;0;0;0
21/05/2020;12:15:43;96;com vítima;70;BR-290/RS;Oeste;Queda de ribanceira;1;0;0;0;0;0;0;0;0;0;0;1;0;0;0
21/05/2020;13:17:11;104;com vítima;348;BR-386/RS;Norte;Colisão - Traseira;2;0;0;0;0;0;0;0;0;0;1;0;1;0;0
21/05/2020;14:40:59;112;com vítima;357;BR-386/RS;Sul;Saída de pista;1;0;0;0;0;0;0;0;0;0;0;1;0;0;0
21/05/2020;15:20:25;119;Sem vítima;393;BR-386/RS;Norte;Saída de pista;1;0;0;0;0;0;0;0;0;0;1;0;0;0;0
21/05/2020;15:31:17;121;Sem vítima;389;BR-386/RS;Norte;Queda de ribanceira;0;0;1;0;0;0;0;0;0;0;1;0;0;0;0
21/05/2020;15:59:08;125;com vítima;417;BR-386/RS;Norte;Colisão - Lateral;2;0;0;0;0;0;0;0;0;0;1;0;1;0;0
21/05/2020;16:35:12;127;Sem vítima;373;BR-386/RS;Norte;Colisão - Lateral;1;0;1;0;0;0;0;0;0;0;2;0;0;0;0
21/05/2020;17:07:17;131;Sem vítima;440;BR-386/RS;Sul;Colisão - Frontal;1;0;1;0;0;0;0;0;0;0;2;0;0;0;0
21/05/2020;18:50:25;146;Sem vítima;77;BR-290/RS;Oeste;;0;0;0;1;0;0;0;0;0;0;1;0;0;0;0
21/05/2020;19:36:25;149;Sem vítima;86;BR-290/RS;Leste;Colisão - Traseira;2;0;0;0;0;0;0;0;0;0;3;0;0;0;0
21/05/2020;19:52:12;155;Sem vítima;400;BR-386/RS;Sul;Queda de ribanceira;1;0;0;0;0;0;0;0;0;0;2;0;0;0;0
21/05/2020;21:50:04;169;Sem vítima;20;BR-290/RS;Leste;;1;0;0;0;0;0;0;0;0;0;1;0;0;0;0
21/05/2020;23:25:42;178;Sem vítima;351;BR-386/RS;Norte;Saída de pista;2;0;0;0;0;0;0;0;0;0;2;0;0;0;0
22/05/2020;00:22:15;3;Sem vítima;414;BR-386/RS;Norte;Tombamento;0;0;1;0;0;0;0;0;0;0;1;0;0;0;0
22/05/2020;01:08:41;7;Sem vítima;56;BR-101/RS;Sul;Saída de pista;1;0;0;0;0;0;0;0;0;0;2;0;0;0;0
22/05/2020;04:51:01;16;Sem vítima;37;BR-290/RS;Leste;Queda de ribanceira;0;0;0;0;1;0;0;0;0;0;2;0;0;0;0
22/05/2020;07:40:26;30;Sem vítima;93;BR-290/RS;Leste;Choque Barreira;1;0;0;0;0;0;0;0;0;0;1;0;0;0;0
22/05/2020;10:53:53;78;com vítima;38;BR-290/RS;Oeste;Capotamento;1;0;0;0;0;0;0;0;0;0;1;1;1;0;0
22/05/2020;13:44:46;104;com vítima;19;BR-101/RS;Norte;Atropelamento - Usuário;1;0;0;0;0;0;0;0;0;0;1;0;0;1;0
22/05/2020;14:16:03;110;com vítima;401;BR-386/RS;Norte;Choque Defensa;1;0;0;0;0;0;0;0;0;0;1;1;1;0;0
22/05/2020;19:12:22;158;com vítima;444;BR-386/RS;Norte;Atropelamento de Animal;1;0;0;0;0;0;0;0;0;0;0;1;0;0;0
23/05/2020;02:37:20;4;Sem vítima;420;BR-386/RS;Sul;Saída de pista;1;0;0;0;0;0;0;0;0;0;1;0;0;0;0
23/05/2020;06:31:03;14;Sem vítima;60;BR-290/RS;Leste;Queda de ribanceira;1;0;0;0;0;0;0;0;0;0;1;0;0;0;0
23/05/2020;09:14:47;33;com vítima;88;BR-290/RS;Oeste;Choque com veículo no acostamento;0;0;1;1;0;0;0;0;0;0;1;0;1;0;0
23/05/2020;15:24:20;85;Sem vítima;85;BR-290/RS;Leste;Choque Barreira;1;0;0;0;0;0;0;0;0;0;2;0;0;0;0
23/05/2020;17:12:42;105;com vítima;249;BR-386/RS;Sul;Queda de ribanceira;0;0;0;0;1;0;0;0;0;0;0;2;1;0;0
23/05/2020;18:48:23;114;Sem vítima;270;BR-386/RS;Ambos;Choque - Sinalização;1;0;0;0;0;0;0;0;0;0;1;0;0;0;0
24/05/2020;17:37:39;114;com vítima;1;BR-101/RS;Sul;Colisão - Traseira;1;0;0;1;0;0;0;0;0;0;1;2;0;0;0