data;horario;n_da_ocorrencia;tipo_de_ocorrencia;km;trecho;sentido;tipo_de_acidente;automovel;bicicleta;caminhao;moto;onibus;outros;tracao_animal;transporte_de_cargas_especiais;trator_maquinas;utilitarios;ilesos;levemente_feridos;moderadamente_feridos;gravemente_feridos;mortos
24/05/2020;23:00:40;154;Sem vítima;347;BR-386/RS;Norte;Choque - Arvore;1;0;0;0;0;0;0;0;0;0;1;0;0;0;0
25/05/2020;08:16:31;46;Sem vítima;92;BR-290/RS;Oeste;Queda de moto;0;0;0;1;0;0;0;0;0;0;2;0;0;0;0
25/05/2020;16:20:57;150;com vítima;26;BR-290/RS;Oeste;Colisão - Lateral;1;0;1;0;0;0;0;0;0;0;1;1;0;0;0
26/05/2020;15:03:13;126;Sem vítima;6;BR-448/RS;Norte;Colisão - Lateral;2;0;0;0;0;0;0;0;0;0;2;0;0;0;0
26/05/2020;15:49:12;134;com vítima;96;BR-290/RS;Leste;Colisão - Lateral;1;0;2;0;0;0;0;0;0;0;3;1;0;0;0
26/05/2020;16:19:08;138;com vítima;245;BR-386/RS;Sul;Colisão - Lateral;1;0;0;0;0;0;0;1;0;0;1;1;0;0;0
27/05/2020;03:42:00;17;Sem vítima;304;BR-386/RS;Norte;Queda de ribanceira;1;0;0;0;0;0;0;0;0;0;1;0;0;0;0
27/05/2020;11:02:30;78;Sem vítima;248;BR-386/RS;Norte;Colisão - Transversal;2;0;0;0;0;0;0;0;0;0;2;0;0;0;0
27/05/2020;16:22:52;112;Sem vítima;440;BR-386/RS;Sul;Queda de moto;0;0;0;1;0;0;0;0;0;0;1;0;0;0;0
27/05/2020;16:48:27;115;com vítima;72;BR-290/RS;Oeste;Choque Defensa;1;0;0;0;0;0;0;0;0;0;0;1;0;0;0
27/05/2020;21:01:08;143;Sem vítima;270;BR-386/RS;Sul;Queda de ribanceira;1;0;0;0;0;0;0;0;0;0;1;0;0;0;0
28/05/2020;07:11:11;24;com vítima;359;BR-386/RS;Norte;Colisão - Frontal;1;0;1;0;0;0;0;0;0;0;0;1;0;0;2
28/05/2020;07:16:53;26;Sem vítima;19;BR-290/RS;Leste;Colisão - Lateral;0;0;0;0;1;0;0;1;0;0;3;0;0;0;0
28/05/2020;16:14:31;126;Sem vítima;10;BR-448/RS;Norte;Engavetamento;1;0;1;0;1;0;0;0;0;0;4;0;0;0;0
29/05/2020;06:55:55;17;Sem vítima;295;BR-386/RS;Sul;Capotamento;1;0;0;0;0;0;0;0;0;0;1;0;0;0;0
29/05/2020;08:44:13;56;Sem vítima;98;BR-290/RS;Oeste;Colisão - Traseira;2;0;0;0;0;0;0;0;0;0;2;0;0;0;0
29/05/2020;21:28:37;185;Sem vítima;257;BR-386/RS;Norte;Queda de ribanceira;1;0;0;0;0;0;0;0;0;0;1;0;0;0;0
30/05/2020;06:39:38;11;Sem vítima;61;BR-290/RS;Leste;Colisão - Traseira;2;0;0;0;0;0;0;0;0;0;3;0;0;0;0
30/05/2020;07:49:44;21;Sem vítima;371;BR-386/RS;Norte;Saída de pista;1;0;0;0;0;0;0;0;0;0;1;0;0;0;0
30/05/2020;12:00:15;64;com vítima;55;BR-101/RS;Norte;Queda de ribanceira;1;0;0;0;0;0;0;0;0;0;0;1;0;0;0
30/05/2020;15:20:38;96;com vítima;61;BR-290/RS;Oeste;Queda de ribanceira;1;0;0;0;0;0;0;0;0;0;2;2;0;0;0
30/05/2020;16:10:35;105;com vítima;348;BR-386/RS;Sul;Saída de pista;1;0;0;0;0;0;0;0;0;0;1;0;1;0;0
30/05/2020;18:23:47;124;Sem vítima;81;BR-101/RS;Norte;Atropelamento de Animal;1;0;0;0;0;0;0;0;0;0;3;0;0;0;0
30/05/2020;23:23:51;158;com vítima;55;BR-290/RS;Oeste;Queda de ribanceira;0;0;0;0;1;0;0;0;0;0;0;0;0;0;1
31/05/2020;01:30:13;1;Sem vítima;15;BR-290/RS;Leste;Queda de ribanceira;1;0;0;0;0;0;0;0;0;0;2;0;0;0;0
31/05/2020;12:18:38;48;com vítima;32;BR-101/RS;Sul;Capotamento;1;0;0;0;0;0;0;0;0;0;0;1;0;0;0
31/05/2020;16:58:32;91;com vítima;344;BR-386/RS;Sul;Colisão - Lateral;1;0;0;1;0;0;0;0;0;0;1;0;1;0;0
31/05/2020;17:07:07;93;Sem vítima;423;BR-386/RS;Sul;Colisão - Lateral;1;0;1;0;0;0;0;0;0;0;2;0;0;0;0
31/05/2020;18:59:06;124;com vítima;387;BR-386/RS;Sul;Colisão - Lateral;0;0;0;1;0;1;0;0;0;0;0;0;2;0;0
31/05/2020;19:37:29;128;com vítima;390;BR-386/RS;Norte;Colisão - Lateral;1;0;0;1;0;0;0;0;0;0;0;2;0;0;0
31/05/2020;20:42:07;135;Sem vítima;92;BR-290/RS;Leste;Queda de ribanceira;1;0;0;0;0;0;0;0;0;0;3;0;0;0;0
01/04/2020;07:19:39;16;com vítima;347;BR-386/RS;Sul;Engavetamento;2;0;0;2;0;0;0;0;0;0;2;0;3;0;0
01/04/2020;16:33:18;128;Sem vítima;426;BR-386/RS;Sul;Colisão - Traseira;0;0;1;0;0;0;0;1;0;0;2;0;0;0;0
02/04/2020;14:51:13;116;com vítima;432;BR-386/RS;Sul;Colisão - Lateral;3;0;0;0;0;0;0;0;0;0;2;1;0;0;0
02/04/2020;17:24:50;134;com vítima;273;BR-386/RS;Sul;Saída de pista;1;0;0;0;0;0;0;0;0;0;0;2;0;0;0
03/04/2020;02:47:07;11;com vítima;369;BR-386/RS;Norte;Queda de ribanceira;0;0;0;1;0;0;0;0;0;0;0;0;1;0;0
03/04/2020;12:25:45;97;Sem vítima;323;BR-386/RS;Sul;Colisão - Lateral;1;0;0;0;0;0;0;1;0;0;4;0;0;0;0
03/04/2020;17:20:00;137;com vítima;88;BR-290/RS;Leste;Queda de moto;0;0;0;1;0;0;0;0;0;0;0;1;1;0;0
03/04/2020;18:19:39;146;Sem vítima;257;BR-386/RS;Norte;Tombamento;0;0;1;0;0;0;0;0;0;0;1;0;0;0;0
03/04/2020;18:44:04;151;Sem vítima;216;BR-386/RS;Sul;Colisão - Lateral;2;0;0;0;0;0;0;0;0;0;2;0;0;0;0
03/04/2020;20:23:59;165;Sem vítima;43;BR-101/RS;Sul;Queda de ribanceira;0;0;1;0;0;0;0;0;0;0;1;0;0;0;0
04/04/2020;03:02:03;8;Sem vítima;31;BR-290/RS;Leste;Queda de ribanceira;0;0;1;0;0;0;0;0;0;0;1;0;0;0;0
04/04/2020;05:03:02;13;Sem vítima;84;BR-101/RS;Sul;Atropelamento de Animal;1;0;0;0;0;0;0;0;0;0;1;0;0;0;0
04/04/2020;08:54:26;42;com vítima;34;BR-290/RS;Leste;Colisão - Traseira;2;0;0;0;0;0;0;0;0;0;0;3;0;0;0
04/04/2020;17:19:22;102;Sem vítima;446;BR-386/RS;Norte;Colisão - Traseira;2;0;0;0;0;0;0;0;0;0;2;0;0;0;0
04/04/2020;19:35:05;109;Sem vítima;358;BR-386/RS;Norte;Queda de ribanceira;1;0;0;0;0;0;0;0;0;0;1;0;0;0;0
04/04/2020;20:05:17;116;com vítima;286;BR-386/RS;Norte;Colisão - Lateral;2;0;0;0;0;0;0;0;0;0;7;1;0;0;0
05/04/2020;11:19:05;46;Sem vítima;311;BR-386/RS;Sul;Choque - Arvore;1;0;0;0;0;0;0;0;0;0;1;0;0;0;0
05/04/2020;12:40:05;58;Sem vítima;40;BR-290/RS;Oeste;Queda de ribanceira;1;0;0;0;0;0;0;0;0;0;2;0;0;0;0
05/04/2020;20:41:08;110;Sem vítima;57;BR-290/RS;Leste;Atropelamento de Animal;1;0;0;0;0;0;0;0;0;0;2;0;0;0;0
06/04/2020;06:19:49;7;Sem vítima;359;BR-386/RS;Sul;Saída de pista;1;0;0;0;0;0;0;0;0;0;3;0;0;0;0
06/04/2020;07:23:23;16;Sem vítima;64;BR-290/RS;Oeste;Queda de ribanceira;1;0;0;0;0;0;0;0;0;0;1;0;0;0;0
06/04/2020;09:51:02;51;com vítima;411;BR-386/RS;Norte;Colisão - Traseira;1;0;1;0;0;0;0;0;0;0;1;0;1;0;0
06/04/2020;16:39:04;121;Sem vítima;358;BR-386/RS;Norte;Colisão - Lateral;0;0;0;0;0;0;0;2;0;0;2;0;0;0;0
06/04/2020;22:13:51;151;Sem vítima;33;BR-101/RS;Norte;Atropelamento de Animal;0;0;0;0;0;0;0;1;0;0;1;0;0;0;0
07/04/2020;00:46:32;1;Sem vítima;16;BR-290/RS;Leste;Colisão - Lateral;1;0;0;0;0;0;0;1;0;0;3;0;0;0;0
07/04/2020;06:19:05;8;com vítima;18;BR-290/RS;Oeste;Queda de ribanceira;1;0;0;0;0;0;0;0;0;0;1;1;0;0;0
07/04/2020;06:20:33;9;Sem vítima;87;BR-101/RS;Norte;Choque - Poste;0;0;1;0;0;0;0;0;0;0;1;0;0;0;0
07/04/2020;10:02:55;74;com vítima;256;BR-386/RS;Sul;Queda de ribanceira;0;0;0;0;1;0;0;0;0;0;0;0;2;1;0
07/04/2020;19:04:53;160;Sem vítima;380;BR-386/RS;Norte;Queda de moto;0;0;0;1;0;0;0;0;0;0;1;0;0;0;0
07/04/2020;20:26:02;165;Sem vítima;215;BR-386/RS;Sul;Colisão - Lateral;0;0;0;0;0;0;0;2;0;0;2;0;0;0;0
08/04/2020;14:45:42;120;Sem vítima;20;BR-290/RS;Leste;Queda de ribanceira;1;0;0;0;0;0;0;0;0;0;3;0;0;0;0
08/04/2020;18:03:44;150;com vítima;345;BR-386/RS;Norte;Colisão - Traseira;1;0;0;1;0;0;0;0;0;0;2;1;0;0;0
08/04/2020;20:34:36;174;com vítima;83;BR-290/RS;Oeste;Queda de moto;0;0;0;1;0;0;0;0;0;0;0;1;0;0;0
09/04/2020;07:24:07;25;Sem vítima;82;BR-290/RS;Oeste;Queda de ribanceira;1;0;0;0;0;0;0;0;0;0;4;0;0;0;0
09/04/2020;10:53:26;74;com vítima;30;BR-101/RS;Norte;Queda de ribanceira;1;0;0;0;0;0;0;0;0;0;1;1;1;0;0
09/04/2020;11:54:45;81;com vítima;439;BR-386/RS;Norte;Colisão - Lateral;0;0;0;1;1;0;0;0;0;0;0;1;0;0;0
09/04/2020;15:26:14;114;Sem vítima;88;BR-290/RS;Leste;Colisão - Traseira;2;0;0;0;0;0;0;0;0;0;2;0;0;0;0
10/04/2020;03:04:20;4;Sem vítima;26;BR-290/RS;Oeste;Queda de ribanceira;0;0;1;0;0;0;0;0;0;0;1;0;0;0;0
10/04/2020;13:57:13;55;Sem vítima;5;BR-290/RS;Oeste;Saída de pista;1;0;0;0;0;0;0;0;0;0;2;0;0;0;0
10/04/2020;16:06:36;66;Sem vítima;77;BR-290/RS;Leste;Colisão - Traseira;2;0;0;0;0;0;0;0;0;0;2;0;0;0;0
10/04/2020;17:36:55;76;Sem vítima;11;BR-290/RS;Oeste;Queda de ribanceira;1;0;0;0;0;0;0;0;0;0;1;0;0;0;0
10/04/2020;23:16:55;107;Sem vítima;417;BR-386/RS;Norte;Tombamento;0;0;1;0;0;0;0;0;0;0;1;0;0;0;0
11/04/2020;11:01:00;39;com vítima;90;BR-290/RS;Leste;Colisão - Lateral;0;0;0;1;0;0;0;1;0;0;1;0;0;1;0
12/04/2020;08:23:48;21;com vítima;21;BR-448/RS;Sul;Queda de moto;0;0;0;1;0;0;0;0;0;0;0;1;0;0;0
12/04/2020;09:13:15;25;Sem vítima;39;BR-101/RS;Sul;Queda de ribanceira;0;0;0;1;0;0;0;0;0;0;1;0;0;0;0
12/04/2020;19:49:36;115;Sem vítima;343;BR-386/RS;Sul;Queda de ribanceira;1;0;0;0;0;0;0;0;0;0;1;0;0;0;0
12/04/2020;20:14:37;119;Sem vítima;237,18;BR-386/RS;Norte;Colisão - Traseira;1;0;0;0;0;0;0;1;0;0;2;0;0;0;0
13/04/2020;01:05:47;6;Sem vítima;44;BR-290/RS;Leste;Atropelamento de Animal;1;0;0;0;0;0;0;0;0;0;2;0;0;0;0
13/04/2020;07:49:50;34;com vítima;367;BR-386/RS;Sul;Colisão - Lateral;2;0;0;0;0;0;0;0;0;0;1;1;0;0;0
13/04/2020;08:26:49;46;Sem vítima;41;BR-290/RS;Leste;Queda de ribanceira;1;0;0;0;0;0;0;0;0;0;2;0;0;0;0
13/04/2020;16:09:36;131;com vítima;240;BR-386/RS;Sul;Colisão - Transversal;2;0;0;0;0;0;0;0;0;0;2;1;0;0;0
13/04/2020;18:57:11;149;Sem vítima;291;BR-386/RS;Norte;Colisão - Lateral;1;0;1;0;0;0;0;0;0;0;2;0;0;0;0
13/04/2020;21:35:25;161;com vítima;293;BR-386/RS;Norte;Queda de ribanceira;1;0;0;0;0;0;0;0;0;0;0;1;0;0;0
14/04/2020;06:29:54;8;com vítima;342;BR-386/RS;Norte;Queda de moto;0;0;0;1;0;0;0;0;0;0;0;1;0;0;0
14/04/2020;10:20:28;84;com vítima;94;BR-290/RS;Oeste;Colisão - Lateral;0;0;0;1;0;0;0;0;0;0;0;1;0;0;0
15/04/2020;04:57:03;12;Sem vítima;39;BR-101/RS;Norte;Atropelamento de Animal;1;0;0;0;0;0;0;0;0;0;1;0;0;0;0
15/04/2020;07:21:19;30;Sem vítima;349;BR-386/RS;Sul;Engavetamento;3;0;0;0;0;0;0;0;0;0;3;0;0;0;0
15/04/2020;07:24:39;33;com vítima;370;BR-386/RS;Sul;Colisão - Lateral;0;0;0;1;0;0;0;1;0;0;1;0;1;0;0
15/04/2020;07:50:38;41;Sem vítima;441;BR-386/RS;Sul;Colisão - Lateral;1;0;0;0;0;0;0;2;0;0;3;0;0;0;0
15/04/2020;09:02:37;78;Sem vítima;319;BR-386/RS;Sul;Colisão - Lateral;0;0;1;0;0;0;0;1;0;0;2;0;0;0;0
15/04/2020;19:26:43;182;Sem vítima;92;BR-290/RS;Oeste;Queda de ribanceira;1;0;0;0;0;0;0;0;0;0;2;0;0;0;0
16/04/2020;02:12:33;7;Sem vítima;192;BR-386/RS;Norte;Saída de pista;1;0;0;0;0;0;0;0;0;0;1;0;0;0;0
16/04/2020;08:37:33;63;com vítima;367;BR-386/RS;Norte;Tombamento;0;0;1;0;0;0;0;0;0;0;1;0;2;0;0
16/04/2020;11:28:01;101;Sem vítima;205;BR-386/RS;Norte;Colisão - Lateral;1;0;0;0;0;0;0;1;0;0;2;0;0;0;0
16/04/2020;11:59:25;106;Sem vítima;426;BR-386/RS;Norte;Choque Praça - Cabine;0;0;0;0;0;0;0;1;0;0;1;0;0;0;0
16/04/2020;16:45:27;148;com vítima;60;BR-290/RS;Oeste;Choque Praça - Cabine;1;0;0;0;0;0;0;0;0;0;0;2;0;0;0
17/04/2020;08:35:30;64;Sem vítima;197;BR-386/RS;Norte;Colisão - Traseira;1;0;0;0;1;0;0;0;0;0;1;0;0;0;0
17/04/2020;09:01:51;71;Sem vítima;52;BR-101/RS;Norte;Queda de ribanceira;1;0;0;0;0;0;0;0;0;0;1;0;0;0;0
17/04/2020;09:49:50;77;com vítima;81;BR-101/RS;Norte;Capotamento;1;0;0;0;0;0;0;0;0;0;1;1;1;0;0
17/04/2020;10:00:07;80;Sem vítima;433;BR-386/RS;Sul;Colisão - Traseira;1;0;1;0;0;0;0;0;0;0;3;0;0;0;0
17/04/2020;11:04:51;89;com vítima;16;BR-101/RS;Norte;Choque Barreira;1;0;0;0;0;0;0;0;0;0;0;0;1;0;0
17/04/2020;16:01:17;119;com vítima;89;BR-290/RS;Leste;Colisão - Traseira;1;0;0;1;0;0;0;0;0;0;1;1;1;0;0
17/04/2020;23:52:40;176;Sem vítima;68;BR-101/RS;Norte;Capotamento;1;0;0;0;0;0;0;0;0;0;2;0;0;0;0
18/04/2020;04:27:03;18;com vítima;332;BR-386/RS;Norte;Choque Defensa;1;0;0;0;0;0;0;0;0;0;1;0;1;0;0
18/04/2020;12:09:21;61;Sem vítima;19;BR-290/RS;Oeste;Colisão - Traseira;1;0;0;0;0;0;0;1;0;0;2;0;0;0;0
18/04/2020;12:52:21;67;Sem vítima;19;BR-290/RS;Leste;Colisão - Traseira;1;0;0;0;0;0;0;1;0;0;2;0;0;0;0
18/04/2020;19:08:27;108;Sem vítima;345;BR-386/RS;Norte;Colisão - Lateral;2;0;0;0;0;0;0;0;0;0;5;0;0;0;0
18/04/2020;20:10:24;112;com vítima;269;BR-386/RS;Sul;Atropelamento - Morador/Trabalhador/Estudante;1;0;0;0;0;0;0;0;0;0;2;0;0;0;1
19/04/2020;19:14:45;109;com vítima;35;BR-101/RS;Ambos;Capotamento;1;0;0;0;0;0;0;0;0;0;0;1;0;0;0
20/04/2020;04:23:13;7;Sem vítima;199;BR-386/RS;Norte;Atropelamento de Animal;1;0;0;0;0;0;0;0;0;0;1;0;0;0;0
20/04/2020;08:02:26;46;Sem vítima;68;BR-290/RS;Leste;Queda de ribanceira;1;0;0;0;0;0;0;0;0;0;1;0;0;0;0
20/04/2020;18:33:10;175;com vítima;58;BR-290/RS;Oeste;Queda de ribanceira;1;0;0;0;0;0;0;0;0;0;0;0;1;0;0
20/04/2020;20:31:06;194;Sem vítima;41;BR-290/RS;Leste;Tombamento;0;0;1;0;0;0;0;0;0;0;1;0;0;0;0
21/04/2020;01:01:26;5;com vítima;296;BR-386/RS;Norte;Choque Defensa;1;0;0;0;0;0;0;0;0;0;0;1;0;0;0
21/04/2020;07:27:36;16;Sem vítima;94;BR-290/RS;Oeste;Choque Barreira;1;0;0;0;0;0;0;0;0;0;1;0;0;0;0
21/04/2020;19:50:03;137;Sem vítima;97;BR-290/RS;Oeste;Colisão - Transversal;1;0;0;0;0;0;0;1;0;0;2;0;0;0;0
22/04/2020;03:00:31;12;com vítima;410;BR-386/RS;Norte;Choque Barreira;1;0;0;0;0;0;0;0;0;0;0;1;0;0;0
22/04/2020;18:06:23;148;com vítima;446;BR-386/RS;Norte;Colisão - Traseira;2;0;0;0;0;0;0;0;0;0;1;1;0;0;0
22/04/2020;19:43:50;161;Sem vítima;278;BR-386/RS;Norte;Queda de ribanceira;1;0;0;0;0;0;0;0;0;0;1;0;0;0;0
23/04/2020;00:11:19;1;Sem vítima;29;BR-290/RS;Leste;Colisão - Lateral;2;0;0;0;0;0;0;0;0;0;6;0;0;0;0
23/04/2020;05:59:02;14;Sem vítima;40;BR-290/RS;Oeste;Queda de ribanceira;1;0;0;0;0;0;0;0;0;0;1;0;0;0;0
23/04/2020;06:38:08;19;com vítima;354;BR-386/RS;Norte;;0;0;0;1;0;0;0;0;0;0;0;1;0;0;0
23/04/2020;11:32:24;92;Sem vítima;14;BR-101/RS;Norte;;1;0;0;0;0;0;0;0;0;0;2;0;0;0;0
23/04/2020;23:13:07;173;com vítima;50,6;BR-290/RS;Leste;Colisão - Traseira;2;0;0;0;0;0;0;0;0;0;2;1;0;0;0
24/04/2020;04:54:50;5;Sem vítima;76;BR-290/RS;Oeste;Choque Defensa;0;0;0;0;0;0;0;1;0;0;1;0;0;0;0
24/04/2020;07:30:08;21;Sem vítima;14;BR-448/RS;Sul;Colisão - Traseira;2;0;0;0;0;0;0;0;0;0;4;0;0;0;0
24/04/2020;08:06:45;42;com vítima;379;BR-386/RS;Norte;Tombamento;0;0;0;0;0;0;0;1;0;0;0;1;0;0;0
24/04/2020;08:26:32;48;Sem vítima;414;BR-386/RS;Norte;Choque com objeto sobre a pista;2;0;0;0;0;0;0;0;0;0;2;0;0;0;0
24/04/2020;11:58:40;96;Sem vítima;91;BR-290/RS;Leste;Queda de ribanceira;1;0;0;0;0;0;0;0;0;0;1;0;0;0;0
24/04/2020;15:17:49;124;Sem vítima;86;BR-290/RS;Leste;Queda de ribanceira;1;0;0;0;0;0;0;0;0;0;1;0;0;0;0
24/04/2020;17:12:11;144;com vítima;344;BR-386/RS;Norte;Colisão - Traseira;1;0;0;1;0;0;0;0;0;0;2;1;0;0;0
24/04/2020;19:17:38;161;com vítima;246;BR-386/RS;Norte;Atropelamento - Morador/Trabalhador/Estudante;0;0;0;0;0;0;0;0;0;0;0;0;0;0;1
25/04/2020;04:03:22;10;Sem vítima;29;BR-290/RS;Leste;Atropelamento de Animal;1;0;0;0;0;0;0;0;0;0;1;0;0;0;0
25/04/2020;05:16:15;15;Sem vítima;26;BR-290/RS;Oeste;Atropelamento de Animal;1;0;0;0;0;0;0;0;0;0;1;0;0;0;0
25/04/2020;12:12:31;83;com vítima;96;BR-290/RS;Oeste;Colisão - Lateral;2;0;0;0;0;0;0;0;0;0;2;0;1;0;0
25/04/2020;12:30:46;87;com vítima;333;BR-386/RS;Norte;Tombamento;1;0;0;0;0;0;0;1;0;0;0;0;3;0;0
25/04/2020;17:18:52;145;com vítima;98;BR-290/RS;Oeste;Colisão - Traseira;0;0;1;1;0;0;0;0;0;0;1;1;0;0;0
25/04/2020;17:42:33;151;Sem vítima;98;BR-290/RS;Oeste;Colisão - Traseira;2;0;0;0;0;0;0;0;0;0;2;0;0;0;0
25/04/2020;19:08:21;165;com vítima;7;BR-101/RS;Norte;Atropelamento - Morador/Trabalhador/Estudante;0;0;0;2;0;1;0;0;0;0;0;0;2;0;1
26/04/2020;06:21:36;13;com vítima;435;BR-386/RS;Norte;Colisão - Transversal;2;0;0;0;0;0;0;0;0;0;0;0;1;0;1
26/04/2020;11:08:26;55;Sem vítima;50;BR-290/RS;Leste;Tombamento;2;0;0;0;0;0;0;0;0;0;1;0;0;0;0
26/04/2020;12:00:15;62;com vítima;226;BR-386/RS;Sul;Choque com objeto sobre a pista;0;0;1;0;0;0;0;0;0;0;2;1;0;0;0
26/04/2020;13:49:45;72;com vítima;82;BR-101/RS;Ambos;Outros;1;0;0;0;0;0;0;0;0;0;0;1;0;0;0
26/04/2020;16:53:30;100;com vítima;346;BR-386/RS;Norte;Colisão - Traseira;0;0;0;2;0;0;0;0;0;0;2;0;1;0;0
26/04/2020;21:26:47;141;Sem vítima;6;BR-290/RS;Oeste;Queda de ribanceira;1;0;0;0;0;0;0;0;0;0;2;0;0;0;0
27/04/2020;08:34:39;37;com vítima;329;BR-386/RS;Sul;Colisão - Traseira;1;0;0;0;0;1;0;0;0;0;0;1;0;0;0
27/04/2020;08:46:10;44;com vítima;395;BR-386/RS;Sul;Colisão - Frontal;1;0;1;0;0;0;0;0;0;0;1;0;0;0;1
27/04/2020;08:50:31;47;Sem vítima;30;BR-101/RS;Norte;Queda de ribanceira;1;0;0;0;0;0;0;0;0;0;1;0;0;0;0
27/04/2020;10:04:51;65;Sem vítima;282;BR-386/RS;Sul;Tombamento;0;0;0;0;0;0;0;1;0;0;1;0;0;0;0
28/04/2020;01:21:32;3;Sem vítima;13;BR-101/RS;Sul;Queda de ribanceira;1;0;0;0;0;0;0;0;0;0;1;0;0;0;0
28/04/2020;04:58:37;8;Sem vítima;401;BR-386/RS;Norte;;0;0;1;0;0;0;0;0;0;0;1;0;0;0;0
28/04/2020;11:43:16;95;com vítima;390;BR-386/RS;Norte;Colisão - Traseira;1;0;0;0;0;0;0;1;0;0;1;2;0;0;0
28/04/2020;22:34:37;177;com vítima;68,18;BR-290/RS;Oeste;Colisão - Transversal;1;0;1;0;0;0;0;0;0;0;1;1;0;0;0
29/04/2020;06:28:54;11;Sem vítima;291;BR-386/RS;Sul;Atropelamento de Animal;0;0;0;0;0;1;0;0;0;0;1;0;0;0;0
29/04/2020;17:42:01;185;com vítima;390;BR-386/RS;Sul;Colisão - Lateral;1;0;0;0;0;0;0;1;0;0;1;1;1;0;0
30/04/2020;02:33:56;6;Sem vítima;307;BR-386/RS;Sul;Capotamento;0;0;1;0;0;0;0;0;0;0;1;0;0;0;0
30/04/2020;09:39:21;69;com vítima;38;BR-290/RS;Leste;Queda de ribanceira;1;0;0;0;0;0;0;0;0;0;0;1;0;0;0
30/04/2020;10:58:18;86;com vítima;349;BR-386/RS;Norte;Colisão - Transversal;0;0;0;2;0;0;0;0;0;0;1;1;0;0;0
30/04/2020;16:44:59;151;com vítima;344;BR-386/RS;Sul;Colisão - Lateral;2;0;0;0;0;0;0;0;0;0;2;0;1;0;0
30/04/2020;19:27:19;177;com vítima;2;BR-290/RS;Oeste;Queda de moto;0;0;0;1;0;0;0;0;0;0;0;0;1;0;0
30/04/2020;21:19:12;194;com vítima;384;BR-386/RS;Norte;Atropelamento - Usuário;0;0;0;0;0;0;0;0;0;0;0;0;0;0;1
01/03/2020;05:25:42;12;Sem vítima;2;BR-448/RS;Sul;Choque Defensa;1;0;0;0;0;0;0;0;0;0;1;0;0;0;0
01/03/2020;08:07:10;35;com vítima;367;BR-386/RS;Norte;Saída de pista;0;0;0;0;0;0;0;0;0;0;0;1;0;0;0
01/03/2020;08:33:57;42;com vítima;393;BR-386/RS;Norte;Queda de moto;0;0;0;1;0;0;0;0;0;0;0;1;0;0;0
01/03/2020;11:57:41;84;Sem vítima;252;BR-386/RS;Norte;Saída de pista;1;0;0;0;0;0;0;0;0;0;1;0;0;0;0
01/03/2020;12:15:48;89;Sem vítima;375;BR-386/RS;Norte;Colisão - Lateral;2;0;0;0;0;0;0;0;0;0;1;0;0;0;0
01/03/2020;15:02:19;126;com vítima;37;BR-290/RS;Oeste;Capotamento;1;0;0;0;0;0;0;0;0;0;1;3;0;0;0
01/03/2020;16:17:20;145;com vítima;40,03;BR-290/RS;Leste;Queda de moto;1;0;0;1;0;0;0;0;0;0;0;1;0;0;0
01/03/2020;22:00:04;242;com vítima;87;BR-101/RS;Norte;Colisão - Lateral;2;0;0;0;0;0;0;0;0;0;1;1;0;0;0
02/03/2020;03:52:34;17;Sem vítima;369;BR-386/RS;Norte;Saída de pista;1;0;0;0;0;0;0;0;0;0;2;0;0;0;0
02/03/2020;06:11:26;31;Sem vítima;43;BR-101/RS;Sul;Queda de ribanceira;1;0;0;0;0;0;0;0;0;0;1;0;0;0;0
02/03/2020;07:13:22;39;com vítima;348;BR-386/RS;Norte;Colisão - Lateral;1;0;0;1;0;0;0;0;0;0;2;0;1;0;0
02/03/2020;07:50:49;48;com vítima;346;BR-386/RS;Sul;Colisão - Traseira;3;0;0;0;0;0;0;0;0;0;2;0;1;0;0
02/03/2020;08:25:31;61;Sem vítima;346;BR-386/RS;Sul;Colisão - Traseira;3;0;0;0;0;0;0;0;0;0;3;0;0;0;0
02/03/2020;08:46:07;70;Sem vítima;86;BR-101/RS;Ambos;Colisão - Traseira;1;0;1;0;0;0;0;0;0;0;2;0;0;0;0
03/03/2020;01:07:39;5;com vítima;80;BR-290/RS;Oeste;Capotamento;0;0;0;0;0;0;0;1;0;0;0;0;1;0;0
03/03/2020;07:17:26;29;Sem vítima;77;BR-290/RS;Oeste;Colisão - Traseira;3;0;0;0;0;0;0;0;0;0;3;0;0;0;0
03/03/2020;08:26:48;55;com vítima;339;BR-386/RS;Norte;Colisão - Frontal;1;0;1;0;0;0;0;0;0;0;0;0;1;1;0
03/03/2020;17:31:10;169;Sem vítima;41;BR-101/RS;Sul;Queda de ribanceira;0;0;1;0;0;0;0;0;0;0;1;0;0;0;0
03/03/2020;19:02:43;188;Sem vítima;86;BR-290/RS;Leste;Engavetamento;3;0;0;0;0;0;0;0;0;0;3;0;0;0;0
04/03/2020;06:47:43;18;com vítima;354;BR-386/RS;Sul;Capotamento;1;0;0;0;0;0;0;0;0;0;0;1;0;0;0
04/03/2020;08:54:13;69;com vítima;92;BR-290/RS;Oeste;Queda de moto;0;0;0;1;0;0;0;0;0;0;0;0;1;0;0
05/03/2020;01:27:04;8;Sem vítima;23;BR-101/RS;Norte;Choque Defensa;1;0;0;0;0;0;0;0;0;0;1;0;0;0;0
05/03/2020;04:28:11;16;Sem vítima;358;BR-386/RS;Sul;Saída de pista;1;0;0;0;0;0;0;0;0;0;1;0;0;0;0
05/03/2020;12:13:13;139;Sem vítima;344;BR-386/RS;Sul;Engavetamento;3;0;0;0;0;0;0;0;0;0;3;0;0;0;0
05/03/2020;12:49:10;147;Sem vítima;91;BR-290/RS;Leste;Colisão - Lateral;1;0;0;0;0;0;0;1;0;0;2;0;0;0;0
05/03/2020;15:44:09;185;Sem vítima;25;BR-290/RS;Leste;Colisão - Lateral;2;0;0;0;0;0;0;1;0;0;5;0;0;0;0