data;horario;n_da_ocorrencia;tipo_de_ocorrencia;km;trecho;sentido;tipo_de_acidente;automovel;bicicleta;caminhao;moto;onibus;outros;tracao_animal;transporte_de_cargas_especiais;trator_maquinas;utilitarios;ilesos;levemente_feridos;moderadamente_feridos;gravemente_feridos;mortos
05/03/2020;17:06:34;201;Sem vítima;92;BR-290/RS;Leste;Choque com objeto sobre a pista;1;0;0;0;0;0;0;1;0;0;2;0;0;0;0
05/03/2020;18:03:43;213;Sem vítima;77;BR-290/RS;Oeste;Colisão - Traseira;2;0;0;0;0;0;0;0;0;0;1;0;0;0;0
05/03/2020;18:14:50;215;com vítima;343;BR-386/RS;Sul;Engavetamento;2;0;0;1;0;0;0;0;0;0;2;1;0;0;0
06/03/2020;11:33:08;125;Sem vítima;69;BR-290/RS;Oeste;Colisão - Traseira;1;0;1;0;0;0;0;0;0;0;4;0;0;0;0
06/03/2020;11:32:32;126;Sem vítima;44;BR-290/RS;Oeste;Queda de ribanceira;1;0;0;0;0;0;0;0;0;0;1;0;0;0;0
06/03/2020;11:53:38;131;Sem vítima;382;BR-386/RS;Sul;Choque Defensa;1;0;0;0;0;0;0;0;0;0;1;0;0;0;0
06/03/2020;12:01:14;136;Sem vítima;216;BR-386/RS;Norte;Colisão - Traseira;1;0;1;0;0;0;0;0;0;0;2;0;0;0;0
06/03/2020;12:27:45;143;Sem vítima;331;BR-386/RS;Norte;Colisão - Traseira;2;0;0;0;0;0;0;0;0;0;6;0;0;0;0
06/03/2020;14:05:17;159;Sem vítima;348;BR-386/RS;Norte;Engavetamento;3;0;1;0;0;0;0;0;0;0;4;0;0;0;0
06/03/2020;14:38:46;165;com vítima;270;BR-386/RS;Sul;Colisão - Transversal;1;0;1;0;0;0;0;0;0;0;2;1;0;0;0
06/03/2020;15:34:57;185;com vítima;91;BR-290/RS;Leste;Colisão - Traseira;2;0;0;0;0;0;0;0;0;0;0;0;2;0;0
06/03/2020;20:24:28;254;Sem vítima;427;BR-386/RS;Sul;Colisão - Lateral;2;0;0;0;0;0;0;0;0;0;2;0;0;0;0
07/03/2020;02:08:04;83;com vítima;32;BR-290/RS;Leste;Atropelamento de Animal;3;0;0;0;0;0;0;0;0;0;8;1;0;0;0
07/03/2020;14:32:17;204;Sem vítima;8;BR-448/RS;Norte;Colisão - Traseira;2;0;0;0;0;0;0;0;0;0;3;0;0;0;0
07/03/2020;16:47:16;236;Sem vítima;83;BR-290/RS;Oeste;Choque Barreira;1;0;0;0;0;0;0;0;0;0;1;0;0;0;0
07/03/2020;23:44:14;303;Sem vítima;349;BR-386/RS;Sul;Colisão - Traseira;2;0;0;0;0;0;0;0;0;0;2;0;0;0;0
08/03/2020;08:40:31;46;com vítima;60;BR-290/RS;Oeste;Queda de ribanceira;1;0;0;0;0;0;0;0;0;0;3;1;0;0;0
08/03/2020;10:16:09;65;Sem vítima;9;BR-101/RS;Norte;Colisão - Lateral;1;0;0;0;0;0;0;1;0;0;6;0;0;0;0
08/03/2020;16:28:03;130;com vítima;85;BR-101/RS;Sul;Capotamento;1;0;0;0;0;0;0;0;0;0;0;1;1;0;0
08/03/2020;16:44:36;136;com vítima;30;BR-290/RS;Leste;Engavetamento;3;0;2;0;0;0;0;0;0;0;2;2;1;0;0
08/03/2020;16:55:55;140;Sem vítima;417;BR-386/RS;Norte;Choque Defensa;1;0;0;0;0;0;0;0;0;0;3;0;0;0;0
08/03/2020;18:23:10;169;Sem vítima;9;BR-290/RS;Oeste;Colisão - Traseira;2;0;0;0;0;0;0;0;0;0;6;0;0;0;0
08/03/2020;21:26:21;206;Sem vítima;387;BR-386/RS;Norte;Saída de pista;1;0;0;0;0;0;0;0;0;0;1;0;0;0;0
09/03/2020;06:27:12;20;Sem vítima;351,3;BR-386/RS;Sul;Atropelamento de Animal;1;0;0;0;0;0;0;0;0;0;1;0;0;0;0
09/03/2020;08:08:11;46;com vítima;300;BR-386/RS;Norte;Engavetamento;3;0;0;0;0;0;0;0;0;0;6;0;1;0;0
09/03/2020;08:41:44;61;Sem vítima;380;BR-386/RS;Norte;Saída de pista;1;0;0;0;0;0;0;0;0;0;2;0;0;0;0
09/03/2020;08:46:06;63;Sem vítima;88;BR-290/RS;Oeste;Colisão - Traseira;2;0;0;0;0;0;0;0;0;0;2;0;0;0;0
09/03/2020;08:57:18;68;com vítima;94;BR-290/RS;Oeste;Engavetamento;3;0;0;0;0;0;0;0;0;0;2;0;2;0;0
09/03/2020;09:57:11;89;Sem vítima;87;BR-290/RS;Oeste;Colisão - Traseira;2;0;0;0;0;0;0;0;0;0;2;0;0;0;0
09/03/2020;17:29:43;227;Sem vítima;41;BR-290/RS;Oeste;Queda de ribanceira;1;0;0;0;0;0;0;0;0;0;1;0;0;0;0
09/03/2020;17:51:38;237;Sem vítima;344;BR-386/RS;Sul;Colisão - Traseira;1;0;1;0;0;0;0;0;0;0;3;0;0;0;0
10/03/2020;11:27:33;134;Sem vítima;45;BR-290/RS;Oeste;Queda de ribanceira;0;0;1;0;0;0;0;0;0;0;1;0;0;0;0
10/03/2020;12:01:02;141;com vítima;98;BR-290/RS;Oeste;Queda de moto;0;0;0;1;0;0;0;0;0;0;0;1;1;0;0
10/03/2020;12:03:04;142;Sem vítima;77;BR-290/RS;Oeste;Colisão - Traseira;2;0;0;0;0;0;0;0;0;0;8;0;0;0;0
10/03/2020;15:56:41;204;com vítima;43;BR-290/RS;Oeste;Colisão - Traseira;1;0;1;0;0;0;0;0;0;0;2;1;0;0;0
10/03/2020;19:24:48;242;com vítima;347;BR-386/RS;Norte;Queda de moto;1;0;0;1;0;0;0;0;0;0;2;1;1;0;0
11/03/2020;02:22:37;16;Sem vítima;306;BR-386/RS;Norte;Saída de pista;0;0;1;0;0;0;0;0;0;0;2;0;0;0;0
11/03/2020;16:26:51;181;com vítima;396;BR-386/RS;Sul;Queda de moto;2;0;0;0;0;0;0;0;0;0;1;1;0;0;0
11/03/2020;20:31:17;229;Sem vítima;442;BR-386/RS;Sul;Colisão - Lateral;2;0;0;0;0;0;0;0;0;0;3;0;0;0;0
12/03/2020;08:42:59;59;com vítima;327;BR-386/RS;Sul;Queda de moto;0;0;0;1;0;0;0;0;0;0;0;0;1;0;0
12/03/2020;11:51:36;107;com vítima;217;BR-386/RS;Sul;Tombamento;0;0;1;0;0;0;0;0;0;0;0;0;1;0;0
12/03/2020;14:57:24;162;com vítima;438;BR-386/RS;Sul;Colisão - Traseira;0;0;2;0;0;0;0;0;0;0;1;0;1;0;0
13/03/2020;00:20:52;1;com vítima;323;BR-386/RS;Norte;Colisão - Frontal;0;0;0;1;0;1;0;0;0;0;1;0;0;0;2
13/03/2020;07:02:20;34;com vítima;97;BR-290/RS;Leste;Atropelamento - Usuário;0;0;1;0;0;0;0;0;0;0;1;0;1;0;0
13/03/2020;07:17:12;37;Sem vítima;97;BR-290/RS;Leste;Engavetamento;4;0;0;0;0;0;0;0;0;0;9;0;0;0;0
13/03/2020;07:47:02;50;Sem vítima;19;BR-290/RS;Leste;Colisão - Traseira;1;0;1;0;0;0;0;0;0;0;5;0;0;0;0
13/03/2020;09:49:20;112;Sem vítima;426;BR-386/RS;Sul;Colisão - Traseira;1;0;1;0;0;0;0;0;0;0;2;0;0;0;0
13/03/2020;09:45:50;113;Sem vítima;415;BR-386/RS;Norte;Queda de ribanceira;1;0;0;0;0;0;0;0;0;0;1;0;0;0;0
13/03/2020;17:53:18;272;com vítima;11;BR-101/RS;Sul;Queda de ribanceira;1;0;0;0;0;0;0;0;0;0;0;3;0;0;0
14/03/2020;07:30:29;229;Sem vítima;1;BR-448/RS;Norte;Saída de pista;1;0;0;0;0;0;0;0;0;0;1;0;0;0;0
14/03/2020;09:06:12;263;Sem vítima;30;BR-290/RS;Leste;Saída de pista;1;0;0;0;0;0;0;0;0;0;1;0;0;0;0
14/03/2020;13:55:40;356;com vítima;21;BR-448/RS;Sul;Choque Barreira;1;0;0;0;0;0;0;0;0;0;0;1;0;0;0
14/03/2020;15:08:10;383;Sem vítima;426;BR-386/RS;Norte;Colisão - Traseira;1;0;1;0;0;0;0;0;0;0;2;0;0;0;0
14/03/2020;19:29:04;467;Sem vítima;98;BR-290/RS;Leste;Saída de pista;1;0;0;0;0;0;0;0;0;0;1;0;0;0;0
14/03/2020;20:02:49;478;Sem vítima;185;BR-386/RS;Norte;Colisão - Traseira;1;0;1;0;0;0;0;0;0;0;3;0;0;0;0
14/03/2020;23:28:07;506;Sem vítima;92;BR-290/RS;Leste;Colisão - Traseira;2;0;0;0;0;0;0;0;0;0;3;0;0;0;0
15/03/2020;00:57:47;7;Sem vítima;235;BR-386/RS;Norte;Colisão - Traseira;1;0;0;0;0;0;0;0;0;0;1;0;0;0;0
15/03/2020;03:30:50;20;Sem vítima;346;BR-386/RS;Sul;Choque Defensa;2;0;0;0;0;0;0;0;0;0;2;0;0;0;0
15/03/2020;08:54:01;53;com vítima;56;BR-101/RS;Norte;Capotamento;1;0;0;0;0;0;0;0;0;0;2;0;1;1;0
16/03/2020;07:26:20;40;Sem vítima;92;BR-290/RS;Leste;Choque Defensa;1;0;0;0;0;0;0;0;0;0;1;0;0;0;0
16/03/2020;08:00:44;49;com vítima;342;BR-386/RS;Ambos;Colisão - Transversal;2;0;0;0;0;0;0;0;0;0;2;0;1;0;0
16/03/2020;08:29:07;56;com vítima;12;BR-290/RS;Oeste;Queda de ribanceira;1;0;0;0;0;0;0;0;0;0;4;0;1;0;0
16/03/2020;08:37:04;57;com vítima;48;BR-290/RS;Oeste;Tombamento;0;0;1;0;0;0;0;0;0;0;0;1;0;0;0
16/03/2020;10:22:50;74;Sem vítima;21;BR-448/RS;Ambos;Choque Barreira;3;0;0;0;0;0;0;0;0;0;3;0;0;0;0
16/03/2020;10:51:52;80;Sem vítima;11;BR-290/RS;Leste;Queda de ribanceira;1;0;0;0;0;0;0;0;0;0;1;0;0;0;0
16/03/2020;11:57:09;91;Sem vítima;442;BR-386/RS;Norte;Queda de ribanceira;1;0;0;0;0;0;0;0;0;0;1;0;0;0;0
16/03/2020;12:30:46;95;com vítima;444;BR-386/RS;Norte;Atropelamento de Animal;2;0;0;0;0;0;0;1;0;0;1;1;1;0;0
16/03/2020;12:44:57;96;Sem vítima;11;BR-290/RS;Oeste;Queda de ribanceira;1;0;0;0;0;0;0;0;0;0;3;0;0;0;0
16/03/2020;12:45:44;97;Sem vítima;28;BR-290/RS;Leste;Queda de ribanceira;1;0;0;0;0;0;0;0;0;0;2;0;0;0;0
16/03/2020;13:11:47;100;Sem vítima;76;BR-101/RS;Norte;Queda de ribanceira;1;0;0;0;0;0;0;0;0;0;3;0;0;0;0
16/03/2020;14:12:54;110;Sem vítima;38;BR-290/RS;Leste;Queda de ribanceira;1;0;0;0;0;0;0;0;0;0;2;0;0;0;0
16/03/2020;14:44:52;112;Sem vítima;6;BR-290/RS;Oeste;Queda de ribanceira;1;0;0;0;0;0;0;0;0;0;4;0;0;0;0
16/03/2020;14:48:35;114;com vítima;347;BR-386/RS;Sul;Colisão - Traseira;2;0;0;0;0;0;0;0;0;0;2;1;0;0;0
16/03/2020;15:43:12;123;Sem vítima;15;BR-290/RS;Leste;Queda de ribanceira;0;0;0;0;0;0;0;1;0;0;1;0;0;0;0
16/03/2020;16:01:13;129;Sem vítima;10;BR-290/RS;Oeste;Queda de ribanceira;2;0;0;0;0;0;0;0;0;0;3;0;0;0;0
16/03/2020;17:09:35;148;Sem vítima;11;BR-290/RS;Leste;Queda de ribanceira;1;0;0;0;0;0;0;0;0;0;1;0;0;0;0
16/03/2020;21:41:09;190;com vítima;350;BR-386/RS;Norte;Saída de pista;1;0;0;0;0;0;0;0;0;0;0;0;1;0;0
16/03/2020;22:15:36;195;com vítima;10;BR-290/RS;Leste;Colisão - Traseira;0;0;0;0;1;1;0;0;0;0;1;0;0;1;0
17/03/2020;05:35:07;10;Sem vítima;305;BR-386/RS;Norte;Tombamento;0;0;1;0;0;0;0;0;0;0;1;0;0;0;0
17/03/2020;21:29:01;217;com vítima;5;BR-448/RS;Norte;Queda de moto;1;0;0;0;0;0;0;0;0;0;1;1;0;0;0
18/03/2020;07:02:28;26;com vítima;86;BR-290/RS;Oeste;Colisão - Lateral;1;0;0;1;0;0;0;0;0;0;1;1;0;0;0
18/03/2020;08:30:50;55;com vítima;357;BR-386/RS;Sul;Capotamento;1;0;0;0;0;0;0;0;0;0;0;2;0;0;0
18/03/2020;12:14:52;104;Sem vítima;304;BR-386/RS;Norte;Saída de pista;0;0;0;0;0;0;0;2;0;0;2;0;0;0;0
18/03/2020;15:35:25;152;Sem vítima;98;BR-290/RS;Leste;Colisão - Lateral;1;0;0;0;0;0;0;1;0;0;2;0;0;0;0
19/03/2020;03:32:12;13;Sem vítima;405;BR-386/RS;Sul;Queda de ribanceira;1;0;0;0;0;0;0;0;0;0;1;0;0;0;0
19/03/2020;10:25:01;107;Sem vítima;67;BR-101/RS;Norte;Colisão - Lateral;1;0;1;0;0;0;0;0;0;0;3;0;0;0;0
19/03/2020;16:42:17;207;Sem vítima;96;BR-290/RS;Leste;Colisão - Traseira;2;0;0;0;0;0;0;0;0;0;5;0;0;0;0
19/03/2020;17:48:19;218;com vítima;93;BR-290/RS;Leste;Colisão - Traseira;1;0;0;1;0;0;0;0;0;0;1;1;0;0;0
19/03/2020;20:15:04;249;Sem vítima;2;BR-290/RS;Oeste;Queda de ribanceira;1;0;0;0;0;0;0;0;0;0;1;0;0;0;0
19/03/2020;22:32:39;267;com vítima;17;BR-290/RS;Leste;Colisão - Traseira;2;0;0;0;0;0;0;0;0;0;0;2;0;0;0
19/03/2020;23:23:23;272;com vítima;233,9;BR-386/RS;Norte;Saída de pista;1;0;0;0;0;0;0;0;0;0;0;4;0;1;1
20/03/2020;10:58:37;109;com vítima;42;BR-290/RS;Oeste;Colisão - Traseira;1;0;0;0;0;0;0;1;0;0;1;1;0;0;0
20/03/2020;19:11:37;200;com vítima;22;BR-448/RS;Sul;Colisão - Traseira;1;0;0;1;0;0;0;0;0;0;2;0;2;0;0
21/03/2020;03:28:28;9;Sem vítima;15;BR-290/RS;Oeste;Queda de moto;0;0;0;1;0;0;0;0;0;0;1;0;0;0;0
21/03/2020;07:54:42;36;Sem vítima;334;BR-386/RS;Sul;Tombamento;0;0;1;0;0;0;0;0;0;0;1;0;0;0;0
21/03/2020;13:22:07;91;Sem vítima;334;BR-386/RS;Sul;Colisão - Traseira;2;0;0;0;0;0;0;0;0;0;7;0;0;0;0
21/03/2020;17:30:57;116;Sem vítima;246;BR-386/RS;Sul;Colisão - Transversal;2;0;0;0;0;0;0;0;0;0;5;0;0;0;0
22/03/2020;14:48:28;50;Sem vítima;86;BR-290/RS;Leste;Capotamento;1;0;0;0;0;0;0;0;0;0;1;0;0;0;0
22/03/2020;19:42:00;76;com vítima;32;BR-290/RS;Oeste;Tombamento;0;0;1;0;0;0;0;0;0;0;0;0;0;0;1
22/03/2020;21:14:10;83;com vítima;31;BR-101/RS;Sul;Queda de ribanceira;0;0;0;0;0;0;0;1;0;0;0;1;0;0;0
22/03/2020;21:58:02;88;Sem vítima;31;BR-101/RS;Sul;Colisão - Traseira;1;0;1;0;0;0;0;0;0;0;2;0;0;0;0
23/03/2020;07:36:38;34;Sem vítima;97,12;BR-290/RS;Ambos;Colisão - Frontal;2;0;0;0;0;0;0;0;0;0;2;0;0;0;0
23/03/2020;13:24:51;113;Sem vítima;24;BR-290/RS;Oeste;Colisão - Traseira;2;0;0;0;0;0;0;0;0;0;3;0;0;0;0
24/03/2020;14:10:19;128;Sem vítima;97,29;BR-290/RS;Leste;Colisão - Traseira;2;0;1;0;0;0;0;0;0;0;4;0;0;0;0
24/03/2020;18:01:22;166;Sem vítima;275,13;BR-386/RS;Norte;Colisão - Traseira;2;0;0;0;0;0;0;0;0;0;6;0;0;0;0
24/03/2020;18:12:04;167;com vítima;52;BR-290/RS;Leste;Colisão - Transversal;2;0;0;0;0;0;0;0;0;0;1;1;0;0;0
25/03/2020;01:46:38;6;Sem vítima;94;BR-290/RS;Oeste;Choque Defensa;1;0;0;0;0;0;0;0;0;0;1;0;0;0;0
25/03/2020;06:13:33;13;Sem vítima;229;BR-386/RS;Sul;Queda de ribanceira;1;0;0;0;0;0;0;0;0;0;1;0;0;0;0
25/03/2020;16:39:48;147;Sem vítima;216;BR-386/RS;Norte;Saída de pista;1;0;0;0;0;0;0;0;0;0;1;0;0;0;0
25/03/2020;18:42:53;167;Sem vítima;210;BR-386/RS;Sul;Colisão - Traseira;0;0;1;0;1;0;0;0;0;0;2;0;0;0;0
26/03/2020;10:49:17;89;com vítima;39;BR-290/RS;Leste;Capotamento;1;0;0;0;0;0;0;0;0;0;0;0;1;0;0
27/03/2020;02:41:44;4;com vítima;48;BR-290/RS;Oeste;Capotamento;1;0;0;0;0;0;0;0;0;0;0;2;0;0;0
27/03/2020;08:57:07;69;Sem vítima;38;BR-290/RS;Oeste;Queda de ribanceira;1;0;0;0;0;0;0;0;0;0;1;0;0;0;0
27/03/2020;09:59:03;82;Sem vítima;69;BR-290/RS;Oeste;Colisão - Lateral;2;0;0;0;0;0;0;0;0;0;2;0;0;0;0
27/03/2020;17:13:09;160;Sem vítima;10;BR-101/RS;Sul;Queda de ribanceira;1;0;0;0;0;0;0;0;0;0;1;0;0;0;0
27/03/2020;18:54:03;170;com vítima;77;BR-101/RS;Norte;Colisão - Lateral;1;0;0;0;0;0;0;1;0;0;4;1;0;0;0
27/03/2020;19:37:12;175;Sem vítima;15;BR-448/RS;Sul;Choque Defensa;1;0;0;0;0;0;0;0;0;0;1;0;0;0;0
28/03/2020;00:54:37;4;com vítima;43;BR-290/RS;Leste;Queda de ribanceira;1;0;0;0;0;0;0;0;0;0;0;0;1;0;0
28/03/2020;03:29:56;17;Sem vítima;67;BR-290/RS;Leste;Atropelamento de Animal;0;0;1;0;0;0;0;0;0;0;1;0;0;0;0
28/03/2020;09:58:03;72;Sem vítima;92;BR-290/RS;Oeste;Choque Defensa;0;0;1;1;0;0;0;0;0;0;2;0;0;0;0
28/03/2020;18:33:43;148;Sem vítima;75;BR-290/RS;Leste;Choque Defensa;1;0;0;0;0;0;0;0;0;0;4;0;0;0;0
28/03/2020;22:01:23;164;Sem vítima;282;BR-386/RS;Norte;Atropelamento de Animal;1;0;0;0;0;0;0;0;0;0;1;0;0;0;0
29/03/2020;15:58:21;64;Sem vítima;15;BR-101/RS;Sul;Capotamento;1;0;0;0;0;0;0;0;0;0;1;0;0;0;0
30/03/2020;04:02:40;9;com vítima;49;BR-290/RS;Oeste;Atropelamento de Animal;0;0;0;1;0;0;0;0;0;0;0;1;0;0;0
30/03/2020;19:33:53;168;Sem vítima;37;BR-101/RS;Norte;Choque com objeto sobre a pista;1;0;3;0;0;0;0;0;0;0;4;0;0;0;0
30/03/2020;21:08:20;182;Sem vítima;192,000;BR-386/RS;Norte;Colisão - Frontal;1;0;1;0;0;0;0;0;0;0;2;0;0;0;0
30/03/2020;22:44:34;189;com vítima;438,000;BR-386/RS;Sul;Saída de pista;1;0;0;0;0;0;0;0;0;0;0;3;1;0;0
31/03/2020;07:31:12;29;com vítima;288,000;BR-386/RS;Norte;Queda de ribanceira;1;0;0;0;0;0;0;0;0;0;0;1;0;0;0
01/02/2020;02:57:17;14;com vítima;17;BR-448/RS;Norte;Outros;0;0;0;1;0;0;0;0;0;0;0;1;0;0;0
01/02/2020;12:35:07;116;Sem vítima;19;BR-290/RS;Leste;Colisão - Traseira;2;0;0;0;0;0;0;0;0;0;4;0;0;0;0
01/02/2020;17:33:13;191;Sem vítima;19;BR-290/RS;Leste;Colisão - Frontal;3;0;0;0;0;0;0;0;0;0;1;0;0;0;0
02/02/2020;00:54:07;6;Sem vítima;436;BR-386/RS;Norte;Saída de pista;1;0;0;0;0;0;0;0;0;0;2;0;0;0;0
02/02/2020;06:59:43;35;Sem vítima;348;BR-386/RS;Sul;Queda de ribanceira;1;0;0;0;0;0;0;0;0;0;1;0;0;0;0
02/02/2020;10:36:15;89;com vítima;333;BR-386/RS;Sul;Colisão - Transversal;2;0;0;0;0;0;0;0;0;0;3;0;1;0;0
02/02/2020;12:29:38;107;com vítima;333;BR-386/RS;Norte;Queda de ribanceira;0;0;0;0;0;0;0;0;0;0;0;0;1;0;0
02/02/2020;14:53:08;141;Sem vítima;45;BR-101/RS;Sul;Colisão - Lateral;1;0;3;0;0;0;0;0;0;0;5;0;0;0;0
02/02/2020;15:08:38;145;Sem vítima;390;BR-386/RS;Norte;Colisão - Lateral;1;0;1;0;0;0;0;0;0;0;5;0;0;0;0
02/02/2020;16:45:45;167;Sem vítima;78,38;BR-290/RS;Oeste;Colisão - Lateral;1;0;1;0;0;0;0;0;0;0;5;0;0;0;0
02/02/2020;18:35:12;207;Sem vítima;49;BR-290/RS;Leste;Colisão - Traseira;2;0;0;0;0;0;0;0;0;0;2;0;0;0;0
02/02/2020;18:43:50;208;Sem vítima;57;BR-290/RS;Oeste;Engavetamento;4;0;0;0;0;0;0;0;0;0;6;0;0;0;0
02/02/2020;21:43:25;244;Sem vítima;87;BR-101/RS;Norte;Queda de ribanceira;1;0;0;0;0;0;0;0;0;0;5;0;0;0;0
02/02/2020;22:30:48;252;com vítima;231;BR-386/RS;Norte;Colisão - Frontal;2;0;0;0;0;0;0;0;0;0;0;0;4;0;0
02/02/2020;22:38:00;253;Sem vítima;62;BR-290/RS;Oeste;Colisão - Traseira;2;0;0;0;0;0;0;0;0;0;2;0;0;0;0
03/02/2020;03:47:05;14;com vítima;26;BR-290/RS;Oeste;Queda de moto;1;0;0;0;0;0;0;0;0;0;0;1;0;0;0
03/02/2020;07:19:36;41;com vítima;95;BR-290/RS;Oeste;Colisão - Traseira;1;0;0;1;0;0;0;0;0;0;0;2;0;0;0
03/02/2020;07:40:19;50;com vítima;93;BR-290/RS;Leste;Colisão - Lateral;1;0;0;1;0;0;0;0;0;0;0;1;0;0;0
03/02/2020;10:25:48;111;Sem vítima;332;BR-386/RS;Norte;Colisão - Traseira;1;0;0;0;0;0;0;0;0;0;1;0;0;0;0
03/02/2020;17:05:18;207;Sem vítima;35;BR-101/RS;Norte;Queda de ribanceira;1;0;0;0;0;0;0;0;0;0;1;0;0;0;0
03/02/2020;19:27:12;230;Sem vítima;59;BR-290/RS;Oeste;Queda de ribanceira;1;0;0;0;0;0;0;0;0;0;6;0;0;0;0
03/02/2020;19:27:41;231;com vítima;405;BR-386/RS;Sul;Colisão - Frontal;2;0;0;0;0;0;0;0;0;0;3;1;0;0;0
04/02/2020;05:43:26;15;Sem vítima;426;BR-386/RS;Norte;Colisão - Traseira;0;0;2;0;0;0;0;0;0;0;3;0;0;0;0
04/02/2020;07:37:20;49;com vítima;345;BR-386/RS;Sul;Engavetamento;3;0;0;1;0;0;0;0;0;0;6;1;0;0;0
04/02/2020;18:07:48;219;com vítima;354;BR-386/RS;Sul;Saída de pista;2;0;0;0;0;0;0;0;0;0;3;1;0;0;0
05/02/2020;07:21:50;29;Sem vítima;35;BR-101/RS;Sul;Choque Praça - Cabine;0;0;1;0;0;0;0;0;0;0;2;0;0;0;0
05/02/2020;10:21:07;106;com vítima;353;BR-386/RS;Norte;Colisão - Lateral;1;0;0;0;0;0;0;0;0;0;2;1;0;0;0
05/02/2020;11:31:37;122;Sem vítima;60;BR-290/RS;Oeste;Colisão - Lateral;1;0;1;0;0;0;0;0;0;0;2;0;0;0;0
05/02/2020;12:32:27;136;Sem vítima;92;BR-290/RS;Leste;Capotamento;1;0;0;0;0;0;0;0;0;0;2;0;0;0;0
05/02/2020;15:34:20;194;com vítima;95;BR-290/RS;Leste;Queda de moto;0;0;0;1;0;0;0;0;0;0;0;0;1;0;0
05/02/2020;16:41:19;209;Sem vítima;92;BR-290/RS;Leste;Colisão - Traseira;2;0;0;0;0;0;0;0;0;0;2;0;0;0;0
05/02/2020;19:18:12;246;Sem vítima;33;BR-290/RS;Oeste;Queda de ribanceira;1;0;0;0;0;0;0;0;0;0;1;0;0;0;0
06/02/2020;01:58:00;5;Sem vítima;230;BR-386/RS;Norte;Tombamento;0;0;1;0;0;0;0;0;0;0;1;0;0;0;0
06/02/2020;07:18:51;30;com vítima;69;BR-290/RS;Oeste;Colisão - Lateral;2;0;0;0;0;0;0;0;0;0;1;1;0;0;0
06/02/2020;07:30:13;35;Sem vítima;324;BR-386/RS;Ambos;Colisão - Lateral;1;0;2;0;0;0;0;0;0;0;3;0;0;0;0
06/02/2020;11:49:11;102;Sem vítima;440;BR-386/RS;Norte;Colisão - Traseira;2;0;1;0;0;0;0;0;0;0;5;0;0;0;0
06/02/2020;12:17:43;105;com vítima;11;BR-448/RS;Sul;Colisão - Traseira;2;0;0;0;0;0;0;0;0;0;2;2;0;0;0
06/02/2020;15:37:35;151;Sem vítima;88;BR-290/RS;Leste;Colisão - Lateral;2;0;1;0;0;0;0;0;0;0;4;0;0;0;0
06/02/2020;15:54:48;159;Sem vítima;333;BR-386/RS;Norte;Saída de pista;1;0;0;0;0;0;0;0;0;0;2;0;0;0;0
06/02/2020;16:24:36;167;Sem vítima;420;BR-386/RS;Ambos;Colisão - Frontal;1;0;0;0;0;1;0;0;0;0;2;0;0;0;0
06/02/2020;16:30:05;169;Sem vítima;295;BR-386/RS;Norte;Saída de pista;0;0;1;0;0;0;0;0;0;0;2;0;0;0;0
06/02/2020;17:44:11;188;com vítima;79;BR-290/RS;Oeste;Outros;0;0;0;1;0;0;0;0;0;0;0;1;0;0;0
07/02/2020;02:23:05;17;Sem vítima;91;BR-290/RS;Oeste;Saída de pista;0;0;1;0;0;0;0;0;0;0;1;0;0;0;0
07/02/2020;02:59:00;19;com vítima;72;BR-290/RS;Oeste;Queda de moto;0;0;0;1;0;0;0;0;0;0;0;0;0;1;0
07/02/2020;06:15:40;39;Sem vítima;440;BR-386/RS;Sul;Colisão - Traseira;1;0;0;0;0;1;0;0;0;0;5;0;0;0;0
07/02/2020;06:32:15;41;Sem vítima;91;BR-290/RS;Leste;Colisão - Lateral;1;0;0;0;0;0;0;0;0;0;3;0;0;0;0
07/02/2020;09:18:07;101;Sem vítima;262;BR-386/RS;Norte;Colisão - Traseira;2;0;1;0;0;0;0;0;0;0;1;0;0;0;0
07/02/2020;09:37:25;108;Sem vítima;60;BR-290/RS;Oeste;Queda de ribanceira;1;0;0;0;0;0;0;0;0;0;2;0;0;0;0
07/02/2020;12:02:53;146;Sem vítima;56;BR-290/RS;Oeste;Colisão - Traseira;1;0;1;0;0;0;0;0;0;0;1;0;0;0;0
07/02/2020;13:59:26;170;com vítima;65;BR-290/RS;Oeste;Queda de moto;0;0;0;1;0;0;0;0;0;0;0;1;0;0;0
07/02/2020;14:38:16;180;com vítima;302;BR-386/RS;Norte;Colisão - Frontal;2;0;0;0;0;0;0;0;0;0;0;4;2;0;0
07/02/2020;16:15:50;208;Sem vítima;30;BR-290/RS;Leste;Queda de ribanceira;1;0;0;0;0;0;0;0;0;0;2;0;0;0;0
07/02/2020;16:32:33;216;com vítima;37;BR-290/RS;Leste;Engavetamento;3;0;0;0;0;0;0;0;0;0;6;1;0;0;0
07/02/2020;17:42:13;234;Sem vítima;86;BR-290/RS;Leste;Colisão - Lateral;2;0;0;0;0;0;0;0;1;0;3;0;0;0;0
07/02/2020;18:13:12;245;Sem vítima;6;BR-101/RS;Norte;Colisão - Lateral;2;0;0;0;0;0;0;0;0;0;2;0;0;0;0
07/02/2020;18:36:10;252;com vítima;359;BR-386/RS;Norte;Colisão - Traseira;1;0;0;1;0;0;0;0;0;0;1;0;1;0;0
07/02/2020;23:35:45;317;com vítima;435,41;BR-386/RS;Norte;Queda de moto;0;0;0;1;0;0;0;0;0;0;0;1;0;0;0
08/02/2020;02:27:44;15;Sem vítima;18;BR-290/RS;Oeste;Choque - Arvore;1;0;0;0;0;0;0;0;0;0;1;0;0;0;0
08/02/2020;05:13:38;18;Sem vítima;439;BR-386/RS;Sul;Atropelamento de Animal;1;0;0;0;0;0;0;0;0;0;1;0;0;0;0
08/02/2020;07:27:39;32;com vítima;25;BR-290/RS;Oeste;Atropelamento - Esportista;1;0;0;0;0;0;0;0;0;0;1;1;0;0;0