data;horario;n_da_ocorrencia;tipo_de_ocorrencia;km;trecho;sentido;tipo_de_acidente;automovel;bicicleta;caminhao;moto;onibus;outros;tracao_animal;transporte_de_cargas_especiais;trator_maquinas;utilitarios;ilesos;levemente_feridos;moderadamente_feridos;gravemente_feridos;mortos
27/02/2020;19:53:13;225;Sem vítima;69;BR-290/RS;Oeste;Queda de ribanceira;1;0;0;0;0;0;0;0;0;0;2;0;0;0;0
27/02/2020;20:21:50;231;com vítima;216;BR-386/RS;Norte;Colisão - Lateral;2;0;0;0;0;0;0;0;0;0;2;0;1;0;0
27/02/2020;20:50:53;234;com vítima;347;BR-386/RS;Norte;Atropelamento - Andarilho;1;0;0;0;0;0;0;0;0;0;2;0;0;1;0
28/02/2020;05:11:28;7;com vítima;76;BR-101/RS;Norte;Atropelamento de Animal;1;0;0;0;0;0;0;0;0;0;1;3;0;0;0
28/02/2020;05:48:40;11;Sem vítima;417;BR-386/RS;Sul;Saída de pista;0;0;0;0;0;0;0;0;1;0;1;0;0;0;0
28/02/2020;08:39:28;49;Sem vítima;92;BR-290/RS;Oeste;Choque Barreira;1;0;0;0;0;0;0;0;0;0;1;0;0;0;0
28/02/2020;10:59:42;91;Sem vítima;245;BR-386/RS;Norte;Colisão - Lateral;2;0;0;0;0;0;0;0;0;0;3;0;0;0;0
28/02/2020;11:10:23;98;Sem vítima;191;BR-386/RS;Norte;Colisão - Lateral;1;0;2;0;0;0;0;0;0;0;3;0;0;0;0
28/02/2020;13:04:59;122;com vítima;54;BR-290/RS;Oeste;Colisão - Traseira;2;0;0;0;0;0;0;0;0;0;2;0;1;0;0
28/02/2020;17:17:12;191;Sem vítima;221;BR-386/RS;Norte;Colisão - Traseira;1;0;0;0;0;1;0;0;0;0;2;0;0;0;0
28/02/2020;17:20:45;192;com vítima;30;BR-290/RS;Leste;Queda de ribanceira;1;0;0;0;0;0;0;0;0;0;1;0;1;0;0
28/02/2020;21:29:53;261;Sem vítima;19;BR-290/RS;Leste;Capotamento;1;0;0;0;0;0;0;0;0;0;3;0;0;0;0
28/02/2020;22:35:07;273;com vítima;85;BR-290/RS;Leste;Choque Defensa;1;0;0;0;0;0;0;0;0;0;0;1;0;0;0
28/02/2020;22:50:04;277;Sem vítima;71;BR-290/RS;Leste;Choque Defensa;1;0;0;0;0;0;0;0;0;0;2;0;0;0;0
01/08/2020;10:29:24;70;Acidente sem VITIMA;7,000;BR-101/RS;Sul;Colisão - Lateral;1;0;0;0;0;0;0;1;0;0;6;0;0;0;0
01/08/2020;15:06:42;121;Acidente com VITIMA;231,000;BR-386/RS;Norte;Colisão - Traseira;2;0;0;0;0;0;0;0;0;0;1;0;1;0;0
01/08/2020;15:15:52;127;Acidente sem VITIMA;230,000;BR-386/RS;Norte;Colisão - Traseira;1;0;0;0;0;0;0;1;0;0;3;0;0;0;0
01/08/2020;17:25:19;159;Acidente com VITIMA FATAL;27,000;BR-290/RS;Oeste;Colisão - Transversal;0;0;0;1;0;0;0;0;0;1;4;0;0;0;1
01/08/2020;17:50:36;163;Acidente sem VITIMA;30,000;BR-290/RS;Leste;Queda de ribanceira;1;0;0;0;0;0;0;0;0;0;2;0;0;0;0
01/08/2020;18:17:23;166;Acidente sem VITIMA;327,000;BR-386/RS;Norte;Colisão - Lateral;2;0;0;0;0;0;0;0;0;0;2;0;0;0;0
01/08/2020;20:19:59;179;Acidente sem VITIMA;68,000;BR-290/RS;Leste;Queda de moto;0;0;0;1;0;0;0;0;0;0;1;0;0;0;0
02/08/2020;03:14:36;11;Acidente com VITIMA;9,000;BR-290/RS;Oeste;Queda de moto;0;0;0;1;0;0;0;0;0;0;0;2;0;0;0
02/08/2020;03:40:17;12;Acidente com VITIMA;61,000;BR-290/RS;Oeste;Saída de pista;0;0;1;0;0;0;0;0;0;0;0;0;1;0;0
02/08/2020;11:06:15;58;Acidente com VITIMA;10,000;BR-101/RS;Sul;Colisão - Lateral;2;0;0;0;0;0;0;0;0;0;6;0;2;0;0
02/08/2020;20:40:39;171;Acidente sem VITIMA;1,000;BR-448/RS;Norte;Atropelamento de Animal;1;0;0;0;0;0;0;0;0;0;1;0;0;0;0
03/08/2020;03:20:14;11;Acidente sem VITIMA;57,000;BR-101/RS;Sul;Queda de ribanceira;1;0;0;0;0;0;0;0;0;0;1;0;0;0;0
03/08/2020;07:58:09;37;Acidente sem VITIMA;436,000;BR-386/RS;Norte;Colisão - Lateral;1;0;1;0;0;0;0;0;0;0;2;0;0;0;0
03/08/2020;10:24:06;83;Acidente com VITIMA FATAL;88,000;BR-290/RS;Leste;Colisão - Traseira;0;0;0;0;0;0;0;2;0;0;1;0;0;0;1
03/08/2020;18:25:00;175;Acidente sem VITIMA;72,000;BR-290/RS;Oeste;Choque com objeto sobre a pista;1;0;0;0;0;0;0;0;0;0;1;0;0;0;0
03/08/2020;20:19:24;190;Acidente com VITIMA;236,000;BR-386/RS;Norte;Queda de ribanceira;1;0;0;0;0;0;0;0;0;0;0;2;0;0;0
04/08/2020;07:07:04;23;Acidente sem VITIMA;373,000;BR-386/RS;Sul;Saída de pista;0;0;0;1;0;0;0;0;0;1;2;0;0;0;0
04/08/2020;10:09:56;86;Acidente sem VITIMA;98,000;BR-290/RS;Oeste;Engavetamento;4;0;0;0;0;0;0;0;0;0;4;0;0;0;0
04/08/2020;16:12:19;168;Acidente com VITIMA;77,000;BR-101/RS;Sul;Queda de ribanceira;1;0;0;0;0;0;0;0;0;0;0;0;1;1;0
04/08/2020;16:14:45;169;Acidente sem VITIMA;86,000;BR-290/RS;Leste;Colisão - Lateral;1;0;1;0;0;0;0;0;0;0;2;0;0;0;0
04/08/2020;19:16:44;193;Acidente com VITIMA;87,000;BR-290/RS;Leste;Colisão - Traseira;1;0;0;0;0;0;0;1;0;0;2;2;0;0;0
04/08/2020;21:38:38;207;Acidente sem VITIMA;295,000;BR-386/RS;Norte;Queda de Carga;0;0;0;0;0;0;0;0;0;1;2;0;0;0;0
04/08/2020;21:51:20;208;Acidente sem VITIMA;60,000;BR-290/RS;Leste;Choque - Sinalização;1;0;0;0;0;0;0;0;0;0;4;0;0;0;0
05/08/2020;01:21:14;3;Acidente sem VITIMA;68,000;BR-290/RS;Oeste;Queda de ribanceira;1;0;0;0;0;0;0;0;0;0;1;0;0;0;0
05/08/2020;05:06:33;11;Acidente sem VITIMA;427,000;BR-386/RS;Sul;Choque Defensa;1;0;0;0;0;0;0;0;0;0;1;0;0;0;0
05/08/2020;07:53:08;30;Acidente sem VITIMA;89,000;BR-290/RS;Oeste;Choque Barreira;1;0;0;0;0;0;0;0;0;0;1;0;0;0;0
05/08/2020;11:14:36;92;Acidente sem VITIMA;16,000;BR-448/RS;Sul;Colisão - Transversal;2;0;0;0;0;0;0;0;0;0;3;0;0;0;0
05/08/2020;11:17:59;93;Acidente sem VITIMA;92,000;BR-290/RS;Oeste;Outros;1;0;0;0;0;0;0;0;0;0;1;0;0;0;0
05/08/2020;11:19:36;94;Acidente com VITIMA;258,000;BR-386/RS;Norte;Tombamento;0;0;1;0;0;0;0;0;0;0;1;1;0;0;0
05/08/2020;11:56:44;102;Acidente com VITIMA;255,000;BR-386/RS;Sul;Tombamento;0;0;0;0;0;0;0;1;0;0;0;1;0;0;0
05/08/2020;12:08:35;105;Acidente com VITIMA;443,000;BR-386/RS;Norte;Queda de ribanceira;1;0;0;0;0;0;0;0;0;0;0;1;0;0;0
05/08/2020;13:18:43;118;Acidente sem VITIMA;15,000;BR-448/RS;Sul;Choque Defensa;1;0;0;0;0;0;0;0;0;0;1;0;0;0;0
05/08/2020;14:19:49;129;Acidente com VITIMA;89,180;BR-290/RS;Leste;Queda de moto;0;0;0;1;0;0;0;0;0;0;0;2;0;0;0
05/08/2020;18:19:24;175;Acidente com VITIMA;60,000;BR-290/RS;Oeste;Colisão - Traseira;2;0;0;0;0;0;0;0;0;0;1;4;0;0;0
05/08/2020;20:15:22;194;Acidente sem VITIMA;343,000;BR-386/RS;Sul;Saída de pista;1;0;0;0;0;0;0;0;0;0;1;0;0;0;0
05/08/2020;20:26:51;199;Acidente sem VITIMA;268,000;BR-386/RS;Sul;Queda de ribanceira;1;0;0;0;0;0;0;1;0;0;3;0;0;0;0
06/08/2020;02:48:50;11;Acidente sem VITIMA;279,000;BR-386/RS;Norte;Queda de ribanceira;1;0;0;0;0;0;0;0;0;0;1;0;0;0;0
06/08/2020;08:33:51;61;Acidente sem VITIMA;15,000;BR-290/RS;Leste;Queda de ribanceira;1;0;0;0;0;0;0;0;0;0;2;0;0;0;0
06/08/2020;10:44:28;89;Acidente sem VITIMA;260,000;BR-386/RS;Norte;Colisão - Traseira;2;0;0;0;0;0;0;0;0;0;2;0;0;0;0
06/08/2020;11:51:51;105;Acidente sem VITIMA;291,000;BR-386/RS;Norte;Colisão - Traseira;1;0;0;0;0;0;0;1;0;0;3;0;0;0;0
06/08/2020;15:25:55;147;Acidente sem VITIMA;350,000;BR-386/RS;Norte;Colisão - Lateral;1;0;0;0;0;1;0;0;0;0;6;0;0;0;0
06/08/2020;18:33:24;195;Acidente sem VITIMA;18,000;BR-448/RS;Sul;Capotamento;1;0;0;0;0;0;0;0;0;0;1;0;0;0;0
06/08/2020;20:17:51;205;Acidente sem VITIMA;14,000;BR-101/RS;Sul;Choque com objeto sobre a pista;2;0;0;0;0;0;0;0;0;0;4;0;0;0;0
07/08/2020;05:27:07;16;Acidente com VITIMA;414,000;BR-386/RS;Norte;Atropelamento de Animal;2;0;0;0;0;0;0;0;0;0;1;1;0;0;0
07/08/2020;11:02:56;89;Acidente sem VITIMA;304,000;BR-386/RS;Norte;Colisão - Lateral;1;0;0;0;0;0;0;1;0;0;2;0;0;0;0
07/08/2020;11:21:50;97;Acidente sem VITIMA;306,000;BR-386/RS;Sul;Colisão - Lateral;1;0;0;0;0;0;0;1;0;0;2;0;0;0;0
07/08/2020;12:15:49;105;Acidente sem VITIMA;91,000;BR-290/RS;Oeste;Colisão - Traseira;2;0;0;0;0;0;0;0;0;0;2;0;0;0;0
07/08/2020;15:44:46;140;Acidente sem VITIMA;77,000;BR-290/RS;Leste;Colisão - Traseira;2;0;0;0;0;0;0;0;0;0;2;0;0;0;0
07/08/2020;16:31:02;150;Acidente com VITIMA;344,000;BR-386/RS;Norte;Colisão - Traseira;1;0;1;0;0;0;0;0;0;0;1;1;0;0;0
07/08/2020;16:37:35;152;Acidente com VITIMA;336,000;BR-386/RS;Norte;Colisão - Traseira;0;0;0;1;0;0;0;1;0;0;1;1;0;0;0
07/08/2020;16:39:33;154;Acidente com VITIMA;336,000;BR-386/RS;Norte;Queda de moto;0;0;0;1;0;0;0;0;0;0;1;1;0;0;0
07/08/2020;18:07:31;166;Acidente sem VITIMA;91,000;BR-290/RS;Leste;Colisão - Traseira;2;0;0;0;0;0;0;0;0;0;3;0;0;0;0
07/08/2020;20:01:22;195;Acidente com VITIMA;82,000;BR-290/RS;Oeste;Capotamento;1;0;0;0;0;0;0;0;0;0;0;1;0;0;0
08/08/2020;02:01:45;9;Acidente sem VITIMA;411,000;BR-386/RS;Norte;Saída de pista;1;0;0;0;0;0;0;0;0;0;1;0;0;0;0
08/08/2020;03:13:03;11;Acidente com VITIMA;64,000;BR-290/RS;Oeste;Capotamento;1;0;0;0;0;0;0;0;0;0;1;1;1;0;0
08/08/2020;08:24:02;34;Acidente sem VITIMA;35,000;BR-101/RS;Norte;Colisão - Traseira;0;0;0;1;0;0;0;1;0;0;2;0;0;0;0
08/08/2020;09:00:57;42;Acidente com VITIMA;96,000;BR-290/RS;Oeste;Colisão - Traseira;2;0;0;0;0;0;0;0;0;0;5;1;0;0;0
08/08/2020;09:46:57;53;Acidente sem VITIMA;234,000;BR-386/RS;Norte;Colisão - Traseira;1;0;1;0;0;0;0;0;0;0;3;0;0;0;0
08/08/2020;11:50:54;88;Acidente com VITIMA;89,000;BR-290/RS;Oeste;Choque Barreira;1;0;0;0;0;0;0;0;0;0;4;1;0;0;0
08/08/2020;12:35:29;97;Acidente sem VITIMA;45,000;BR-290/RS;Oeste;Capotamento;1;0;0;0;0;0;0;0;0;0;1;0;0;0;0
08/08/2020;20:00:32;173;Acidente sem VITIMA;356,000;BR-386/RS;Sul;Saída de pista;1;0;0;0;0;0;0;0;0;0;2;0;0;0;0
08/08/2020;20:24:19;175;Acidente com VITIMA;343,000;BR-386/RS;Ambos;Colisão - Lateral;1;0;0;1;0;0;0;0;0;0;2;0;1;0;0
09/08/2020;00:27:29;2;Acidente com VITIMA;261,000;BR-386/RS;Norte;Colisão - Traseira;2;0;0;0;0;0;0;0;0;0;3;2;0;0;0
09/08/2020;11:22:23;59;Acidente sem VITIMA;94,000;BR-290/RS;Leste;Colisão - Traseira;2;0;0;0;0;0;0;0;0;0;5;0;0;0;0
09/08/2020;17:15:08;119;Acidente com VITIMA;399,000;BR-386/RS;Norte;Colisão - Transversal;2;0;0;0;0;0;0;0;0;0;0;1;0;0;0
09/08/2020;17:17:30;121;Acidente com VITIMA;72,000;BR-101/RS;Sul;Colisão - Transversal;1;0;0;1;0;0;0;0;0;0;1;0;1;0;0
09/08/2020;18:49:47;147;Acidente com VITIMA;446,000;BR-386/RS;Sul;Atropelamento de Animal;1;0;0;0;0;0;0;0;0;0;3;1;0;0;0
09/08/2020;19:58:54;170;Acidente com VITIMA;269,000;BR-386/RS;Norte;Colisão - Traseira;2;0;0;0;0;0;0;0;0;0;3;1;0;0;0
09/08/2020;22:33:56;203;Acidente sem VITIMA;92,000;BR-290/RS;Oeste;Colisão - Traseira;2;0;0;0;0;0;0;0;0;0;2;0;0;0;0
10/08/2020;00:01:32;1;Acidente com VITIMA;26,000;BR-101/RS;Sul;Colisão - Traseira;2;0;0;0;0;0;0;0;0;0;2;0;1;0;0
10/08/2020;05:47:43;13;Acidente sem VITIMA;86,000;BR-290/RS;Oeste;Queda de ribanceira;1;0;0;0;0;0;0;0;0;0;1;0;0;0;0
10/08/2020;08:29:29;53;Acidente sem VITIMA;291,000;BR-386/RS;Norte;Colisão - Traseira;1;0;0;0;0;0;0;1;0;0;3;0;0;0;0
10/08/2020;09:47:58;87;Acidente com VITIMA;426,000;BR-386/RS;Norte;Colisão - Traseira;1;0;0;0;0;1;0;0;0;0;1;1;0;0;0
10/08/2020;10:07:50;95;Acidente sem VITIMA;30,000;BR-101/RS;Sul;Colisão - Lateral;1;0;1;0;0;0;0;0;0;0;4;0;0;0;0
10/08/2020;10:29:23;103;Acidente sem VITIMA;295,000;BR-386/RS;Sul;Choque com veículo na faixa de rolamento;2;0;0;0;0;0;0;0;0;0;5;0;0;0;0
10/08/2020;17:34:07;208;Acidente sem VITIMA;16,000;BR-448/RS;Norte;Colisão - Traseira;1;0;1;0;0;0;0;0;0;0;6;0;0;0;0
10/08/2020;17:40:42;212;Acidente sem VITIMA;28,000;BR-290/RS;Leste;Queda de ribanceira;0;0;1;0;0;0;0;0;0;0;1;0;0;0;0
10/08/2020;18:16:23;217;Acidente sem VITIMA;13,000;BR-101/RS;Norte;Queda de ribanceira;2;0;0;0;0;0;0;0;0;0;3;0;0;0;0
10/08/2020;18:34:09;222;Acidente sem VITIMA;188,000;BR-386/RS;Sul;;1;0;1;0;0;0;0;0;0;0;3;0;0;0;0
10/08/2020;20:04:41;241;Acidente com VITIMA;379,000;BR-386/RS;Norte;Colisão - Lateral;1;0;0;1;0;0;0;0;0;0;2;1;0;0;0
11/08/2020;11:57:19;106;Acidente sem VITIMA;392,000;BR-386/RS;Sul;Choque com veículo na faixa de rolamento;1;0;0;0;0;0;0;1;0;0;3;0;0;0;0
11/08/2020;16:15:00;147;Acidente sem VITIMA;46,000;BR-290/RS;Oeste;Choque Defensa;1;0;0;0;0;0;0;0;0;0;1;0;0;0;0
11/08/2020;17:07:55;160;Acidente com VITIMA;420,000;BR-386/RS;Norte;Queda de ribanceira;1;0;0;0;0;0;0;0;0;0;0;1;0;0;0
11/08/2020;18:42:50;185;Acidente com VITIMA;92,260;BR-290/RS;Oeste;;2;0;0;0;0;0;0;0;0;0;1;4;0;0;0
11/08/2020;20:34:57;201;Atropelamento;417,000;BR-386/RS;Sul;Atropelamento - Andarilho;0;0;0;0;0;1;0;0;0;0;0;1;0;0;0
11/08/2020;20:39:39;202;Atropelamento;5,000;BR-101/RS;Norte;;0;0;0;0;0;1;0;0;0;0;1;0;1;0;0
11/08/2020;20:50:24;204;Acidente sem VITIMA;92,000;BR-290/RS;Leste;Colisão - Traseira;2;0;0;0;0;0;0;0;0;0;2;0;0;0;0
11/08/2020;23:34:43;216;Acidente com VITIMA;365,000;BR-386/RS;Sul;Tombamento;0;0;0;0;0;0;0;1;0;0;1;1;0;0;0
12/08/2020;00:21:42;2;Acidente sem VITIMA;76,000;BR-290/RS;Oeste;Queda de ribanceira;1;0;0;0;0;0;0;0;0;0;2;0;0;0;0
12/08/2020;04:12:33;10;Acidente sem VITIMA;6,000;BR-290/RS;Oeste;Queda de ribanceira;1;0;0;0;0;0;0;0;0;0;2;0;0;0;0
12/08/2020;05:22:15;11;Acidente sem VITIMA;364,000;BR-386/RS;Norte;Saída de pista;1;0;0;0;0;0;0;0;0;0;1;0;0;0;0
12/08/2020;07:59:56;34;Acidente sem VITIMA;75,000;BR-290/RS;Leste;Saída de pista;1;0;0;0;0;0;0;0;0;0;1;0;0;0;0
12/08/2020;09:52:39;55;Acidente sem VITIMA;255,000;BR-386/RS;Sul;Saída de pista;1;0;0;0;0;0;0;0;0;0;1;0;0;0;0
12/08/2020;12:14:28;83;Acidente sem VITIMA;306,000;BR-386/RS;Sul;Tombamento;0;0;0;0;0;0;0;1;0;0;1;0;0;0;0
12/08/2020;12:51:01;92;Acidente com VITIMA;373,000;BR-386/RS;Norte;Colisão - Lateral;1;0;0;0;0;0;0;1;0;0;1;1;1;0;0
12/08/2020;14:35:03;111;Acidente sem VITIMA;433,000;BR-386/RS;Sul;Saída de pista;1;0;0;0;0;0;0;0;0;0;1;0;0;0;0
12/08/2020;19:23:12;158;Acidente sem VITIMA;392,000;BR-386/RS;Sul;Saída de pista;1;0;0;0;0;0;0;0;0;0;1;0;0;0;0
12/08/2020;19:55:03;163;Acidente sem VITIMA;359,000;BR-386/RS;Norte;Choque Defensa;1;0;0;0;0;0;0;0;0;0;1;0;0;0;0
12/08/2020;19:56:14;165;Acidente sem VITIMA;86,000;BR-290/RS;Oeste;Queda de ribanceira;1;0;0;0;0;0;0;0;0;0;1;0;0;0;0
13/08/2020;08:10:31;21;Acidente sem VITIMA;91,000;BR-290/RS;Oeste;Choque Defensa;1;0;0;0;0;0;0;0;0;0;1;0;0;0;0
13/08/2020;09:03:38;35;Acidente com VITIMA;343,000;BR-386/RS;Sul;Colisão - Lateral;2;0;0;0;0;0;0;0;0;0;1;1;0;0;0
13/08/2020;16:28:57;123;Acidente sem VITIMA;78,000;BR-290/RS;Leste;Colisão - Traseira;2;0;0;0;0;0;0;0;0;0;1;0;0;0;0
13/08/2020;19:44:04;161;Acidente sem VITIMA;306,000;BR-386/RS;Sul;Choque Barreira;1;0;0;0;0;0;0;0;0;0;1;0;0;0;0
13/08/2020;20:12:16;168;Acidente sem VITIMA;413,000;BR-386/RS;Norte;Queda de ribanceira;1;0;0;0;0;0;0;0;0;0;2;0;0;0;0
14/08/2020;03:27:28;9;Acidente sem VITIMA;445,000;BR-386/RS;Norte;Atropelamento de Animal;0;0;0;0;0;0;0;0;0;1;1;0;0;0;0
14/08/2020;05:04:34;10;Acidente sem VITIMA;9,000;BR-290/RS;Oeste;Saída de pista;0;0;0;0;0;0;0;1;0;0;1;0;0;0;0
14/08/2020;07:17:11;19;Acidente sem VITIMA;232,000;BR-386/RS;Sul;Queda de ribanceira;0;0;1;0;0;0;0;0;0;0;2;0;0;0;0
14/08/2020;16:28:51;151;Acidente sem VITIMA;13,000;BR-290/RS;Leste;Saída de pista;1;0;0;0;0;0;0;0;0;0;1;0;0;0;0
14/08/2020;18:40:33;178;Acidente sem VITIMA;76,000;BR-290/RS;Leste;Queda de moto;1;0;0;0;0;0;0;0;0;0;2;0;0;0;0
14/08/2020;19:48:36;192;Acidente sem VITIMA;342,000;BR-386/RS;Ambos;Queda de ribanceira;1;0;0;0;0;0;0;0;0;0;2;0;0;0;0
14/08/2020;19:56:59;195;Acidente sem VITIMA;349,000;BR-386/RS;Norte;Colisão - Traseira;1;0;0;0;0;0;0;1;0;0;2;0;0;0;0
14/08/2020;20:21:26;200;Acidente sem VITIMA;8,000;BR-290/RS;Leste;Colisão - Traseira;1;0;0;0;0;0;0;0;0;0;2;0;0;0;0
14/08/2020;20:38:47;203;Acidente sem VITIMA;35,000;BR-290/RS;Oeste;Queda de ribanceira;1;0;0;0;0;0;0;0;0;0;1;0;0;0;0
14/08/2020;22:03:26;216;Acidente com VITIMA;405,000;BR-386/RS;Norte;Queda de ribanceira;1;0;0;0;0;0;0;0;0;0;3;1;1;0;0
14/08/2020;22:03:48;217;Acidente com VITIMA;441,000;BR-386/RS;Sul;Queda de ribanceira;1;0;0;0;0;0;0;0;0;0;0;1;0;0;0
14/08/2020;22:14:57;219;Acidente com VITIMA FATAL;339,000;BR-386/RS;Norte;Colisão - Lateral;1;0;1;0;0;0;0;1;0;0;2;0;0;0;2
15/08/2020;05:42:30;24;Acidente sem VITIMA;68,000;BR-290/RS;Oeste;Queda de ribanceira;1;0;0;0;0;0;0;0;0;0;1;0;0;0;0
15/08/2020;17:11:07;155;Acidente sem VITIMA;352,000;BR-386/RS;Sul;Queda de ribanceira;1;0;0;0;0;0;0;0;0;0;2;0;0;0;0
15/08/2020;17:32:26;162;Acidente sem VITIMA;28,000;BR-290/RS;Leste;Choque com objeto sobre a pista;1;0;0;0;0;0;0;0;0;0;1;0;0;0;0
15/08/2020;17:55:37;166;Acidente com VITIMA;53,000;BR-101/RS;Sul;Queda de ribanceira;0;0;0;1;0;0;0;0;0;0;1;1;0;0;0
15/08/2020;21:34:33;198;Acidente com VITIMA;10,000;BR-448/RS;Norte;Choque Barreira;1;0;0;0;0;0;0;0;0;0;0;0;1;1;0
16/08/2020;01:28:11;6;Atropelamento;434,000;BR-386/RS;Sul;Atropelamento - Morador/Trabalhador/Estudante;1;0;0;0;0;0;0;0;0;0;0;0;1;0;0
16/08/2020;05:15:37;18;Acidente sem VITIMA;34,000;BR-290/RS;Oeste;Atropelamento de Animal;1;0;0;0;0;0;0;0;0;0;1;0;0;0;0
16/08/2020;06:15:31;19;Acidente com VITIMA;30,000;BR-101/RS;Sul;Queda de ribanceira;1;0;0;0;0;0;0;0;0;0;0;0;1;0;0
16/08/2020;14:10:30;71;Acidente sem VITIMA;70,000;BR-101/RS;Sul;Saída de pista;1;0;0;0;0;0;0;0;0;0;3;0;0;0;0
16/08/2020;15:04:10;75;Acidente com VITIMA;69,000;BR-290/RS;Oeste;Queda de ribanceira;1;0;0;0;0;0;0;0;0;0;0;1;0;0;0
16/08/2020;16:43:05;99;Acidente sem VITIMA;4,000;BR-290/RS;Leste;Choque com veículo no acostamento;2;0;0;0;0;0;0;0;0;0;5;0;0;0;0
16/08/2020;17:32:59;118;Acidente sem VITIMA;342,000;BR-386/RS;Sul;Engavetamento;3;0;0;0;0;0;0;0;0;0;6;0;0;0;0
16/08/2020;18:31:22;130;Acidente com VITIMA;89,000;BR-290/RS;Oeste;Queda de moto;0;0;0;1;0;0;0;0;0;0;0;1;0;0;0
16/08/2020;20:01:41;152;Acidente sem VITIMA;52,000;BR-101/RS;Norte;Queda de ribanceira;1;0;0;0;0;0;0;0;0;0;1;0;0;0;0
17/08/2020;08:14:28;43;Acidente sem VITIMA;60,000;BR-290/RS;Oeste;Colisão - Traseira;2;0;0;0;0;0;0;0;0;0;6;0;0;0;0
17/08/2020;10:20:31;85;Acidente com VITIMA;446,000;BR-386/RS;Sul;Capotamento;1;0;0;0;0;0;0;0;0;0;0;1;0;0;0
17/08/2020;11:42:36;101;Acidente sem VITIMA;295,000;BR-386/RS;Sul;Colisão - Traseira;2;0;0;0;0;0;0;0;0;0;2;0;0;0;0
17/08/2020;11:56:50;103;Acidente sem VITIMA;60,000;BR-290/RS;Leste;Choque Praça - Cabine;0;0;0;0;0;0;0;1;0;0;2;0;0;0;0
17/08/2020;20:15:11;194;Acidente com VITIMA;344,000;BR-386/RS;Sul;Outros;2;0;0;0;0;0;0;0;0;0;1;0;1;0;0
17/08/2020;20:33:59;197;Acidente sem VITIMA;272,000;BR-386/RS;Sul;Queda de moto;0;0;1;1;0;0;0;0;0;0;2;0;0;0;0
17/08/2020;22:18:39;209;Acidente com VITIMA;97,000;BR-290/RS;Oeste;Choque Defensa;1;0;0;0;0;0;0;0;0;0;0;2;0;0;0
17/08/2020;23:23:29;215;Acidente com VITIMA;21,000;BR-101/RS;Sul;Choque Defensa;1;0;0;0;0;0;0;0;0;0;0;0;3;0;0
18/08/2020;06:40:03;17;Acidente com VITIMA;28,000;BR-290/RS;Ambos;Saída de pista;1;0;0;0;0;0;0;0;0;0;0;1;0;0;0
18/08/2020;08:11:51;45;Acidente com VITIMA;420,000;BR-386/RS;Norte;Tombamento;0;0;0;0;0;0;0;1;0;0;0;1;0;0;0
18/08/2020;10:39:13;90;Acidente sem VITIMA;42,000;BR-290/RS;Oeste;Colisão - Traseira;2;0;0;0;0;0;0;0;0;0;5;0;0;0;0
18/08/2020;12:06:48;102;Acidente sem VITIMA;40,000;BR-101/RS;Sul;Saída de pista;1;0;0;0;0;0;0;0;0;0;2;0;0;0;0
18/08/2020;12:51:48;115;Acidente com VITIMA;386,000;BR-386/RS;Sul;Queda de moto;0;0;0;1;0;0;0;0;0;0;0;0;0;1;0
18/08/2020;18:29:25;176;Acidente com VITIMA;434,000;BR-386/RS;Norte;Colisão - Transversal;2;0;0;0;0;0;0;0;0;0;1;1;0;0;0
18/08/2020;20:56:16;198;Acidente sem VITIMA;43,000;BR-290/RS;Oeste;Queda de ribanceira;1;0;0;0;0;0;0;0;0;0;1;0;0;0;0
19/08/2020;07:23:01;22;Acidente sem VITIMA;86,000;BR-290/RS;Oeste;Colisão - Traseira;1;0;0;1;0;0;0;0;0;0;2;0;0;0;0
19/08/2020;12:21:31;93;Acidente com VITIMA;34,000;BR-290/RS;Leste;Queda de ribanceira;0;0;0;0;0;0;0;1;0;0;0;0;1;0;0
19/08/2020;13:06:04;110;Acidente sem VITIMA;60,000;BR-290/RS;Oeste;Colisão - Traseira;1;0;0;0;0;0;0;1;0;0;2;0;0;0;0
20/08/2020;05:28:44;14;Acidente sem VITIMA;17,000;BR-290/RS;Oeste;Tombamento;0;0;0;0;0;0;0;0;0;1;1;0;0;0;0
20/08/2020;07:04:39;21;Acidente sem VITIMA;12,000;BR-448/RS;Sul;Colisão - Traseira;1;0;0;0;0;0;0;0;0;1;2;0;0;0;0
20/08/2020;10:12:35;72;Acidente sem VITIMA;272,000;BR-386/RS;Norte;Atropelamento de Animal;1;0;0;0;0;0;0;0;0;0;3;0;0;0;0
20/08/2020;10:50:00;79;Acidente sem VITIMA;90,000;BR-290/RS;Oeste;Queda de ribanceira;1;0;1;0;0;0;0;0;0;0;2;0;0;0;0
20/08/2020;11:25:57;86;Acidente com VITIMA;334,000;BR-386/RS;Sul;Queda de ribanceira;1;0;0;0;0;0;0;0;0;0;3;0;1;0;0
20/08/2020;16:02:46;134;Acidente sem VITIMA;76,000;BR-290/RS;Oeste;Queda de moto;0;0;0;1;0;0;0;0;0;0;2;0;0;0;0