data;horario;n_da_ocorrencia;tipo_de_ocorrencia;km;trecho;sentido;tipo_de_acidente;automovel;bicicleta;caminhao;moto;onibus;outros;tracao_animal;transporte_de_cargas_especiais;trator_maquinas;utilitarios;ilesos;levemente_feridos;moderadamente_feridos;gravemente_feridos;mortos
20/08/2020;18:27:32;153;Acidente sem VITIMA;60,000;BR-290/RS;Oeste;Colisão - Traseira;2;0;0;0;0;0;0;0;0;0;3;0;0;0;0
20/08/2020;20:56:53;179;Acidente sem VITIMA;436,000;BR-386/RS;Norte;Atropelamento de Animal;2;0;0;0;0;0;0;0;0;1;3;0;0;0;0
21/08/2020;02:44:11;8;Acidente sem VITIMA;50,000;BR-290/RS;Oeste;Atropelamento de Animal;1;0;0;0;0;0;0;0;0;0;3;0;0;0;0
21/08/2020;08:58:36;76;Acidente sem VITIMA;268,000;BR-386/RS;Sul;Colisão - Traseira;2;0;0;0;0;0;0;0;0;0;5;0;0;0;0
21/08/2020;11:19:07;118;Atropelamento;32,000;BR-101/RS;Sul;Atropelamento - Esportista;1;0;0;1;0;0;0;0;0;0;2;1;0;0;0
21/08/2020;15:53:40;178;Acidente sem VITIMA;97,000;BR-290/RS;Oeste;Colisão - Traseira;2;0;0;0;0;0;0;0;0;0;2;0;0;0;0
21/08/2020;18:36:21;220;Acidente com VITIMA FATAL;347,000;BR-386/RS;Norte;Colisão - Lateral;0;0;0;1;0;0;0;0;0;0;0;0;1;0;1
21/08/2020;19:08:10;222;Acidente sem VITIMA;42,000;BR-101/RS;Norte;Choque Defensa;1;0;0;0;0;0;0;0;0;0;2;0;0;0;0
21/08/2020;19:37:51;232;Acidente sem VITIMA;423,000;BR-386/RS;Norte;Queda de ribanceira;1;0;0;0;0;0;0;0;0;0;1;0;0;0;0
21/08/2020;20:37:30;247;Acidente sem VITIMA;3,000;BR-290/RS;Leste;Queda de ribanceira;0;0;0;0;0;0;0;1;0;0;1;0;0;0;0
21/08/2020;23:46:57;267;Acidente sem VITIMA;2,000;BR-290/RS;Leste;Queda de ribanceira;0;0;1;0;0;0;0;0;0;0;1;0;0;0;0
22/08/2020;00:26:38;2;Acidente sem VITIMA;10,000;BR-101/RS;Sul;Tombamento;0;0;0;0;0;0;0;1;0;0;1;0;0;0;0
22/08/2020;04:35:28;10;Acidente sem VITIMA;92,000;BR-290/RS;Oeste;Capotamento;1;0;0;0;0;0;0;0;0;0;2;0;0;0;0
22/08/2020;07:16:17;21;Acidente sem VITIMA;362,000;BR-386/RS;Norte;Colisão - Traseira;2;0;0;0;0;0;0;0;0;0;6;0;0;0;0
23/08/2020;01:43:53;8;Acidente com VITIMA;13,000;BR-290/RS;Oeste;Capotamento;1;0;0;0;0;0;0;0;0;0;0;1;0;0;0
23/08/2020;01:52:35;9;Acidente sem VITIMA;45,000;BR-290/RS;Leste;Atropelamento de Animal;1;0;0;0;0;0;0;0;0;0;1;0;0;0;0
23/08/2020;04:56:10;15;Acidente com VITIMA;79,000;BR-101/RS;Sul;Queda de ribanceira;1;0;0;0;0;0;0;0;0;0;0;0;1;0;0
23/08/2020;08:03:33;24;Acidente sem VITIMA;26,000;BR-290/RS;Oeste;Colisão - Lateral;1;0;1;0;0;0;0;0;0;0;4;0;0;0;0
23/08/2020;16:17:48;90;Acidente sem VITIMA;401,000;BR-386/RS;Norte;Saída de pista;1;0;0;0;0;0;0;0;0;0;2;0;0;0;0
23/08/2020;20:54:42;135;Acidente sem VITIMA;432,000;BR-386/RS;Sul;Atropelamento de Animal;1;0;0;0;0;0;0;0;0;0;1;0;0;0;0
24/08/2020;05:30:12;10;Acidente com VITIMA;75,000;BR-290/RS;Oeste;Queda de moto;0;0;0;1;0;0;0;0;0;0;0;1;0;0;0
24/08/2020;10:22:37;85;Acidente sem VITIMA;8,000;BR-448/RS;Sul;Queda de moto;0;0;0;1;0;0;0;0;0;0;1;0;0;0;0
24/08/2020;13:15:33;129;Acidente com VITIMA;75,000;BR-290/RS;Oeste;Colisão - Lateral;1;0;0;1;0;0;0;0;0;0;0;1;1;0;0
24/08/2020;13:46:15;138;Acidente sem VITIMA;9,000;BR-290/RS;Leste;Queda de ribanceira;1;0;0;0;0;0;0;0;0;0;2;0;0;0;0
24/08/2020;15:39:28;165;Acidente sem VITIMA;77,000;BR-290/RS;Oeste;Colisão - Lateral;2;0;0;0;0;0;0;0;0;0;3;0;0;0;0
24/08/2020;18:33:58;214;Acidente com VITIMA;12,000;BR-290/RS;Leste;Capotamento;1;0;0;0;0;0;0;0;0;0;0;3;0;0;0
24/08/2020;18:43:09;218;Acidente com VITIMA;335,000;BR-386/RS;Ambos;Colisão - Lateral;0;0;0;1;0;0;0;1;0;0;1;0;1;0;0
25/08/2020;06:44:04;18;Acidente sem VITIMA;10,000;BR-448/RS;Norte;Queda de moto;1;0;1;1;0;0;0;0;0;0;3;0;0;0;0
25/08/2020;07:02:05;21;Acidente com VITIMA;417,000;BR-386/RS;Norte;Capotamento;1;0;0;0;0;0;0;0;0;0;1;0;0;1;0
25/08/2020;07:28:18;29;Acidente sem VITIMA;345,000;BR-386/RS;Sul;Colisão - Traseira;2;0;0;0;0;0;0;0;0;0;2;0;0;0;0
25/08/2020;08:23:00;57;Acidente sem VITIMA;77,000;BR-290/RS;Oeste;Outros;1;0;0;0;0;0;0;0;0;0;2;0;0;0;0
25/08/2020;09:11:57;64;Acidente sem VITIMA;388,000;BR-386/RS;Sul;Colisão - Lateral;0;0;1;0;0;0;0;1;0;0;4;0;0;0;0
25/08/2020;14:58:26;130;Acidente sem VITIMA;326,000;BR-386/RS;Norte;Queda de ribanceira;1;0;0;0;0;0;0;0;0;0;1;0;0;0;0
26/08/2020;12:58:52;130;Acidente sem VITIMA;263,000;BR-386/RS;Sul;Colisão - Traseira;2;0;0;0;0;0;0;1;0;0;3;0;0;0;0
26/08/2020;14:11:41;151;Acidente com VITIMA;407,000;BR-386/RS;Norte;Queda de moto;0;0;0;1;0;0;0;0;0;0;0;1;0;0;0
26/08/2020;15:03:31;161;Acidente sem VITIMA;261,000;BR-386/RS;Norte;Choque com objeto sobre a pista;1;0;0;0;0;0;0;0;0;0;3;0;0;0;0
26/08/2020;15:23:23;165;Acidente com VITIMA;96,000;BR-290/RS;Leste;Queda de moto;1;0;0;0;0;0;0;0;0;0;0;1;1;0;0
26/08/2020;17:43:56;191;Acidente sem VITIMA;9,000;BR-290/RS;Oeste;Queda de ribanceira;1;0;0;0;0;0;0;0;0;0;1;0;0;0;0
26/08/2020;19:16:09;209;Acidente sem VITIMA;96,000;BR-290/RS;Oeste;Colisão - Lateral;1;0;1;0;0;0;0;0;0;0;3;0;0;0;0
27/08/2020;07:10:20;22;Atropelamento;350,000;BR-386/RS;Sul;Atropelamento - Morador/Trabalhador/Estudante;1;0;0;0;0;0;0;0;0;0;1;1;0;0;0
27/08/2020;07:52:58;35;Acidente sem VITIMA;299,000;BR-386/RS;Sul;Queda de ribanceira;1;0;0;0;0;0;0;0;0;0;1;0;0;0;0
28/08/2020;04:15:16;14;Acidente sem VITIMA;432,000;BR-386/RS;Norte;Atropelamento de Animal;0;0;0;0;0;0;0;1;0;0;1;0;0;0;0
28/08/2020;07:37:08;32;Acidente com VITIMA;92,000;BR-290/RS;Oeste;Queda de moto;0;0;0;1;0;0;0;0;0;0;0;0;2;0;0
28/08/2020;08:47:56;59;Acidente com VITIMA;290,000;BR-386/RS;Sul;Colisão - Lateral;1;0;0;1;0;0;0;0;0;0;4;0;0;1;0
28/08/2020;14:19:17;135;Acidente sem VITIMA;77,460;BR-290/RS;Leste;Choque Praça - Submarino;0;0;1;0;0;0;0;0;0;0;1;0;0;0;0
28/08/2020;18:40:42;178;Acidente sem VITIMA;65,000;BR-290/RS;Leste;Queda de ribanceira;1;0;0;0;0;0;0;0;0;0;1;0;0;0;0
28/08/2020;20:05:00;194;Acidente sem VITIMA;0,000;BR-290/RS;Leste;Choque com veículo na faixa de rolamento;0;0;1;0;0;0;0;1;0;0;2;0;0;0;0
29/08/2020;05:05:01;11;Acidente sem VITIMA;37,000;BR-290/RS;Leste;Queda de ribanceira;1;0;0;0;0;0;0;0;0;0;2;0;0;0;0
29/08/2020;09:15:57;50;Acidente sem VITIMA;380,000;BR-386/RS;Norte;Choque - Poste;1;0;0;0;0;0;0;0;0;0;2;0;0;0;0
29/08/2020;13:46:54;111;Acidente com VITIMA;35,000;BR-101/RS;Sul;Colisão - Traseira;1;0;1;0;0;0;0;0;0;0;1;1;0;0;0
29/08/2020;20:07:00;186;Acidente com VITIMA;10,000;BR-290/RS;Leste;Choque Defensa;2;0;0;0;0;0;0;0;0;0;0;1;2;0;0
29/08/2020;20:28:54;191;Acidente sem VITIMA;180,000;BR-386/RS;Sul;Queda de ribanceira;1;0;0;0;0;0;0;0;0;0;1;0;0;0;0
29/08/2020;20:28:40;192;Acidente sem VITIMA;1,000;BR-290/RS;Leste;Colisão - Traseira;1;0;0;0;0;0;0;0;0;0;4;0;0;0;0
29/08/2020;21:29:52;201;Acidente sem VITIMA;22,000;BR-101/RS;Sul;Capotamento;1;0;0;0;0;0;0;0;0;0;3;0;0;0;0
29/08/2020;22:19:26;207;Acidente sem VITIMA;38,000;BR-290/RS;Leste;Queda de ribanceira;1;0;0;0;0;0;0;0;0;0;3;0;0;0;0
29/08/2020;22:25:05;208;Acidente sem VITIMA;348,000;BR-386/RS;Norte;Queda de ribanceira;1;0;0;0;0;0;0;0;0;0;1;0;0;0;0
29/08/2020;22:52:04;211;Acidente com VITIMA;345,000;BR-386/RS;Norte;Queda de moto;0;0;0;1;0;0;0;0;0;0;0;0;1;0;0
30/08/2020;00:25:41;1;Acidente sem VITIMA;9,000;BR-448/RS;Sul;Choque Barreira;1;0;0;0;0;0;0;0;0;0;1;0;0;0;0
30/08/2020;02:28:32;5;Acidente com VITIMA;271,000;BR-386/RS;Norte;Capotamento;1;0;0;0;0;0;0;0;0;0;0;0;1;0;0
30/08/2020;07:39:40;16;Acidente sem VITIMA;397,000;BR-386/RS;Norte;Queda de ribanceira;1;0;0;0;0;0;0;0;0;0;1;0;0;0;0
30/08/2020;08:15:30;24;Acidente sem VITIMA;5,000;BR-290/RS;Leste;Queda de ribanceira;1;0;0;0;0;0;0;0;0;0;3;0;0;0;0
30/08/2020;08:36:34;27;Acidente sem VITIMA;25,000;BR-290/RS;Oeste;Outros;1;0;0;0;0;0;0;0;0;0;1;0;0;0;0
30/08/2020;08:53:58;32;Acidente com VITIMA;236,000;BR-386/RS;Sul;Queda de moto;0;0;0;1;0;0;0;0;0;0;0;1;0;0;0
30/08/2020;09:03:39;33;Acidente com VITIMA;206,000;BR-386/RS;Norte;Capotamento;1;0;0;0;0;0;0;0;0;0;0;0;0;1;0
30/08/2020;10:41:02;45;Acidente sem VITIMA;251,000;BR-386/RS;Sul;Queda de ribanceira;1;0;0;0;0;0;0;0;0;0;5;0;0;0;0
31/08/2020;00:58:47;5;Acidente sem VITIMA;411,000;BR-386/RS;Sul;Choque Defensa;1;0;0;0;0;0;0;0;0;0;1;0;0;0;0
31/08/2020;05:52:07;15;Acidente com VITIMA;445,000;BR-386/RS;Sul;Atropelamento de Animal;1;0;0;0;0;0;0;0;0;0;1;0;1;0;0
31/08/2020;06:15:23;19;Acidente sem VITIMA;299,000;BR-386/RS;Norte;Queda de ribanceira;1;0;0;0;0;0;0;0;0;0;1;0;0;0;0
31/08/2020;08:11:05;35;Acidente com VITIMA;265,000;BR-386/RS;Sul;Choque Talude;1;0;0;0;0;0;0;0;0;0;0;0;1;0;0
31/08/2020;08:38:08;41;Acidente sem VITIMA;213,000;BR-386/RS;Sul;Queda de ribanceira;0;0;0;0;0;0;0;0;0;1;1;0;0;0;0
31/08/2020;09:30:36;57;Acidente sem VITIMA;291,000;BR-386/RS;Sul;Queda de ribanceira;1;0;0;0;0;0;0;0;0;0;5;0;0;0;0
31/08/2020;11:05:53;86;Acidente sem VITIMA;349,000;BR-386/RS;Norte;Colisão - Lateral;2;0;0;0;0;0;0;0;0;0;2;0;0;0;0
31/08/2020;13:59:28;122;Acidente sem VITIMA;43,000;BR-290/RS;Leste;Choque Defensa;1;0;0;0;0;0;0;0;0;0;2;0;0;0;0
31/08/2020;17:47:13;152;Acidente com VITIMA;91,000;BR-290/RS;Leste;Capotamento;1;0;0;0;0;0;0;0;0;0;0;2;0;0;0
31/08/2020;20:46:46;178;Acidente sem VITIMA;376,000;BR-386/RS;Norte;Capotamento;1;0;0;0;0;0;0;0;0;0;1;0;0;0;0
31/08/2020;22:29:41;192;Acidente sem VITIMA;84,000;BR-101/RS;Sul;Colisão - Lateral;0;0;1;0;0;0;0;0;0;1;3;0;0;0;0
01/09/2020;02:27:38;6;Acidente sem VITIMA;434,000;BR-386/RS;Norte;Saída de pista;1;0;0;0;0;0;0;0;0;0;1;0;0;0;0
01/09/2020;06:16:57;10;Acidente com VITIMA;40,000;BR-290/RS;Oeste;Saída de pista;1;0;0;0;0;0;0;0;0;0;0;0;0;1;0
01/09/2020;07:56:08;30;Acidente com VITIMA;343,000;BR-386/RS;Norte;Queda de moto;0;0;0;1;0;0;0;0;0;0;0;1;0;0;0
01/09/2020;11:25:47;96;Acidente sem VITIMA;86,000;BR-290/RS;Oeste;Queda de moto;1;0;0;1;0;0;0;0;0;0;2;0;0;0;0
01/09/2020;13:01:03;111;Atropelamento Fatal;72,000;BR-290/RS;Oeste;Atropelamento - Funcionário;0;0;0;0;0;1;0;0;0;0;0;0;0;0;1
01/09/2020;14:22:59;124;Acidente sem VITIMA;2,000;BR-101/RS;Norte;Choque Barreira;1;0;0;0;0;0;0;0;0;0;2;0;0;0;0
01/09/2020;14:33:23;126;Acidente sem VITIMA;68,000;BR-290/RS;Oeste;Queda de ribanceira;1;0;0;0;0;0;0;0;0;0;3;0;0;0;0
01/09/2020;16:01:57;138;Acidente sem VITIMA;3,000;BR-101/RS;Norte;Colisão - Lateral;1;0;0;0;0;0;0;1;0;0;2;0;0;0;0
02/09/2020;02:50:20;7;Acidente sem VITIMA;35,000;BR-290/RS;Oeste;Queda de ribanceira;0;0;0;0;0;0;0;1;0;0;1;0;0;0;0
02/09/2020;11:24:23;111;Acidente sem VITIMA;307,000;BR-386/RS;Norte;Engavetamento;1;0;2;0;0;0;0;0;0;0;5;0;0;0;0
02/09/2020;13:51:54;144;Acidente sem VITIMA;5,000;BR-101/RS;Norte;Colisão - Lateral;1;0;0;0;0;0;0;0;0;1;2;0;0;0;0
02/09/2020;19:28:56;196;Acidente sem VITIMA;248,000;BR-386/RS;Sul;Choque - Canaleta;1;0;0;0;0;0;0;0;0;0;1;0;0;0;0
03/09/2020;00:10:14;1;Acidente com VITIMA;371,000;BR-386/RS;Norte;Queda de ribanceira;1;0;0;0;0;0;0;0;0;0;0;1;0;0;0
03/09/2020;02:32:14;5;Acidente sem VITIMA;354,000;BR-386/RS;Norte;Choque Barreira;1;0;0;0;0;0;0;0;0;0;2;0;0;0;0
03/09/2020;06:31:43;14;Acidente sem VITIMA;304,000;BR-386/RS;Norte;Queda de ribanceira;0;0;0;0;0;0;0;1;0;0;1;0;0;0;0
03/09/2020;08:36:15;34;Acidente com VITIMA;79,000;BR-290/RS;Leste;Queda de ribanceira;1;0;0;0;0;0;0;0;0;0;0;1;0;0;0
03/09/2020;08:44:30;38;Acidente sem VITIMA;37,000;BR-290/RS;Leste;Queda de ribanceira;1;0;0;0;0;0;0;0;0;0;1;0;0;0;0
03/09/2020;12:32:52;85;Acidente sem VITIMA;2,000;BR-290/RS;Leste;Queda de ribanceira;1;0;0;0;0;0;0;0;0;0;1;0;0;0;0
03/09/2020;13:35:40;95;Acidente sem VITIMA;79,000;BR-101/RS;Norte;Queda de ribanceira;1;0;0;0;0;0;0;0;0;0;1;0;0;0;0
03/09/2020;14:03:44;102;Acidente sem VITIMA;77,000;BR-290/RS;Oeste;;0;0;1;0;0;0;0;0;0;0;1;0;0;0;0
03/09/2020;16:15:04;122;Acidente com VITIMA;38,000;BR-101/RS;Sul;Queda de ribanceira;1;0;0;0;0;0;0;0;0;0;1;0;1;0;0
03/09/2020;18:22:17;143;Acidente sem VITIMA;418,000;BR-386/RS;Sul;Queda de ribanceira;2;0;0;0;0;0;0;0;0;0;1;0;0;0;0
03/09/2020;18:49:51;146;Acidente sem VITIMA;293,000;BR-386/RS;Sul;Colisão - Frontal;3;0;0;0;0;0;0;0;0;0;8;0;0;0;0
03/09/2020;18:57:52;147;Acidente sem VITIMA;12,000;BR-290/RS;Leste;Saída de pista;1;0;0;0;0;0;0;0;0;0;1;0;0;0;0
04/09/2020;07:06:27;205;Acidente sem VITIMA;272,000;BR-386/RS;Norte;Tombamento;0;0;0;0;0;0;0;1;0;0;1;0;0;0;0
04/09/2020;07:15:36;207;Acidente com VITIMA;92,000;BR-290/RS;Oeste;Queda de moto;0;0;0;1;0;0;0;0;0;0;0;1;0;0;0
04/09/2020;07:27:58;212;Acidente sem VITIMA;422,000;BR-386/RS;Sul;Capotamento;1;0;0;0;0;0;0;0;0;0;1;0;0;0;0
04/09/2020;13:25:18;304;Acidente sem VITIMA;41,000;BR-290/RS;Oeste;Queda de ribanceira;1;0;0;0;0;0;0;0;0;0;3;0;0;0;0
04/09/2020;19:56:40;391;Acidente com VITIMA;269,000;BR-386/RS;Sul;Colisão - Traseira;1;0;1;0;0;0;0;0;0;0;2;2;0;0;0
05/09/2020;01:06:19;6;Acidente sem VITIMA;347,000;BR-386/RS;Norte;Queda de ribanceira;1;0;0;0;0;0;0;0;0;0;2;0;0;0;0
05/09/2020;01:46:23;10;Acidente sem VITIMA;84,000;BR-290/RS;Oeste;Queda de ribanceira;1;0;0;0;0;0;0;0;0;0;1;0;0;0;0
05/09/2020;07:40:32;40;Acidente com VITIMA;76,000;BR-290/RS;Leste;Choque Barreira;1;0;0;0;0;0;0;0;0;0;0;1;0;0;0
05/09/2020;07:49:31;44;Acidente sem VITIMA;96,000;BR-290/RS;Oeste;Choque Barreira;1;0;0;0;0;0;0;0;0;0;1;0;0;0;0
05/09/2020;08:07:31;45;Acidente sem VITIMA;276,000;BR-386/RS;Norte;Colisão - Traseira;2;0;0;0;0;0;0;0;0;0;5;0;0;0;0
05/09/2020;08:09:54;46;Acidente sem VITIMA;17,000;BR-448/RS;Norte;Capotamento;1;0;0;0;0;0;0;0;0;0;1;0;0;0;0
05/09/2020;08:44:52;51;Acidente sem VITIMA;4,000;BR-290/RS;Oeste;Queda de ribanceira;1;0;0;0;0;0;0;0;0;0;1;0;0;0;0
05/09/2020;09:43:32;69;Acidente sem VITIMA;343,050;BR-386/RS;Sul;Saída de pista;1;0;0;0;0;0;0;0;0;0;1;0;0;0;0
05/09/2020;10:42:21;78;Acidente sem VITIMA;94,000;BR-290/RS;Leste;Choque Barreira;1;0;0;0;0;0;0;0;0;0;1;0;0;0;0
05/09/2020;19:52:59;169;Acidente sem VITIMA;33,000;BR-290/RS;Leste;Queda de ribanceira;0;0;0;0;0;0;0;1;0;0;1;0;0;0;0
05/09/2020;20:24:15;173;Acidente sem VITIMA;346,000;BR-386/RS;Norte;Queda de ribanceira;1;0;0;0;0;0;0;0;0;0;1;0;0;0;0
05/09/2020;21:43:13;184;Acidente sem VITIMA;247,000;BR-386/RS;Norte;Capotamento;1;0;0;0;0;0;0;0;0;0;1;0;0;0;0
06/09/2020;00:34:18;2;Acidente sem VITIMA;63,000;BR-101/RS;Sul;Queda de ribanceira;0;0;0;0;0;0;0;0;0;1;1;0;0;0;0
06/09/2020;07:06:19;20;Acidente sem VITIMA;260,000;BR-386/RS;Norte;Saída de pista;1;0;0;0;0;0;0;0;0;0;3;0;0;0;0
06/09/2020;07:16:32;21;Acidente sem VITIMA;76,000;BR-101/RS;Norte;Saída de pista;1;0;0;0;0;0;0;0;0;0;1;0;0;0;0
06/09/2020;07:38:20;22;Acidente sem VITIMA;96,000;BR-290/RS;Leste;Choque Barreira;1;0;0;0;0;0;0;0;0;0;1;0;0;0;0
06/09/2020;09:24:15;33;Acidente sem VITIMA;236,000;BR-386/RS;Norte;Queda de ribanceira;1;0;0;0;0;0;0;0;0;0;2;0;0;0;0
06/09/2020;09:26:45;34;Acidente com VITIMA FATAL;261,000;BR-386/RS;Sul;Colisão - Lateral;2;0;0;0;0;0;0;0;0;0;0;0;2;3;1
06/09/2020;10:41:46;45;Acidente sem VITIMA;4,000;BR-101/RS;Sul;Queda de ribanceira;1;0;0;0;0;0;0;0;0;0;2;0;0;0;0
06/09/2020;11:03:08;49;Acidente com VITIMA;57,000;BR-290/RS;Leste;Colisão - Lateral;2;0;0;0;0;0;0;0;0;0;0;2;1;0;0
06/09/2020;13:44:21;65;Acidente com VITIMA;265,000;BR-386/RS;Sul;Colisão - Traseira;3;0;0;0;0;0;0;0;0;0;6;1;0;0;0
06/09/2020;14:06:58;68;Acidente sem VITIMA;401,000;BR-386/RS;Norte;Queda de ribanceira;1;0;0;0;0;0;0;0;0;0;2;0;0;0;0
06/09/2020;15:28:01;73;Acidente sem VITIMA;10,000;BR-448/RS;Norte;Queda de ribanceira;1;0;0;0;0;0;0;0;0;0;2;0;0;0;0
06/09/2020;18:24:51;87;Acidente sem VITIMA;60,000;BR-290/RS;Leste;Colisão - Traseira;1;0;1;0;0;0;0;0;0;0;2;0;0;0;0
06/09/2020;18:58:12;94;Acidente com VITIMA;214,000;BR-386/RS;Norte;Colisão - Traseira;2;0;0;0;0;0;0;0;0;0;3;1;0;0;0
06/09/2020;20:18:56;103;Acidente sem VITIMA;19,000;BR-290/RS;Oeste;Colisão - Traseira;2;0;0;0;0;0;0;0;0;0;7;0;0;0;0
06/09/2020;22:20:05;114;Acidente sem VITIMA;85,000;BR-290/RS;Oeste;Queda de ribanceira;1;0;0;0;0;0;0;0;0;0;1;0;0;0;0
06/09/2020;23:05:37;123;Acidente sem VITIMA;10,000;BR-448/RS;Norte;Queda de ribanceira;1;0;0;0;0;0;0;0;0;0;1;0;0;0;0
06/09/2020;23:28:34;124;Acidente sem VITIMA;10,000;BR-448/RS;Sul;Queda de ribanceira;1;0;0;0;0;0;0;0;0;0;1;0;0;0;0
07/09/2020;09:00:38;21;Acidente sem VITIMA;78,000;BR-101/RS;Norte;Queda de ribanceira;1;0;0;0;0;0;0;0;0;0;2;0;0;0;0
07/09/2020;09:28:02;25;Acidente sem VITIMA;417,000;BR-386/RS;Sul;Queda de ribanceira;1;0;0;0;0;0;0;0;0;0;1;0;0;0;0
07/09/2020;10:06:00;29;Acidente sem VITIMA;28,000;BR-101/RS;Norte;Queda de ribanceira;1;0;0;0;0;0;0;0;0;0;2;0;0;0;0
07/09/2020;10:36:28;31;Acidente sem VITIMA;316,000;BR-386/RS;Norte;Colisão - Traseira;2;0;0;0;0;0;0;0;0;0;6;0;0;0;0
07/09/2020;10:40:39;33;Acidente sem VITIMA;11,000;BR-290/RS;Oeste;Queda de ribanceira;1;0;0;0;0;0;0;0;0;0;3;0;0;0;0
07/09/2020;12:09:16;55;Acidente sem VITIMA;351,000;BR-386/RS;Norte;Queda de ribanceira;1;0;0;0;0;0;0;0;0;0;4;0;0;0;0
07/09/2020;12:24:16;59;Acidente com VITIMA;48,000;BR-290/RS;Oeste;Queda de ribanceira;1;0;0;0;0;0;0;0;0;0;2;1;0;0;0
07/09/2020;13:43:00;73;Acidente sem VITIMA;17,000;BR-290/RS;Oeste;Queda de ribanceira;1;0;0;0;0;0;0;0;0;0;2;0;0;0;0
07/09/2020;14:18:35;84;Acidente com VITIMA;205,000;BR-386/RS;Norte;Engavetamento;3;0;0;0;0;0;0;0;0;0;5;0;2;0;0
07/09/2020;14:25:23;86;Acidente com VITIMA;8,000;BR-290/RS;Leste;Queda de ribanceira;1;0;0;0;0;0;0;0;0;0;0;0;1;0;0
07/09/2020;15:33:22;104;Acidente sem VITIMA;74,000;BR-101/RS;Sul;Engavetamento;3;0;0;1;0;0;0;0;0;0;9;0;0;0;0
07/09/2020;17:31:47;141;Acidente sem VITIMA;79,000;BR-290/RS;Oeste;Queda de ribanceira;1;0;0;0;0;0;0;0;0;0;3;0;0;0;0
07/09/2020;17:47:21;149;Acidente sem VITIMA;97,100;BR-290/RS;Leste;Colisão - Traseira;2;0;0;0;0;0;0;0;0;0;4;0;0;0;0
07/09/2020;19:09:51;171;Acidente sem VITIMA;265,000;BR-386/RS;Sul;Colisão - Traseira;2;0;0;0;0;0;0;0;0;0;2;0;0;0;0
07/09/2020;20:26:15;194;Acidente sem VITIMA;428,000;BR-386/RS;Sul;Atropelamento de Animal;1;0;0;0;0;0;0;0;0;0;3;0;0;0;0
08/09/2020;01:22:09;3;Acidente com VITIMA;5,000;BR-290/RS;Leste;Capotamento;1;0;0;0;0;0;0;0;0;0;2;0;2;0;0
08/09/2020;06:17:59;8;Acidente sem VITIMA;6,000;BR-290/RS;Oeste;Capotamento;1;0;0;0;0;0;0;0;0;0;1;0;0;0;0
08/09/2020;07:08:16;18;Acidente sem VITIMA;7,000;BR-290/RS;Oeste;Queda de ribanceira;1;0;0;0;0;0;0;0;0;0;1;0;0;0;0
08/09/2020;08:47:59;50;Acidente sem VITIMA;94,000;BR-290/RS;Oeste;Choque Barreira;1;0;0;0;0;0;0;0;0;0;1;0;0;0;0
08/09/2020;09:39:01;65;Acidente sem VITIMA;22,000;BR-448/RS;Norte;Choque Barreira;1;0;0;0;0;0;0;0;0;0;1;0;0;0;0
08/09/2020;13:56:33;127;Acidente sem VITIMA;27,000;BR-101/RS;Sul;Engavetamento;3;0;0;0;0;0;0;0;0;0;12;0;0;0;0
08/09/2020;14:06:06;128;Acidente sem VITIMA;1,000;BR-448/RS;Norte;Colisão - Traseira;2;0;0;0;0;0;0;0;0;0;3;0;0;0;0
08/09/2020;14:53:28;142;Acidente sem VITIMA;62,000;BR-101/RS;Norte;Queda de ribanceira;1;0;0;0;0;0;0;0;0;0;1;0;0;0;0
08/09/2020;16:10:19;167;Acidente sem VITIMA;92,000;BR-290/RS;Leste;Colisão - Lateral;2;0;0;0;0;0;0;0;0;0;4;0;0;0;0
08/09/2020;16:18:49;168;Acidente sem VITIMA;78,380;BR-290/RS;Oeste;;1;0;0;0;0;0;0;0;0;0;1;0;0;0;0
08/09/2020;18:45:55;187;Acidente sem VITIMA;272,000;BR-386/RS;Sul;Queda de ribanceira;0;0;0;0;0;0;0;0;0;1;1;0;0;0;0
08/09/2020;22:58:48;225;Acidente sem VITIMA;290,000;BR-386/RS;Sul;Queda de ribanceira;0;0;0;0;0;0;0;0;0;1;1;0;0;0;0
09/09/2020;00:52:16;6;Acidente sem VITIMA;85,000;BR-101/RS;Sul;Choque com objeto sobre a pista;1;0;0;0;0;0;0;0;0;1;5;0;0;0;0
09/09/2020;16:46:39;193;Acidente sem VITIMA;321,000;BR-386/RS;Norte;Colisão - Traseira;2;0;0;0;0;0;0;0;0;0;3;0;0;0;0
09/09/2020;18:17:31;210;Acidente com VITIMA;391,000;BR-386/RS;Norte;Colisão - Transversal;2;0;0;0;0;0;0;0;0;0;0;0;2;0;0
09/09/2020;20:58:15;236;Acidente com VITIMA;4,000;BR-448/RS;Norte;Colisão - Lateral;2;0;0;0;0;0;0;0;0;0;1;1;0;0;0
10/09/2020;01:26:02;7;Acidente sem VITIMA;399,000;BR-386/RS;Norte;Queda de ribanceira;1;0;0;0;0;0;0;0;0;0;3;0;0;0;0