data;horario;n_da_ocorrencia;tipo_de_ocorrencia;km;trecho;sentido;tipo_de_acidente;automovel;bicicleta;caminhao;moto;onibus;outros;tracao_animal;transporte_de_cargas_especiais;trator_maquinas;utilitarios;ilesos;levemente_feridos;moderadamente_feridos;gravemente_feridos;mortos
10/09/2020;05:07:43;16;Acidente sem VITIMA;26,000;BR-290/RS;Leste;Queda de ribanceira;1;0;0;0;0;0;0;0;0;0;4;0;0;0;0
10/09/2020;06:43:45;20;Acidente sem VITIMA;14,000;BR-290/RS;Leste;Tombamento;0;0;1;0;0;0;0;0;0;1;4;0;0;0;0
10/09/2020;06:54:24;21;Acidente sem VITIMA;91,000;BR-290/RS;Oeste;Colisão - Lateral;1;0;1;0;0;0;0;0;0;0;2;0;0;0;0
10/09/2020;07:35:33;33;Acidente sem VITIMA;19,000;BR-101/RS;Sul;Colisão - Lateral;2;0;0;0;0;0;0;0;0;0;2;0;0;0;0
10/09/2020;08:23:29;52;Acidente com VITIMA;307,000;BR-386/RS;Norte;Choque Talude;1;0;0;0;0;0;0;0;0;0;0;2;0;0;0
10/09/2020;18:53:21;211;Acidente com VITIMA;342,000;BR-386/RS;Norte;Colisão - Lateral;1;0;0;1;0;0;0;0;0;0;1;0;1;0;0
11/09/2020;00:04:27;2;Acidente sem VITIMA;14,000;BR-290/RS;Leste;Atropelamento de Animal;1;0;0;0;0;0;0;0;0;0;2;0;0;0;0
11/09/2020;18:37:13;222;Atropelamento;92,000;BR-290/RS;Leste;Atropelamento - Usuário;1;0;0;0;0;1;0;0;0;0;1;1;0;0;0
11/09/2020;20:08:47;244;Acidente sem VITIMA;305,000;BR-386/RS;Sul;Choque Defensa;1;0;0;0;0;0;0;0;0;0;1;0;0;0;0
11/09/2020;22:59:39;266;Acidente sem VITIMA;46,000;BR-290/RS;Leste;Saída de pista;1;0;0;0;0;0;0;0;0;0;1;0;0;0;0
11/09/2020;23:05:04;269;Acidente com VITIMA;15,000;BR-101/RS;Sul;Colisão - Lateral;2;0;0;0;0;0;0;0;0;0;6;1;1;0;0
12/09/2020;02:11:22;9;Acidente sem VITIMA;291,000;BR-386/RS;Norte;Saída de pista;1;0;0;0;0;0;0;0;0;0;1;0;0;0;0
12/09/2020;14:42:14;114;Acidente sem VITIMA;35,250;BR-101/RS;Norte;Colisão - Traseira;1;0;1;0;0;0;0;0;0;0;2;0;0;0;0
12/09/2020;16:40:19;130;Acidente com VITIMA;307,000;BR-386/RS;Sul;Queda de ribanceira;1;0;0;0;0;0;0;0;0;0;3;1;0;0;0
12/09/2020;19:06:21;149;Acidente sem VITIMA;86,000;BR-290/RS;Leste;Queda de ribanceira;1;0;0;0;0;0;0;0;0;0;1;0;0;0;0
12/09/2020;20:06:55;160;Acidente sem VITIMA;374,000;BR-386/RS;Norte;Saída de pista;1;0;0;0;0;0;0;0;0;0;3;0;0;0;0
12/09/2020;21:48:59;171;Acidente com VITIMA;83,000;BR-101/RS;Norte;Choque - Meio Fio;1;0;0;0;0;0;0;0;0;0;3;1;0;0;0
12/09/2020;22:04:13;175;Acidente sem VITIMA;394,000;BR-386/RS;Norte;Saída de pista;1;0;0;0;0;0;0;0;0;0;2;0;0;0;0
12/09/2020;22:20:22;176;Acidente com VITIMA;435,000;BR-386/RS;Norte;Colisão - Lateral;1;0;0;1;0;0;0;0;0;0;1;1;0;0;0
12/09/2020;22:36:39;178;Acidente sem VITIMA;88,000;BR-290/RS;Oeste;Saída de pista;1;0;0;0;0;0;0;0;0;0;1;0;0;0;0
12/09/2020;22:50:28;179;Acidente sem VITIMA;88,000;BR-290/RS;Oeste;Colisão - Transversal;2;0;0;0;0;0;0;0;0;0;3;0;0;0;0
13/09/2020;02:47:58;10;Acidente sem VITIMA;62,000;BR-101/RS;Norte;Choque Defensa;1;0;0;0;0;0;0;0;0;0;1;0;0;0;0
13/09/2020;05:00:14;18;Acidente sem VITIMA;81,000;BR-290/RS;Oeste;Atropelamento de Animal;1;0;0;0;0;0;0;0;0;0;1;0;0;0;0
13/09/2020;05:45:02;20;Acidente sem VITIMA;412,000;BR-386/RS;Ambos;Queda de ribanceira;1;0;0;0;0;0;0;0;0;0;1;0;0;0;0
13/09/2020;16:41:26;84;Acidente sem VITIMA;75,000;BR-290/RS;Leste;Choque Defensa;1;0;0;0;0;0;0;0;0;0;1;0;0;0;0
13/09/2020;19:29:20;115;Acidente sem VITIMA;252,000;BR-386/RS;Sul;Saída de pista;0;0;1;0;0;0;0;0;0;0;1;0;0;0;0
13/09/2020;19:53:56;117;Atropelamento Fatal;33,000;BR-101/RS;Sul;Atropelamento - Morador/Trabalhador/Estudante;1;0;0;0;0;0;0;0;0;0;4;0;0;0;1
13/09/2020;20:13:15;122;Acidente sem VITIMA;269,000;BR-386/RS;Norte;Queda de ribanceira;1;0;0;0;0;0;0;0;0;0;1;0;0;0;0
13/09/2020;22:00:59;141;Acidente sem VITIMA;9,000;BR-448/RS;Sul;Saída de pista;0;0;0;0;0;0;0;0;0;1;2;0;0;0;0
14/09/2020;00:21:36;4;Acidente sem VITIMA;358,000;BR-386/RS;Sul;Queda de ribanceira;1;0;0;0;0;0;0;0;0;0;2;0;0;0;0
14/09/2020;09:09:36;50;Acidente sem VITIMA;414,000;BR-386/RS;Sul;Saída de pista;1;0;0;0;0;0;0;0;0;0;1;0;0;0;0
14/09/2020;23:21:58;176;Acidente sem VITIMA;52,000;BR-290/RS;Oeste;Queda de ribanceira;1;0;0;0;0;0;0;0;0;0;1;0;0;0;0
15/09/2020;01:14:36;6;Acidente sem VITIMA;376,000;BR-386/RS;Sul;Atropelamento de Animal;1;0;0;0;0;0;0;0;0;0;2;0;0;0;0
15/09/2020;03:51:23;13;Acidente sem VITIMA;82,000;BR-290/RS;Leste;Atropelamento de Animal;1;0;0;0;0;0;0;0;0;0;1;0;0;0;0
15/09/2020;07:11:09;23;Acidente sem VITIMA;307,000;BR-386/RS;Norte;Tombamento;0;0;0;0;0;0;0;1;0;0;1;0;0;0;0
15/09/2020;09:52:42;77;Acidente sem VITIMA;440,000;BR-386/RS;Norte;Colisão - Lateral;1;0;0;0;0;0;0;1;0;0;2;0;0;0;0
15/09/2020;14:00:25;123;Acidente com VITIMA;31,000;BR-290/RS;Oeste;Colisão - Transversal;2;0;0;0;0;0;0;0;0;0;1;2;0;0;0
15/09/2020;20:05:52;177;Acidente sem VITIMA;440,000;BR-386/RS;Norte;Queda de ribanceira;1;0;0;0;0;0;0;0;0;0;1;0;0;0;0
15/09/2020;20:28:30;179;Acidente sem VITIMA;356,000;BR-386/RS;Norte;Saída de pista;1;0;0;0;0;0;0;0;0;0;1;0;0;0;0
15/09/2020;21:59:09;194;Acidente sem VITIMA;37,000;BR-101/RS;Norte;Choque Barreira;1;0;0;0;0;0;0;0;0;0;4;0;0;0;0
15/09/2020;23:38:08;202;Acidente sem VITIMA;76,000;BR-290/RS;Oeste;Choque Defensa;1;0;0;0;0;0;0;0;0;0;2;0;0;0;0
16/09/2020;00:43:35;2;Acidente sem VITIMA;80,000;BR-290/RS;Leste;Choque Barreira;1;0;0;0;0;0;0;0;0;0;1;0;0;0;0
16/09/2020;07:33:51;20;Acidente sem VITIMA;205,000;BR-386/RS;Norte;Queda de ribanceira;1;0;0;0;0;0;0;0;0;0;1;0;0;0;0
16/09/2020;07:38:32;22;Acidente com VITIMA;97,000;BR-290/RS;Oeste;Colisão - Lateral;2;0;0;1;0;0;0;0;0;0;4;0;1;0;0
16/09/2020;11:46:12;60;Acidente sem VITIMA;396,000;BR-386/RS;Norte;Queda de ribanceira;1;0;0;0;0;0;0;0;0;0;2;0;0;0;0
16/09/2020;11:55:39;62;Acidente sem VITIMA;16,000;BR-448/RS;Norte;Choque Defensa;1;0;0;0;0;0;0;0;0;0;1;0;0;0;0
16/09/2020;13:35:23;80;Acidente sem VITIMA;1,000;BR-290/RS;Leste;Queda de ribanceira;1;0;0;0;0;0;0;0;0;0;2;0;0;0;0
16/09/2020;14:15:18;86;Acidente sem VITIMA;181,000;BR-386/RS;Norte;Colisão - Traseira;2;0;0;0;0;0;0;0;0;0;2;0;0;0;0
16/09/2020;14:26:27;89;Acidente sem VITIMA;401,000;BR-386/RS;Norte;Queda de ribanceira;1;0;0;0;0;0;0;0;0;0;1;0;0;0;0
16/09/2020;14:45:46;92;Acidente sem VITIMA;405,000;BR-386/RS;Norte;Queda de ribanceira;1;0;0;0;0;0;0;0;0;0;1;0;0;0;0
16/09/2020;15:10:30;97;Acidente com VITIMA;432,000;BR-386/RS;Sul;Colisão - Traseira;0;0;2;0;0;0;0;0;0;1;3;1;0;0;0
16/09/2020;15:21:12;98;Acidente sem VITIMA;38,000;BR-290/RS;Leste;Queda de ribanceira;1;0;0;0;0;0;0;0;0;0;1;0;0;0;0
16/09/2020;16:35:43;106;Acidente sem VITIMA;440,000;BR-386/RS;Norte;Queda de ribanceira;1;0;0;0;0;0;0;0;0;0;1;0;0;0;0
16/09/2020;16:40:32;107;Acidente sem VITIMA;304,000;BR-386/RS;Norte;Queda de ribanceira;1;0;0;0;0;0;0;0;0;0;3;0;0;0;0
16/09/2020;21:12:06;143;Acidente sem VITIMA;290,000;BR-386/RS;Sul;Colisão - Frontal;1;0;0;0;0;0;0;1;0;1;4;0;0;0;0
17/09/2020;05:46:34;35;Acidente sem VITIMA;57,000;BR-290/RS;Oeste;Queda de ribanceira;0;0;1;0;0;0;0;0;0;0;1;0;0;0;0
17/09/2020;08:26:09;75;Acidente sem VITIMA;77,000;BR-290/RS;Leste;Choque Praça - Cabine;0;0;0;0;0;0;0;1;0;0;1;0;0;0;0
17/09/2020;19:35:16;232;Acidente com VITIMA;344,000;BR-386/RS;Norte;Colisão - Lateral;1;0;0;1;0;0;0;0;0;0;0;2;0;0;0
17/09/2020;20:40:31;245;Acidente sem VITIMA;75,000;BR-290/RS;Oeste;Tombamento;0;0;1;0;0;0;0;0;0;0;2;0;0;0;0
18/09/2020;08:03:17;42;Acidente sem VITIMA;87,000;BR-290/RS;Oeste;Colisão - Traseira;2;0;0;0;0;0;0;0;0;0;2;0;0;0;0
18/09/2020;08:21:48;51;Acidente sem VITIMA;89,000;BR-290/RS;Oeste;Colisão - Lateral;1;0;1;0;0;0;0;0;0;0;2;0;0;0;0
18/09/2020;12:32:21;112;Acidente sem VITIMA;93,000;BR-290/RS;Leste;Choque com objeto sobre a pista;1;0;1;0;0;0;0;0;0;0;2;0;0;0;0
18/09/2020;12:41:41;115;Acidente sem VITIMA;44,000;BR-290/RS;Leste;Queda de ribanceira;1;0;0;0;0;0;0;0;0;0;5;0;0;0;0
18/09/2020;13:18:00;127;Acidente com VITIMA;43,000;BR-290/RS;Oeste;Queda de ribanceira;1;0;0;0;0;0;0;0;0;0;0;1;0;0;0
18/09/2020;15:10:27;151;Acidente sem VITIMA;418,000;BR-386/RS;Norte;Queda de ribanceira;1;0;0;0;0;0;0;0;0;0;2;0;0;0;0
18/09/2020;17:26:09;199;Acidente sem VITIMA;89,000;BR-290/RS;Leste;Colisão - Lateral;1;0;1;0;0;0;0;0;0;0;2;0;0;0;0
18/09/2020;18:32:10;218;Acidente com VITIMA FATAL;356,000;BR-386/RS;Norte;Queda de ribanceira;1;0;0;0;0;0;0;0;0;0;0;0;0;0;1
18/09/2020;21:12:19;259;Acidente sem VITIMA;446,000;BR-386/RS;Sul;Queda de ribanceira;1;0;0;0;0;0;0;0;0;0;1;0;0;0;0
18/09/2020;21:22:31;264;Acidente sem VITIMA;85,000;BR-290/RS;Oeste;Atropelamento de Animal;1;0;0;0;0;0;0;0;0;0;1;0;0;0;0
18/09/2020;22:58:30;278;Acidente sem VITIMA;41,000;BR-290/RS;Leste;;1;0;0;0;0;0;0;0;0;0;1;0;0;0;0
19/09/2020;02:03:53;9;Acidente sem VITIMA;436,000;BR-386/RS;Sul;Colisão - Traseira;1;0;0;0;0;0;0;0;0;1;2;0;0;0;0
19/09/2020;08:39:03;50;Acidente sem VITIMA;58,000;BR-290/RS;Leste;Choque com objeto sobre a pista;3;0;0;0;0;0;0;0;0;0;4;0;0;0;0
19/09/2020;09:38:39;71;Acidente com VITIMA;252,000;BR-386/RS;Norte;Capotamento;1;0;0;0;0;0;0;0;0;0;3;1;1;0;0
19/09/2020;09:59:28;81;Acidente sem VITIMA;60,000;BR-290/RS;Leste;Colisão - Traseira;0;0;1;0;0;0;0;1;0;0;3;0;0;0;0
19/09/2020;10:50:25;90;Acidente sem VITIMA;271,000;BR-386/RS;Sul;Colisão - Traseira;0;0;0;0;0;0;0;1;0;1;3;0;0;0;0
19/09/2020;12:04:28;112;Acidente sem VITIMA;333,000;BR-386/RS;Norte;Colisão - Frontal;2;0;0;0;0;0;0;0;0;0;6;0;0;0;0
19/09/2020;21:14:34;199;Acidente sem VITIMA;371,000;BR-386/RS;Sul;Atropelamento de Animal;1;0;0;0;0;0;0;0;0;0;5;0;0;0;0
20/09/2020;06:34:25;18;Acidente sem VITIMA;10,000;BR-448/RS;Norte;Choque Defensa;1;0;0;0;0;0;0;0;0;0;1;0;0;0;0
20/09/2020;14:44:19;96;Acidente sem VITIMA;19,000;BR-290/RS;Oeste;Choque Praça - Cabine;0;0;0;0;0;0;0;1;0;0;1;0;0;0;0
20/09/2020;18:37:40;139;Acidente sem VITIMA;97,000;BR-290/RS;Oeste;Colisão - Lateral;1;0;0;1;0;0;0;0;0;0;4;0;0;0;0
20/09/2020;19:23:01;146;Acidente sem VITIMA;35,000;BR-290/RS;Leste;Queda de ribanceira;1;0;0;0;0;0;0;0;0;0;1;0;0;0;0
20/09/2020;21:36:18;160;Acidente sem VITIMA;68,000;BR-290/RS;Oeste;Queda de ribanceira;1;0;0;0;0;0;0;0;0;0;1;0;0;0;0
20/09/2020;22:44:40;161;Acidente sem VITIMA;68,000;BR-290/RS;Oeste;Queda de ribanceira;1;0;0;0;0;0;0;0;0;0;4;0;0;0;0
21/09/2020;11:08:39;104;Acidente sem VITIMA;92,000;BR-290/RS;Leste;Outros;0;0;0;1;0;0;0;2;0;0;4;0;0;0;0
21/09/2020;11:27:41;112;Acidente sem VITIMA;295,000;BR-386/RS;Norte;Colisão - Transversal;2;0;0;0;0;0;0;0;0;0;7;0;0;0;0
21/09/2020;11:33:45;113;Acidente com VITIMA;95,000;BR-290/RS;Leste;;0;0;0;1;0;0;0;0;0;0;0;0;1;0;0
21/09/2020;11:58:31;117;Acidente com VITIMA;351,000;BR-386/RS;Sul;Choque com veículo na faixa de rolamento;1;0;0;0;0;0;0;0;0;1;1;0;1;0;0
21/09/2020;13:26:24;134;Acidente sem VITIMA;437,000;BR-386/RS;Sul;Choque Barreira;0;0;0;0;0;1;0;0;0;1;3;0;0;0;0
21/09/2020;19:09:39;195;Acidente sem VITIMA;444,000;BR-386/RS;Norte;Engavetamento;2;0;0;0;0;0;0;0;0;1;2;0;0;0;0
22/09/2020;06:26:38;17;Acidente sem VITIMA;36,000;BR-290/RS;Leste;Queda de ribanceira;0;0;1;0;0;0;0;0;0;0;2;0;0;0;0
22/09/2020;11:10:29;99;Acidente sem VITIMA;9,000;BR-448/RS;Sul;Choque Defensa;1;0;0;0;0;0;0;0;0;0;3;0;0;0;0
22/09/2020;11:16:59;101;Acidente sem VITIMA;389,000;BR-386/RS;Sul;Colisão - Traseira;1;0;0;1;0;0;0;0;0;0;2;0;0;0;0
22/09/2020;15:36:30;151;Acidente com VITIMA;23,270;BR-290/RS;Leste;Colisão - Traseira;2;0;0;0;0;0;0;0;0;0;4;0;1;0;0
22/09/2020;17:30:59;177;Acidente sem VITIMA;238,000;BR-386/RS;Norte;Queda de ribanceira;1;0;0;0;0;0;0;0;0;0;1;0;0;0;0
22/09/2020;21:00:25;202;Acidente sem VITIMA;84,000;BR-101/RS;Norte;Colisão - Traseira;1;0;0;0;0;0;0;0;0;0;3;0;0;0;0
22/09/2020;22:31:39;215;Acidente com VITIMA;435,000;BR-386/RS;Sul;Colisão - Traseira;2;0;0;0;0;0;0;0;0;0;2;0;1;0;0
23/09/2020;05:31:44;12;Acidente com VITIMA;23,000;BR-290/RS;Oeste;Tombamento;0;0;0;0;0;0;0;1;0;0;0;1;0;0;0
23/09/2020;08:01:29;40;Acidente com VITIMA;76,000;BR-290/RS;Oeste;Colisão - Lateral;1;0;0;1;0;0;0;0;0;0;1;1;0;0;0
23/09/2020;17:08:59;187;Acidente sem VITIMA;77,000;BR-290/RS;Oeste;Choque Praça - Cabine;0;0;2;0;0;0;0;0;0;0;2;0;0;0;0
23/09/2020;17:17:58;189;Acidente sem VITIMA;346,000;BR-386/RS;Sul;Colisão - Traseira;1;0;0;0;0;0;0;1;0;0;3;0;0;0;0
23/09/2020;19:36:48;211;Acidente com VITIMA;347,000;BR-386/RS;Norte;Capotamento;1;0;0;0;0;0;0;0;0;0;0;0;1;0;0
24/09/2020;07:09:22;22;Acidente sem VITIMA;87,000;BR-290/RS;Leste;Queda de moto;0;0;0;1;0;0;0;0;0;0;1;0;0;0;0
24/09/2020;10:28:18;97;Acidente sem VITIMA;31,000;BR-101/RS;Sul;Choque - Caixa de Captação/Fibra;0;0;0;0;0;0;0;0;0;1;1;0;0;0;0
24/09/2020;10:29:56;98;Acidente sem VITIMA;92,000;BR-290/RS;Oeste;Queda de moto;0;0;0;1;0;0;0;0;0;0;1;0;0;0;0
24/09/2020;22:29:06;226;Acidente com VITIMA;38,540;BR-290/RS;Leste;Atropelamento - Funcionário;1;0;0;0;0;0;0;0;0;1;1;0;1;0;0
25/09/2020;07:42:04;31;Acidente com VITIMA;23,000;BR-290/RS;Oeste;Colisão - Lateral;0;0;1;0;0;0;0;1;0;0;1;2;0;0;0
25/09/2020;12:07:07;113;Acidente sem VITIMA;71,000;BR-290/RS;Oeste;Outros;1;0;0;0;0;0;0;0;0;0;1;0;0;0;0
25/09/2020;12:38:46;119;Acidente sem VITIMA;60,000;BR-290/RS;Leste;Colisão - Traseira;2;0;0;0;0;0;0;0;0;0;2;0;0;0;0
25/09/2020;14:19:42;140;Acidente com VITIMA;433,000;BR-386/RS;Norte;Colisão - Traseira;1;0;1;0;0;0;0;0;0;0;2;2;0;0;0
25/09/2020;14:36:20;144;Acidente sem VITIMA;215,000;BR-386/RS;Sul;Colisão - Lateral;2;0;0;0;0;0;0;0;0;0;4;0;0;0;0
25/09/2020;19:18:34;221;Acidente sem VITIMA;97,500;BR-290/RS;Oeste;Colisão - Traseira;2;0;0;0;0;0;0;0;0;0;3;0;0;0;0
26/09/2020;04:54:13;24;Acidente sem VITIMA;3,000;BR-290/RS;Oeste;Queda de ribanceira;1;0;0;0;0;0;0;0;0;0;1;0;0;0;0
26/09/2020;11:51:40;115;Acidente sem VITIMA;16,000;BR-101/RS;Norte;Colisão - Lateral;1;0;0;0;0;0;0;1;0;0;3;0;0;0;0
26/09/2020;16:44:58;188;Acidente sem VITIMA;19,000;BR-290/RS;Leste;Colisão - Traseira;2;0;0;0;0;0;0;0;0;0;2;0;0;0;0
26/09/2020;17:42:26;195;Acidente sem VITIMA;12,000;BR-290/RS;Leste;Tombamento;0;0;0;0;0;0;0;0;0;1;2;0;0;0;0
26/09/2020;18:23:50;201;Acidente sem VITIMA;60,000;BR-290/RS;Oeste;Colisão - Traseira;2;0;0;0;0;0;0;0;0;0;2;0;0;0;0
27/09/2020;04:56:29;9;Acidente sem VITIMA;414,000;BR-386/RS;Sul;Capotamento;1;0;0;0;0;0;0;0;0;0;1;0;0;0;0
27/09/2020;11:55:21;50;Acidente sem VITIMA;72,000;BR-290/RS;Oeste;Queda de ribanceira;1;0;0;0;0;0;0;0;0;0;2;0;0;0;0
27/09/2020;12:07:01;52;Acidente sem VITIMA;93,000;BR-290/RS;Oeste;Choque Defensa;1;0;0;0;0;0;0;0;0;0;1;0;0;0;0
27/09/2020;12:34:03;56;Acidente sem VITIMA;22,000;BR-448/RS;Sul;Capotamento;1;0;0;0;0;0;0;0;0;0;2;0;0;0;0
27/09/2020;12:46:01;57;Acidente sem VITIMA;94,000;BR-290/RS;Oeste;Outros;1;0;0;0;0;0;0;0;0;0;1;0;0;0;0
27/09/2020;13:33:02;64;Acidente sem VITIMA;22,000;BR-448/RS;Sul;Choque Defensa;1;0;0;0;0;0;0;0;0;0;1;0;0;0;0
27/09/2020;13:41:14;67;Acidente sem VITIMA;440,000;BR-386/RS;Norte;Queda de ribanceira;1;0;0;0;0;0;0;0;0;0;1;0;0;0;0
27/09/2020;14:23:48;77;Acidente sem VITIMA;399,000;BR-386/RS;Sul;Queda de ribanceira;1;0;0;0;0;0;0;0;0;0;1;0;0;0;0
27/09/2020;15:22:17;90;Acidente sem VITIMA;53,000;BR-101/RS;Norte;Queda de ribanceira;1;0;0;0;0;0;0;0;0;0;4;0;0;0;0
27/09/2020;18:27:26;118;Acidente sem VITIMA;19,000;BR-290/RS;Oeste;Choque Praça - Submarino;1;0;0;0;0;0;0;0;0;0;2;0;0;0;0
27/09/2020;20:52:17;149;Acidente sem VITIMA;270,000;BR-386/RS;Sul;Saída de pista;1;0;0;0;0;0;0;0;0;0;2;0;0;0;0
27/09/2020;22:50:03;158;Atropelamento;86,000;BR-290/RS;Leste;Atropelamento - Usuário;1;0;0;0;0;0;0;0;0;0;1;0;1;0;0
28/09/2020;09:29:23;70;Acidente com VITIMA;347,000;BR-386/RS;Norte;Colisão - Traseira;0;0;1;1;0;0;0;0;0;0;1;1;0;0;0
28/09/2020;11:52:26;109;Acidente com VITIMA;22,000;BR-448/RS;Sul;Tombamento;0;0;0;0;0;0;0;1;0;0;0;1;0;0;0
28/09/2020;14:27:25;136;Acidente sem VITIMA;94,000;BR-290/RS;Leste;Colisão - Lateral;1;0;0;0;0;0;0;1;0;0;5;0;0;0;0
28/09/2020;15:52:10;151;Acidente sem VITIMA;60,000;BR-290/RS;Leste;Colisão - Traseira;1;0;0;0;0;0;0;1;0;0;4;0;0;0;0
28/09/2020;17:44:03;171;Acidente sem VITIMA;345,000;BR-386/RS;Norte;Colisão - Traseira;3;0;0;0;0;0;0;0;0;0;6;0;0;0;0
28/09/2020;19:02:42;181;Acidente sem VITIMA;311,000;BR-386/RS;Sul;Colisão - Traseira;0;0;0;0;0;0;0;2;0;0;2;0;0;0;0
29/09/2020;00:53:40;2;Acidente com VITIMA;16,500;BR-101/RS;Norte;Colisão - Traseira;0;0;1;0;0;0;0;0;0;1;2;0;1;0;0
29/09/2020;07:59:41;37;Acidente sem VITIMA;342,000;BR-386/RS;Norte;Colisão - Lateral;2;0;0;0;0;0;0;0;0;0;2;0;0;0;0
29/09/2020;10:02:21;91;Acidente com VITIMA;373,000;BR-386/RS;Norte;Capotamento;1;0;0;0;0;0;0;0;0;0;0;1;0;0;0
29/09/2020;14:51:34;146;Acidente sem VITIMA;345,000;BR-386/RS;Norte;Colisão - Traseira;0;0;0;0;0;0;0;1;0;1;2;0;0;0;0
29/09/2020;16:16:58;165;Acidente sem VITIMA;426,000;BR-386/RS;Sul;Colisão - Traseira;2;0;0;0;0;0;0;0;0;0;3;0;0;0;0
29/09/2020;19:41:04;197;Acidente sem VITIMA;44,000;BR-290/RS;Leste;Choque com objeto sobre a pista;1;0;0;0;0;0;0;0;0;0;1;0;0;0;0
30/09/2020;01:16:28;4;Acidente com VITIMA;374,000;BR-386/RS;Sul;Queda de moto;0;0;0;1;0;0;0;0;0;0;0;0;1;0;0
30/09/2020;06:50:35;25;Acidente sem VITIMA;24,390;BR-290/RS;Leste;Queda de ribanceira;0;0;1;0;0;0;0;0;0;0;2;0;0;0;0
30/09/2020;08:20:50;48;Acidente sem VITIMA;360,000;BR-386/RS;Ambos;Queda de ribanceira;1;0;1;0;0;0;0;0;0;0;4;0;0;0;0
30/09/2020;08:51:06;53;Acidente sem VITIMA;355,000;BR-386/RS;Norte;Queda de ribanceira;1;0;0;0;0;0;0;0;0;0;2;0;0;0;0
30/09/2020;09:15:59;62;Acidente sem VITIMA;71,000;BR-290/RS;Leste;Choque Defensa;1;0;0;0;0;0;0;0;0;0;1;0;0;0;0
30/09/2020;09:26:45;66;Acidente sem VITIMA;94,000;BR-290/RS;Oeste;Choque Barreira;1;0;0;0;0;0;0;0;0;0;1;0;0;0;0
30/09/2020;09:29:34;69;Acidente sem VITIMA;351,000;BR-386/RS;Norte;Choque Defensa;1;0;0;0;0;0;0;0;0;0;1;0;0;0;0
30/09/2020;09:38:05;71;Acidente com VITIMA;35,000;BR-290/RS;Oeste;Queda de ribanceira;1;0;0;0;0;0;0;0;0;0;0;0;1;0;0
30/09/2020;10:16:47;75;Acidente sem VITIMA;401,000;BR-386/RS;Sul;Queda de ribanceira;1;0;0;0;0;0;0;0;0;0;2;0;0;0;0
30/09/2020;11:18:23;89;Acidente sem VITIMA;9,000;BR-448/RS;Norte;Queda de ribanceira;1;0;0;0;0;0;0;0;0;0;1;0;0;0;0
30/09/2020;11:24:03;91;Acidente sem VITIMA;92,000;BR-290/RS;Leste;Choque Defensa;1;0;0;0;0;0;0;0;0;0;1;0;0;0;0
30/09/2020;11:37:39;93;Acidente sem VITIMA;426,000;BR-386/RS;Sul;Choque Barreira;0;0;0;0;0;0;0;0;0;1;1;0;0;0;0
30/09/2020;12:02:02;97;Acidente com VITIMA;193,000;BR-386/RS;Sul;Queda de ribanceira;1;0;0;0;0;0;0;0;0;0;1;1;0;0;0
30/09/2020;12:14:07;101;Acidente sem VITIMA;84,000;BR-101/RS;Sul;Choque - Sinalização;1;0;0;0;0;0;0;0;0;0;3;0;0;0;0
30/09/2020;13:06:00;105;Acidente sem VITIMA;11,000;BR-290/RS;Ambos;Queda de ribanceira;1;0;0;0;0;0;0;0;0;0;3;0;0;0;0
30/09/2020;13:16:56;110;Acidente sem VITIMA;13,000;BR-290/RS;Oeste;Queda de ribanceira;1;0;0;0;0;0;0;0;0;0;2;0;0;0;0
01/10/2020;02:01:11;10;Acidente com VITIMA FATAL;279,000;BR-386/RS;Norte;Capotamento;1;0;0;0;0;0;0;0;0;0;0;0;0;0;1
01/10/2020;09:48:56;104;Acidente sem VITIMA;400,000;BR-386/RS;Sul;Queda de ribanceira;1;0;0;0;0;0;0;0;0;0;1;0;0;0;0
01/10/2020;10:00:53;108;Acidente sem VITIMA;62,000;BR-290/RS;Oeste;;0;0;0;0;0;0;0;1;0;0;1;0;0;0;0
01/10/2020;15:32:44;189;Acidente com VITIMA;375,000;BR-386/RS;Sul;Choque com veículo na faixa de rolamento;0;0;1;1;0;0;0;0;0;0;0;1;0;0;0
01/10/2020;15:34:03;190;Acidente sem VITIMA;92,000;BR-290/RS;Leste;;2;0;0;0;0;0;0;0;0;0;2;0;0;0;0
01/10/2020;19:25:25;229;Acidente sem VITIMA;94,000;BR-290/RS;Leste;Engavetamento;3;0;0;0;0;0;0;0;0;0;3;0;0;0;0
01/10/2020;20:59:02;244;Acidente com VITIMA;245,000;BR-386/RS;Sul;Atropelamento de Animal;0;0;0;0;0;0;0;0;0;1;0;1;0;0;0
02/10/2020;06:10:40;23;Acidente sem VITIMA;87,000;BR-290/RS;Oeste;Queda de ribanceira;1;0;0;0;0;0;0;0;0;0;2;0;0;0;0
02/10/2020;06:26:33;25;Acidente sem VITIMA;28,000;BR-290/RS;Leste;Queda de ribanceira;1;0;0;0;0;0;0;0;0;0;1;0;0;0;0
02/10/2020;08:22:24;53;Acidente sem VITIMA;37,000;BR-290/RS;Oeste;Queda de ribanceira;1;0;0;0;0;0;0;0;0;0;1;0;0;0;0
02/10/2020;11:02:25;90;Acidente sem VITIMA;243,000;BR-386/RS;Sul;Tombamento;0;0;1;0;0;0;0;0;0;0;1;0;0;0;0