data;horario;n_da_ocorrencia;tipo_de_ocorrencia;km;trecho;sentido;tipo_de_acidente;automovel;bicicleta;caminhao;moto;onibus;outros;tracao_animal;transporte_de_cargas_especiais;trator_maquinas;utilitarios;ilesos;levemente_feridos;moderadamente_feridos;gravemente_feridos;mortos
02/10/2020;12:55:38;109;Acidente sem VITIMA;335,000;BR-386/RS;Norte;Queda de ribanceira;1;0;0;0;0;0;0;0;0;0;2;0;0;0;0
02/10/2020;13:32:45;121;Acidente com VITIMA;233,000;BR-386/RS;Sul;Engavetamento;1;0;0;0;0;0;0;1;0;1;2;0;1;0;0
02/10/2020;14:06:50;130;Acidente com VITIMA;347,000;BR-386/RS;Norte;Queda de moto;0;0;0;1;0;0;0;0;0;0;0;1;0;0;0
02/10/2020;16:08:35;155;Acidente sem VITIMA;26,000;BR-290/RS;Oeste;Queda de ribanceira;1;0;0;0;0;0;0;0;0;0;1;0;0;0;0
02/10/2020;19:29:43;196;Acidente sem VITIMA;234,000;BR-386/RS;Norte;Queda de ribanceira;1;0;0;0;0;0;0;0;0;0;2;0;0;0;0
02/10/2020;20:52:27;208;Acidente sem VITIMA;29,000;BR-290/RS;Oeste;Choque com objeto sobre a pista;1;0;0;0;0;0;0;0;0;0;2;0;0;0;0
02/10/2020;22:06:42;212;Acidente sem VITIMA;431,000;BR-386/RS;Norte;Queda de ribanceira;0;0;1;0;0;0;0;0;0;0;1;0;0;0;0
02/10/2020;23:09:02;224;Acidente sem VITIMA;435,000;BR-386/RS;Norte;Colisão - Traseira;2;0;0;0;0;0;0;0;0;0;1;0;0;0;0
02/10/2020;23:36:28;227;Acidente sem VITIMA;50,000;BR-101/RS;Norte;;1;0;0;0;0;0;0;0;0;0;2;0;0;0;0
03/10/2020;00:56:32;4;Acidente sem VITIMA;10,000;BR-101/RS;Sul;Saída de pista;0;0;1;0;0;0;0;0;0;0;1;0;0;0;0
03/10/2020;01:14:14;7;Acidente sem VITIMA;84,010;BR-101/RS;Norte;Saída de pista;1;0;0;0;0;0;0;0;0;0;1;0;0;0;0
03/10/2020;04:34:56;12;Acidente sem VITIMA;68,000;BR-290/RS;Oeste;Queda de ribanceira;1;0;0;0;0;0;0;0;0;0;1;0;0;0;0
03/10/2020;04:47:02;13;Atropelamento Fatal;440,000;BR-386/RS;Sul;Atropelamento - Morador/Trabalhador/Estudante;1;0;0;0;0;0;0;0;0;0;1;0;0;0;1
03/10/2020;07:47:09;22;Acidente sem VITIMA;69,000;BR-290/RS;Oeste;Queda de ribanceira;1;0;0;0;0;0;0;0;0;0;1;0;0;0;0
03/10/2020;07:52:39;24;Acidente sem VITIMA;423,000;BR-386/RS;Sul;Queda de ribanceira;1;0;0;0;0;0;0;0;0;0;1;0;0;0;0
03/10/2020;08:02:20;26;Acidente sem VITIMA;443,000;BR-386/RS;Norte;Saída de pista;1;0;0;0;0;0;0;0;0;0;1;0;0;0;0
03/10/2020;10:17:57;46;Acidente sem VITIMA;262,000;BR-386/RS;Sul;Colisão - Traseira;1;0;0;0;0;0;0;0;0;1;5;0;0;0;0
03/10/2020;10:58:27;55;Acidente com VITIMA;340,000;BR-386/RS;Norte;Capotamento;1;0;0;0;0;0;0;0;0;0;0;1;0;0;0
03/10/2020;11:03:14;57;Acidente sem VITIMA;270,000;BR-386/RS;Norte;Colisão - Lateral;2;0;0;0;0;0;0;0;0;0;3;0;0;0;0
03/10/2020;11:32:57;60;Acidente sem VITIMA;352,000;BR-386/RS;Norte;Choque Defensa;1;0;0;0;0;0;0;0;0;0;1;0;0;0;0
03/10/2020;11:34:11;62;Acidente sem VITIMA;82,000;BR-290/RS;Oeste;Queda de ribanceira;1;0;0;0;0;0;0;0;0;0;1;0;0;0;0
03/10/2020;11:35:10;63;Acidente sem VITIMA;445,000;BR-386/RS;Sul;Saída de pista;1;0;0;0;0;0;0;0;0;0;1;0;0;0;0
03/10/2020;12:17:29;70;Acidente com VITIMA;15,000;BR-448/RS;Sul;Choque Barreira;1;0;0;0;0;0;0;0;0;0;1;0;1;0;0
03/10/2020;12:20:49;74;Acidente sem VITIMA;2,000;BR-290/RS;Leste;Queda de ribanceira;1;0;0;0;0;0;0;0;0;0;2;0;0;0;0
03/10/2020;16:45:47;97;Acidente sem VITIMA;65,000;BR-290/RS;Ambos;Saída de pista;1;0;0;0;0;0;0;0;0;0;3;0;0;0;0
03/10/2020;17:21:49;100;Acidente sem VITIMA;10,000;BR-448/RS;Norte;Queda de ribanceira;1;0;0;0;0;0;0;0;0;0;2;0;0;0;0
04/10/2020;03:10:18;6;Acidente sem VITIMA;14,000;BR-448/RS;Norte;Saída de pista;1;0;0;0;0;0;0;0;0;0;1;0;0;0;0
04/10/2020;06:01:34;12;Acidente sem VITIMA;60,000;BR-290/RS;Leste;Choque Praça - Submarino;1;0;0;0;0;0;0;0;0;0;4;0;0;0;0
04/10/2020;10:28:21;38;Acidente com VITIMA;404,000;BR-386/RS;Sul;Capotamento;1;0;0;0;0;0;0;0;0;0;0;1;1;0;0
04/10/2020;11:00:42;44;Acidente sem VITIMA;345,000;BR-386/RS;Norte;Queda de ribanceira;1;0;0;0;0;0;0;0;0;0;1;0;0;0;0
04/10/2020;12:34:09;58;Acidente sem VITIMA;440,000;BR-386/RS;Norte;Saída de pista;1;0;0;0;0;0;0;0;0;0;1;0;0;0;0
04/10/2020;15:30:21;73;Acidente com VITIMA;44,000;BR-290/RS;Leste;Saída de pista;1;0;0;0;0;0;0;0;0;0;3;2;0;0;0
04/10/2020;16:10:39;79;Acidente sem VITIMA;15,000;BR-290/RS;Leste;Queda de ribanceira;0;0;1;0;0;0;0;0;0;0;1;0;0;0;0
04/10/2020;18:45:00;111;Acidente sem VITIMA;92,000;BR-290/RS;Oeste;Saída de pista;1;0;0;0;0;0;0;0;0;0;1;0;0;0;0
05/10/2020;07:05:15;14;Acidente com VITIMA;362,000;BR-386/RS;Norte;Choque com veículo na faixa de rolamento;1;0;0;1;0;0;0;0;0;0;1;1;0;0;0
05/10/2020;07:59:24;39;Acidente sem VITIMA;88,000;BR-290/RS;Oeste;Engavetamento;4;0;0;0;0;0;0;0;0;0;4;0;0;0;0
05/10/2020;14:24:12;144;Acidente com VITIMA;79,000;BR-101/RS;Sul;Queda de ribanceira;1;0;0;0;0;0;0;0;0;0;0;0;2;0;0
05/10/2020;17:04:50;173;Acidente sem VITIMA;43,000;BR-101/RS;Norte;Colisão - Lateral;2;0;0;0;0;0;0;0;0;0;4;0;0;0;0
05/10/2020;18:16:33;178;Acidente sem VITIMA;91,000;BR-290/RS;Leste;Colisão - Transversal;1;0;0;1;0;0;0;0;0;0;2;0;0;0;0
05/10/2020;18:23:27;180;Acidente sem VITIMA;62,000;BR-290/RS;Oeste;Atropelamento de Animal;1;0;0;0;0;0;0;0;0;0;3;0;0;0;0
05/10/2020;18:26:15;181;Acidente com VITIMA;194,000;BR-386/RS;Norte;Queda de ribanceira;0;0;0;0;0;0;0;0;0;1;0;1;0;0;0
05/10/2020;23:21:46;224;Acidente sem VITIMA;348,000;BR-386/RS;Sul;Saída de pista;1;0;0;0;0;0;0;0;0;0;1;0;0;0;0
06/10/2020;05:00:58;16;Acidente sem VITIMA;48,000;BR-290/RS;Leste;Atropelamento de Animal;1;0;0;0;0;0;0;0;0;0;3;0;0;0;0
06/10/2020;09:31:40;88;Acidente sem VITIMA;67,000;BR-290/RS;Leste;Queda de ribanceira;1;0;0;0;0;0;0;1;0;0;3;0;0;0;0
06/10/2020;19:00:12;200;Acidente com VITIMA;342,000;BR-386/RS;Sul;Atropelamento de Animal;1;0;0;1;0;0;0;0;0;0;1;0;1;0;0
06/10/2020;19:24:30;204;Acidente com VITIMA;60,000;BR-101/RS;Sul;Colisão - Traseira;1;0;0;0;0;0;0;1;0;0;2;2;0;0;0
06/10/2020;19:32:25;206;Acidente sem VITIMA;353,000;BR-386/RS;Sul;Choque Defensa;1;0;0;0;0;0;0;0;0;0;2;0;0;0;0
06/10/2020;19:34:15;207;Acidente sem VITIMA;84,560;BR-290/RS;Oeste;Colisão - Lateral;2;0;0;0;0;0;0;0;0;0;2;0;0;0;0
06/10/2020;23:55:26;234;Acidente sem VITIMA;407,000;BR-386/RS;Norte;Saída de pista;1;0;0;0;0;0;0;0;0;0;1;0;0;0;0
07/10/2020;14:59:43;155;Acidente com VITIMA FATAL;248,000;BR-386/RS;Norte;Colisão - Transversal;1;0;0;0;0;0;0;1;0;0;0;0;1;1;1
07/10/2020;18:18:33;183;Acidente sem VITIMA;435,000;BR-386/RS;Sul;Colisão - Lateral;2;0;0;0;0;0;0;0;0;0;2;0;0;0;0
08/10/2020;06:09:46;10;Acidente com VITIMA;72,000;BR-101/RS;Sul;Colisão - Traseira;0;0;2;0;0;0;0;0;0;0;1;1;0;0;0
08/10/2020;12:19:18;122;Acidente sem VITIMA;268,000;BR-386/RS;Sul;Atropelamento de Animal;1;0;0;0;0;0;0;0;0;0;5;0;0;0;0
08/10/2020;15:57:07;170;Acidente sem VITIMA;213,000;BR-386/RS;Norte;Colisão - Lateral;2;0;0;0;0;0;0;0;0;0;3;0;0;0;0
08/10/2020;17:25:42;184;Acidente com VITIMA;372,000;BR-386/RS;Norte;Colisão - Traseira;0;0;0;0;0;0;0;1;0;1;0;1;1;0;0
08/10/2020;17:56:10;194;Acidente sem VITIMA;87,000;BR-290/RS;Leste;Engavetamento;3;0;0;0;0;0;0;0;0;0;5;0;0;0;0
08/10/2020;18:10:33;200;Acidente sem VITIMA;92,000;BR-290/RS;Leste;Colisão - Traseira;1;0;0;0;0;0;0;0;0;0;1;0;0;0;0
08/10/2020;18:23:50;202;Acidente com VITIMA;435,000;BR-386/RS;Sul;Colisão - Traseira;1;0;0;1;0;0;0;0;0;0;1;0;1;0;0
08/10/2020;21:48:35;229;Acidente com VITIMA;59,000;BR-290/RS;Oeste;Colisão - Traseira;2;0;0;0;0;0;0;0;0;0;2;1;0;0;0
09/10/2020;10:31:35;96;Acidente sem VITIMA;77,000;BR-290/RS;Oeste;Choque Praça - Cabine;0;0;0;0;0;1;0;0;0;0;1;0;0;0;0
09/10/2020;14:38:40;167;Acidente sem VITIMA;44,000;BR-101/RS;Sul;Choque Barreira;1;0;0;0;0;0;0;0;0;0;1;0;0;0;0
09/10/2020;16:42:35;196;Acidente sem VITIMA;85,000;BR-290/RS;Leste;Colisão - Traseira;1;0;0;0;0;0;0;0;0;1;2;0;0;0;0
09/10/2020;17:47:45;212;Acidente sem VITIMA;328,000;BR-386/RS;Sul;Colisão - Traseira;2;0;0;0;0;0;0;0;0;0;3;0;0;0;0
09/10/2020;18:12:59;218;Acidente sem VITIMA;436,000;BR-386/RS;Ambos;Colisão - Traseira;2;0;0;0;0;0;0;0;0;0;2;0;0;0;0
10/10/2020;02:46:32;13;Acidente com VITIMA;3,000;BR-101/RS;Sul;Colisão - Lateral;2;0;0;0;0;0;0;0;0;0;8;1;0;0;0
10/10/2020;07:46:00;50;Acidente sem VITIMA;345,000;BR-386/RS;Norte;Engavetamento;4;0;0;0;0;0;0;0;0;0;6;0;0;0;0
10/10/2020;08:38:57;73;Acidente sem VITIMA;95,470;BR-290/RS;Oeste;Colisão - Transversal;2;0;0;0;0;0;0;0;0;0;3;0;0;0;0
10/10/2020;09:22:24;85;Acidente com VITIMA;19,000;BR-290/RS;Leste;Colisão - Traseira;2;0;0;0;0;0;0;0;0;0;5;2;0;0;0
10/10/2020;10:13:36;100;Acidente sem VITIMA;410,000;BR-386/RS;Norte;Colisão - Traseira;2;0;0;0;0;0;0;0;0;0;3;0;0;0;0
10/10/2020;10:36:49;104;Acidente sem VITIMA;375,000;BR-386/RS;Sul;Colisão - Traseira;2;0;0;0;0;0;0;0;0;0;5;0;0;0;0
10/10/2020;10:44:30;108;Acidente sem VITIMA;32,000;BR-290/RS;Leste;Colisão - Traseira;2;0;0;0;0;0;0;0;0;0;2;0;0;0;0
10/10/2020;10:58:25;113;Acidente com VITIMA;97,000;BR-290/RS;Oeste;;0;0;0;1;0;0;0;0;0;0;0;1;0;0;0
10/10/2020;11:54:20;131;Acidente sem VITIMA;80,000;BR-290/RS;Leste;Colisão - Lateral;1;0;0;0;0;0;0;0;0;1;5;0;0;0;0
10/10/2020;12:18:18;134;Acidente sem VITIMA;345,000;BR-386/RS;Norte;Colisão - Traseira;1;0;1;0;0;0;0;0;0;0;2;0;0;0;0
10/10/2020;14:57:17;169;Acidente sem VITIMA;296,000;BR-386/RS;Norte;;0;0;0;0;0;0;0;1;0;0;1;0;0;0;0
11/10/2020;12:43:53;110;Acidente sem VITIMA;60,000;BR-290/RS;Oeste;Engavetamento;2;0;0;1;0;0;0;0;0;0;6;0;0;0;0
11/10/2020;14:26:26;129;Acidente sem VITIMA;434,000;BR-386/RS;Norte;Colisão - Traseira;2;0;0;0;0;0;0;0;0;0;3;0;0;0;0
11/10/2020;15:44:34;145;Acidente sem VITIMA;74,000;BR-101/RS;Sul;Outros;1;0;0;0;0;0;0;0;0;0;3;0;0;0;0
11/10/2020;16:27:42;157;Acidente sem VITIMA;248,000;BR-386/RS;Sul;Colisão - Lateral;2;0;0;0;0;0;0;0;0;0;7;0;0;0;0
11/10/2020;17:43:49;176;Acidente sem VITIMA;92,000;BR-290/RS;Oeste;Choque - Sinalização;0;0;0;1;0;0;0;0;0;0;2;0;0;0;0
11/10/2020;21:04:30;223;Acidente sem VITIMA;1,000;BR-101/RS;Norte;Saída de pista;1;0;0;0;0;0;0;0;0;0;3;0;0;0;0
12/10/2020;01:56:59;8;Acidente sem VITIMA;418,000;BR-386/RS;Norte;Atropelamento de Animal;1;0;0;0;0;0;0;0;0;0;1;0;0;0;0
12/10/2020;08:15:50;28;Acidente com VITIMA;71,000;BR-101/RS;Sul;Saída de pista;1;0;0;0;0;0;0;0;0;0;0;0;1;0;0
12/10/2020;09:20:00;39;Acidente com VITIMA;15,000;BR-448/RS;Sul;Colisão - Traseira;2;0;0;0;0;0;0;0;0;0;1;1;0;0;0
12/10/2020;09:23:50;42;Acidente sem VITIMA;92,000;BR-290/RS;Leste;Choque Defensa;2;0;0;0;0;0;0;0;0;0;3;0;0;0;0
12/10/2020;10:18:35;50;Acidente com VITIMA;232,000;BR-386/RS;Sul;Queda de moto;1;0;0;0;0;0;0;0;0;0;1;1;0;0;0
12/10/2020;11:32:33;77;Acidente sem VITIMA;325,000;BR-386/RS;Norte;Colisão - Traseira;2;0;0;0;0;0;0;0;0;0;2;0;0;0;0
12/10/2020;12:55:20;102;Acidente com VITIMA;5,000;BR-290/RS;Oeste;Queda de moto;0;0;0;1;0;0;0;0;0;0;1;1;0;0;0
12/10/2020;15:38:00;146;Acidente sem VITIMA;392,000;BR-386/RS;Sul;Colisão - Traseira;2;0;0;0;0;0;0;0;0;0;8;0;0;0;0
12/10/2020;16:10:26;157;Acidente sem VITIMA;426,000;BR-386/RS;Sul;Colisão - Traseira;2;0;0;0;0;0;0;0;0;0;2;0;0;0;0
12/10/2020;17:01:24;180;Acidente sem VITIMA;24,000;BR-101/RS;Sul;Engavetamento;3;0;0;0;0;0;0;0;0;0;9;0;0;0;0
12/10/2020;17:12:28;185;Acidente com VITIMA;430,000;BR-386/RS;Norte;Colisão - Lateral;1;0;0;1;0;0;0;0;0;0;1;1;0;0;0
12/10/2020;18:04:09;204;Acidente com VITIMA;342,000;BR-386/RS;Norte;Colisão - Transversal;1;0;0;1;0;0;0;0;0;0;1;1;0;0;0
12/10/2020;20:13:53;251;Acidente sem VITIMA;442,000;BR-386/RS;Sul;Colisão - Lateral;1;0;0;0;0;0;0;0;0;0;1;0;0;0;0
12/10/2020;20:48:12;264;Acidente com VITIMA;34,000;BR-290/RS;Oeste;Queda de moto;0;0;0;1;0;0;0;0;0;0;0;2;0;0;0
12/10/2020;22:20:18;275;Acidente sem VITIMA;57,000;BR-290/RS;Oeste;Choque com objeto sobre a pista;1;0;0;0;0;0;0;0;0;0;1;0;0;0;0
12/10/2020;22:40:28;282;Acidente com VITIMA;71,000;BR-290/RS;Oeste;Capotamento;1;0;0;0;0;0;0;0;0;0;0;2;0;0;0
13/10/2020;04:35:41;20;Acidente sem VITIMA;69,000;BR-290/RS;Oeste;Atropelamento de Animal;1;0;0;0;0;0;0;0;0;0;3;0;0;0;0
13/10/2020;07:53:08;52;Acidente com VITIMA;90,000;BR-290/RS;Oeste;Colisão - Traseira;2;0;0;1;0;0;0;0;0;0;2;1;0;0;0
13/10/2020;08:21:06;66;Acidente sem VITIMA;2,000;BR-290/RS;Leste;Queda de ribanceira;1;0;0;0;0;0;0;0;0;0;1;0;0;0;0
13/10/2020;09:07:16;80;Acidente com VITIMA;16,000;BR-448/RS;Sul;Engavetamento;3;0;0;0;0;0;0;0;0;0;3;0;0;1;0
13/10/2020;16:21:35;195;Acidente com VITIMA;345,000;BR-386/RS;Sul;Colisão - Lateral;1;0;0;1;0;0;0;0;0;0;1;0;1;0;0
13/10/2020;16:33:11;197;Acidente com VITIMA;6,000;BR-448/RS;Norte;Choque Barreira;0;0;1;0;0;0;0;0;0;0;0;1;0;0;0
13/10/2020;16:43:35;204;Acidente com VITIMA;20,000;BR-101/RS;Norte;Colisão - Lateral;1;0;0;0;0;0;0;1;0;0;1;0;1;0;0
13/10/2020;16:56:40;205;Acidente sem VITIMA;343,000;BR-386/RS;Sul;Engavetamento;3;0;0;0;0;0;0;0;0;0;4;0;0;0;0
13/10/2020;19:27:37;245;Acidente sem VITIMA;88,000;BR-290/RS;Leste;Colisão - Traseira;2;0;0;0;0;0;0;0;0;0;2;0;0;0;0
13/10/2020;22:02:34;257;Acidente sem VITIMA;70,000;BR-290/RS;Oeste;Atropelamento de Animal;1;0;0;0;0;0;0;0;0;0;1;0;0;0;0
14/10/2020;01:55:24;2;Acidente sem VITIMA;89,000;BR-290/RS;Oeste;Queda de ribanceira;0;0;1;0;0;0;0;0;0;0;1;0;0;0;0
14/10/2020;05:14:49;10;Acidente sem VITIMA;14,000;BR-290/RS;Leste;Saída de pista;0;0;0;0;0;0;0;1;0;0;1;0;0;0;0
14/10/2020;07:07:15;22;Acidente sem VITIMA;1,000;BR-448/RS;Sul;Choque Defensa;1;0;0;0;0;0;0;0;0;0;1;0;0;0;0
14/10/2020;08:34:52;70;Acidente sem VITIMA;84,000;BR-290/RS;Oeste;Choque Defensa;0;0;1;0;0;0;0;0;0;0;2;0;0;0;0
14/10/2020;09:28:19;85;Acidente com VITIMA;268,000;BR-386/RS;Sul;Tombamento;0;0;0;0;0;0;0;1;0;0;0;1;0;0;0
14/10/2020;10:17:50;95;Acidente com VITIMA;262,000;BR-386/RS;Sul;Queda de moto;0;0;0;1;0;0;0;0;0;0;0;2;0;0;0
14/10/2020;13:14:30;137;Acidente com VITIMA;342,000;BR-386/RS;Norte;Choque com veículo na faixa de rolamento;0;0;0;2;0;0;0;0;0;0;0;1;1;0;0
14/10/2020;20:47:53;217;Acidente sem VITIMA;309,000;BR-386/RS;Sul;Colisão - Traseira;1;0;0;0;0;1;0;0;0;0;2;0;0;0;0
15/10/2020;00:57:17;5;Acidente sem VITIMA;16,000;BR-101/RS;Sul;Atropelamento de Animal;1;0;0;0;0;0;0;0;0;0;2;0;0;0;0
15/10/2020;01:29:35;7;Acidente com VITIMA;407,000;BR-386/RS;Norte;Choque Barreira;1;0;0;0;0;0;0;0;0;0;0;0;1;0;0
15/10/2020;07:05:27;35;Acidente sem VITIMA;435,000;BR-386/RS;Norte;Choque com veículo na faixa de rolamento;2;0;0;0;0;0;0;0;0;0;2;0;0;0;0
15/10/2020;12:34:11;145;Acidente sem VITIMA;35,000;BR-101/RS;Sul;Outros;1;0;0;0;0;1;0;0;0;0;2;0;0;0;0
15/10/2020;15:25:49;180;Acidente com VITIMA;72,000;BR-290/RS;Oeste;Capotamento;1;0;0;0;0;0;0;0;0;0;0;0;1;0;0
15/10/2020;15:33:30;183;Acidente sem VITIMA;35,000;BR-101/RS;Norte;Colisão - Traseira;2;0;0;0;0;0;0;0;0;0;4;0;0;0;0
15/10/2020;17:14:23;195;Acidente sem VITIMA;375,000;BR-386/RS;Sul;Colisão - Traseira;2;0;0;0;0;0;0;0;0;0;5;0;0;0;0
15/10/2020;17:27:25;199;Acidente sem VITIMA;60,000;BR-290/RS;Oeste;Colisão - Lateral;1;0;0;0;0;0;0;0;0;1;2;0;0;0;0
15/10/2020;17:33:09;202;Acidente sem VITIMA;73,000;BR-290/RS;Leste;Queda de moto;0;0;0;1;0;0;0;0;0;0;2;0;0;0;0
16/10/2020;08:58:28;73;Acidente sem VITIMA;412,000;BR-386/RS;Sul;Saída de pista;1;0;0;0;0;0;0;0;0;0;4;0;0;0;0
16/10/2020;10:43:23;110;Acidente sem VITIMA;284,000;BR-386/RS;Norte;Colisão - Lateral;1;0;0;0;0;0;0;1;0;0;2;0;0;0;0
16/10/2020;13:32:47;147;Acidente sem VITIMA;390,000;BR-386/RS;Norte;Colisão - Lateral;1;0;0;0;0;0;0;1;0;0;5;0;0;0;0
16/10/2020;16:19:56;187;Acidente sem VITIMA;426,000;BR-386/RS;Norte;Colisão - Traseira;0;0;0;0;0;0;0;1;0;1;2;0;0;0;0
16/10/2020;23:26:02;258;Acidente sem VITIMA;309,000;BR-386/RS;Sul;Colisão - Traseira;1;0;0;0;0;0;0;0;0;0;1;0;0;0;0
17/10/2020;05:43:42;19;Acidente sem VITIMA;85,000;BR-101/RS;Sul;Saída de pista;1;0;0;0;0;0;0;0;0;0;2;0;0;0;0
17/10/2020;09:31:22;65;Acidente sem VITIMA;86,000;BR-290/RS;Oeste;Tombamento;0;0;0;0;0;0;0;0;0;1;2;0;0;0;0
17/10/2020;09:50:52;69;Acidente com VITIMA;98,000;BR-290/RS;Oeste;Colisão - Traseira;1;0;0;0;0;0;0;0;0;1;1;1;0;0;0
17/10/2020;13:07:49;105;Acidente com VITIMA;95,000;BR-290/RS;Oeste;Colisão - Traseira;1;0;0;1;0;0;0;0;0;0;1;0;1;0;0
17/10/2020;20:08:16;201;Acidente com VITIMA;84,000;BR-101/RS;Norte;Choque - Poste;1;0;0;0;0;0;0;0;0;0;0;4;1;0;0
18/10/2020;06:08:14;27;Acidente com VITIMA;58,000;BR-290/RS;Oeste;Capotamento;1;0;0;0;0;0;0;0;0;0;0;2;0;0;0
18/10/2020;07:42:56;42;Acidente sem VITIMA;26,000;BR-290/RS;Oeste;Colisão - Lateral;1;0;0;0;0;0;0;0;0;1;2;0;0;0;0
18/10/2020;08:46:43;53;Acidente com VITIMA;242,000;BR-386/RS;Sul;Colisão - Transversal;2;0;0;0;0;0;0;0;0;0;0;3;2;0;0
18/10/2020;09:43:17;65;Acidente com VITIMA;1,000;BR-290/RS;Leste;Queda de moto;0;0;0;1;0;0;0;0;0;0;0;0;1;0;0
18/10/2020;10:10:55;70;Acidente sem VITIMA;215,000;BR-386/RS;Sul;Saída de pista;0;0;1;0;0;0;0;0;0;0;1;0;0;0;0
18/10/2020;17:31:48;162;Acidente com VITIMA;216,000;BR-386/RS;Norte;Colisão - Traseira;3;0;0;0;0;0;0;0;0;0;5;3;0;0;0
19/10/2020;03:36:00;9;Acidente sem VITIMA;13,000;BR-101/RS;Norte;Colisão - Traseira;2;0;0;0;0;0;0;0;0;0;6;0;0;0;0
19/10/2020;05:47:50;15;Acidente sem VITIMA;44,000;BR-101/RS;Sul;Colisão - Lateral;1;0;1;0;0;0;0;0;0;0;3;0;0;0;0
19/10/2020;08:14:12;51;Acidente sem VITIMA;88,000;BR-290/RS;Oeste;Colisão - Traseira;2;0;0;0;0;0;0;0;0;0;2;0;0;0;0
19/10/2020;08:46:49;64;Acidente sem VITIMA;90,000;BR-290/RS;Oeste;Colisão - Traseira;2;0;0;0;0;0;0;0;0;0;2;0;0;0;0
19/10/2020;10:54:55;116;Acidente sem VITIMA;92,000;BR-290/RS;Leste;Colisão - Lateral;1;0;1;0;0;0;0;0;0;0;5;0;0;0;0
19/10/2020;11:55:19;124;Acidente sem VITIMA;92,000;BR-290/RS;Leste;Colisão - Lateral;1;0;1;0;0;0;0;0;0;0;3;0;0;0;0
19/10/2020;14:32:44;155;Acidente sem VITIMA;305,000;BR-386/RS;Norte;Colisão - Traseira;1;0;0;0;0;0;0;1;0;0;3;0;0;0;0
19/10/2020;16:16:27;184;Acidente sem VITIMA;264,000;BR-386/RS;Norte;Atropelamento de Animal;1;0;0;0;0;0;0;0;0;0;2;0;0;0;0
19/10/2020;18:36:25;217;Acidente sem VITIMA;343,000;BR-386/RS;Norte;Colisão - Frontal;2;0;0;0;0;0;0;0;0;0;2;0;0;0;0
19/10/2020;19:20:40;230;Acidente sem VITIMA;13,000;BR-448/RS;Sul;Choque com objeto sobre a pista;2;0;0;0;0;0;0;0;0;0;2;0;0;0;0
20/10/2020;07:32:49;32;Acidente sem VITIMA;436,000;BR-386/RS;Sul;Colisão - Traseira;1;0;1;0;0;0;0;0;0;0;3;0;0;0;0
20/10/2020;08:13:08;51;Acidente sem VITIMA;93,240;BR-290/RS;Oeste;Colisão - Lateral;2;0;0;0;0;0;0;0;0;0;2;0;0;0;0
20/10/2020;14:24:25;150;Acidente sem VITIMA;339,000;BR-386/RS;Sul;Colisão - Lateral;1;0;0;0;0;0;0;1;0;0;3;0;0;0;0
20/10/2020;15:05:32;155;Acidente com VITIMA;41,000;BR-290/RS;Leste;Capotamento;1;0;0;0;0;0;0;0;0;0;0;1;0;0;0
21/10/2020;00:18:49;4;Acidente com VITIMA FATAL;314,000;BR-386/RS;Norte;Colisão - Frontal;0;0;0;0;0;0;0;1;0;1;0;1;1;0;1
21/10/2020;05:01:27;12;Acidente sem VITIMA;35,000;BR-290/RS;Leste;Saída de pista;0;0;0;0;0;0;0;0;0;1;1;0;0;0;0
21/10/2020;07:41:13;34;Acidente com VITIMA FATAL;20,000;BR-448/RS;Sul;Queda de moto;0;0;0;1;0;0;0;0;0;0;0;0;0;0;1
21/10/2020;09:47:50;81;Acidente com VITIMA;92,000;BR-290/RS;Leste;Colisão - Lateral;1;0;0;0;0;0;0;0;0;1;1;1;1;0;0
21/10/2020;10:24:27;90;Acidente com VITIMA;6,000;BR-101/RS;Norte;Choque Barreira;1;0;0;0;0;0;0;0;0;0;0;1;1;0;0
21/10/2020;14:11:14;135;Acidente sem VITIMA;63,000;BR-101/RS;Norte;Colisão - Traseira;1;0;1;0;0;0;0;0;0;0;1;0;0;0;0
21/10/2020;20:16:15;188;Acidente sem VITIMA;50,000;BR-101/RS;Norte;Saída de pista;1;0;0;0;0;0;0;0;0;0;2;0;0;0;0
21/10/2020;20:28:00;190;Acidente sem VITIMA;3,000;BR-290/RS;Leste;Colisão - Lateral;1;0;0;0;0;0;0;1;0;0;2;0;0;0;0
21/10/2020;21:02:59;193;Acidente sem VITIMA;39,000;BR-290/RS;Oeste;Colisão - Traseira;0;0;2;0;0;0;0;0;0;0;2;0;0;0;0
22/10/2020;07:24:10;19;Acidente sem VITIMA;353,000;BR-386/RS;Sul;Colisão - Lateral;2;0;0;0;0;0;0;0;0;0;4;0;0;0;0
22/10/2020;10:12:15;84;Acidente sem VITIMA;35,000;BR-101/RS;Norte;Choque Praça - Submarino;1;0;0;0;0;0;0;0;0;0;5;0;0;0;0
22/10/2020;16:25:52;156;Acidente sem VITIMA;28,000;BR-101/RS;Sul;Saída de pista;0;0;1;0;0;0;0;0;0;0;1;0;0;0;0