data;horario;n_da_ocorrencia;tipo_de_ocorrencia;km;trecho;sentido;tipo_de_acidente;automovel;bicicleta;caminhao;moto;onibus;outros;tracao_animal;transporte_de_cargas_especiais;trator_maquinas;utilitarios;ilesos;levemente_feridos;moderadamente_feridos;gravemente_feridos;mortos
22/10/2020;18:22:26;174;Acidente com VITIMA;44,000;BR-290/RS;Oeste;Saída de pista;1;0;0;0;0;0;0;0;0;0;0;1;0;0;0
22/10/2020;18:26:58;175;Acidente sem VITIMA;435,000;BR-386/RS;Norte;Colisão - Lateral;0;0;1;1;0;0;0;0;0;0;2;0;0;0;0
22/10/2020;19:44:20;188;Acidente sem VITIMA;396,000;BR-386/RS;Sul;Queda de Carga;6;0;0;1;0;0;0;0;0;0;9;0;0;0;0
22/10/2020;21:34:32;205;Acidente com VITIMA;38,000;BR-290/RS;Oeste;Colisão - Traseira;1;0;1;0;0;0;0;0;0;0;1;0;1;1;0
23/10/2020;07:53:30;46;Acidente sem VITIMA;92,000;BR-290/RS;Leste;Colisão - Lateral;2;0;1;0;0;0;0;0;0;0;3;0;0;0;0
23/10/2020;08:37:42;70;Acidente com VITIMA;62,000;BR-101/RS;Sul;Choque - Poste;1;0;0;0;0;0;0;0;0;0;0;1;0;0;0
23/10/2020;08:44:29;74;Acidente sem VITIMA;47,150;BR-290/RS;Oeste;Choque com objeto sobre a pista;1;0;0;0;0;0;0;0;0;0;1;0;0;0;0
24/10/2020;09:18:45;65;Acidente sem VITIMA;89,000;BR-290/RS;Leste;Colisão - Lateral;1;0;0;0;0;0;0;1;0;0;6;0;0;0;0
24/10/2020;10:57:21;87;Acidente sem VITIMA;325,000;BR-386/RS;Norte;Colisão - Traseira;2;0;0;0;0;0;0;0;0;0;2;0;0;0;0
24/10/2020;11:27:35;95;Acidente com VITIMA;85,500;BR-101/RS;Norte;Colisão - Traseira;1;0;0;1;0;0;0;0;0;0;4;0;0;1;0
24/10/2020;11:38:40;99;Acidente sem VITIMA;54,000;BR-290/RS;Leste;Capotamento;1;0;0;0;0;0;0;0;0;0;1;0;0;0;0
24/10/2020;12:20:27;107;Acidente sem VITIMA;75,000;BR-290/RS;Leste;Queda de moto;0;0;0;1;0;0;0;0;0;0;1;0;0;0;0
24/10/2020;13:16:40;122;Acidente sem VITIMA;19,000;BR-290/RS;Oeste;Choque Praça - Submarino;1;0;0;0;0;0;0;0;0;0;1;0;0;0;0
24/10/2020;14:46:28;136;Acidente sem VITIMA;16,000;BR-290/RS;Leste;Colisão - Transversal;1;0;1;0;0;0;0;0;0;0;3;0;0;0;0
24/10/2020;16:58:39;162;Acidente sem VITIMA;19,000;BR-290/RS;Oeste;Colisão - Traseira;2;0;0;0;0;0;0;0;0;0;7;0;0;0;0
24/10/2020;20:33:48;210;Acidente sem VITIMA;36,000;BR-290/RS;Oeste;Atropelamento de Animal;1;0;0;0;0;0;0;0;0;0;2;0;0;0;0
24/10/2020;23:20:53;223;Acidente sem VITIMA;352,000;BR-386/RS;Sul;Choque - Meio Fio;0;0;0;0;0;0;0;1;0;0;1;0;0;0;0
25/10/2020;11:44:34;65;Acidente sem VITIMA;97,000;BR-290/RS;Oeste;Colisão - Traseira;2;0;0;0;0;0;0;0;0;0;2;0;0;0;0
25/10/2020;19:48:49;182;Acidente sem VITIMA;23,000;BR-101/RS;Sul;Colisão - Traseira;2;0;0;0;0;0;0;0;0;0;6;0;0;0;0
25/10/2020;20:26:51;191;Acidente sem VITIMA;407,000;BR-386/RS;Norte;Queda de ribanceira;1;0;0;0;0;0;0;0;0;0;1;0;0;0;0
25/10/2020;20:50:27;196;Acidente sem VITIMA;88,000;BR-290/RS;Oeste;Colisão - Lateral;2;0;0;0;0;0;0;0;0;0;3;0;0;0;0
26/10/2020;00:50:52;5;Acidente com VITIMA;181,000;BR-386/RS;Sul;Choque Barreira;1;0;0;0;0;0;0;0;0;0;0;1;0;0;0
26/10/2020;07:31:00;48;Acidente com VITIMA;303,000;BR-386/RS;Norte;Colisão - Traseira;1;0;0;0;0;0;0;1;0;0;4;1;0;0;0
26/10/2020;09:11:29;98;Acidente sem VITIMA;91,000;BR-290/RS;Leste;Colisão - Lateral;1;0;0;0;0;0;0;0;0;1;1;0;0;0;0
26/10/2020;11:26:03;124;Acidente com VITIMA;337,000;BR-386/RS;Norte;Choque Talude;1;0;0;0;0;0;0;0;0;0;0;0;1;0;0
26/10/2020;12:03:09;132;Acidente sem VITIMA;76,000;BR-290/RS;Leste;Choque Defensa;1;0;0;0;0;0;0;0;0;0;2;0;0;0;0
26/10/2020;13:03:18;138;Acidente sem VITIMA;272,000;BR-386/RS;Norte;Colisão - Traseira;2;0;0;0;0;0;0;0;0;0;3;0;0;0;0
26/10/2020;16:25:59;176;Acidente sem VITIMA;15,000;BR-448/RS;Sul;Choque Barreira;1;0;0;0;0;0;0;0;0;0;1;0;0;0;0
26/10/2020;17:06:48;184;Acidente sem VITIMA;392,000;BR-386/RS;Sul;Queda de ribanceira;1;0;0;0;0;0;0;0;0;0;2;0;0;0;0
26/10/2020;18:03:54;197;Acidente com VITIMA;38,000;BR-290/RS;Leste;Capotamento;1;0;0;0;0;0;0;0;0;0;1;1;0;0;0
26/10/2020;18:05:18;198;Acidente sem VITIMA;310,000;BR-386/RS;Norte;Colisão - Traseira;2;0;0;0;0;0;0;0;0;0;2;0;0;0;0
26/10/2020;18:42:10;203;Acidente sem VITIMA;372,000;BR-386/RS;Sul;Saída de pista;1;0;0;0;0;0;0;0;0;0;1;0;0;0;0
27/10/2020;02:23:40;14;Acidente com VITIMA;272,000;BR-386/RS;Norte;Colisão - Traseira;0;0;0;0;0;0;0;1;0;1;1;1;0;0;0
27/10/2020;06:52:12;28;Acidente sem VITIMA;75,000;BR-290/RS;Leste;Queda de moto;1;0;0;0;0;0;0;0;0;0;1;0;0;0;0
27/10/2020;08:22:17;57;Acidente sem VITIMA;10,000;BR-448/RS;Sul;Saída de pista;0;0;1;0;0;0;0;0;0;1;2;0;0;0;0
27/10/2020;09:37:06;88;Acidente sem VITIMA;94,000;BR-290/RS;Oeste;Choque Barreira;1;0;0;0;0;0;0;0;0;0;1;0;0;0;0
27/10/2020;13:55:42;136;Acidente sem VITIMA;10,000;BR-448/RS;Norte;Colisão - Traseira;1;0;0;0;0;0;0;0;0;1;4;0;0;0;0
27/10/2020;16:19:43;162;Acidente sem VITIMA;1,000;BR-448/RS;Norte;Colisão - Traseira;0;0;0;0;0;0;0;1;0;1;3;0;0;0;0
27/10/2020;20:31:37;194;Acidente com VITIMA;213,000;BR-386/RS;Norte;Capotamento;1;0;0;0;0;0;0;0;0;1;2;4;0;0;0
27/10/2020;20:49:00;195;Acidente sem VITIMA;92,000;BR-290/RS;Leste;Tombamento;1;0;0;0;0;0;0;0;0;0;1;0;0;0;0
28/10/2020;08:32:58;61;Acidente sem VITIMA;43,000;BR-290/RS;Leste;Queda de ribanceira;1;0;0;0;0;0;0;0;0;0;2;0;0;0;0
28/10/2020;12:51:30;127;Acidente sem VITIMA;93,000;BR-290/RS;Oeste;Colisão - Traseira;1;0;0;0;0;0;0;1;0;0;3;0;0;0;0
28/10/2020;13:19:56;132;Acidente sem VITIMA;94,000;BR-290/RS;Oeste;Colisão - Traseira;1;0;0;0;0;0;0;1;0;0;2;0;0;0;0
28/10/2020;14:41:45;147;Acidente sem VITIMA;97,000;BR-290/RS;Ambos;Engavetamento;4;0;0;0;0;0;0;0;0;0;8;0;0;0;0
28/10/2020;17:39:26;193;Acidente sem VITIMA;12,000;BR-101/RS;Sul;Queda de ribanceira;1;0;0;0;0;0;0;0;0;0;1;0;0;0;0
28/10/2020;17:50:28;197;Acidente sem VITIMA;87,000;BR-290/RS;Leste;Engavetamento;3;0;0;0;0;0;0;0;0;0;7;0;0;0;0
28/10/2020;18:23:34;200;Acidente com VITIMA;6,000;BR-101/RS;Sul;Choque Barreira;1;0;0;0;0;0;0;0;0;0;1;0;1;0;0
29/10/2020;06:01:20;14;Acidente sem VITIMA;180,000;BR-386/RS;Norte;Choque Defensa;1;0;0;0;0;0;0;0;0;0;1;0;0;0;0
29/10/2020;06:46:56;18;Acidente com VITIMA;346,000;BR-386/RS;Norte;Colisão - Traseira;0;0;0;1;0;0;0;1;0;0;1;0;1;0;0
29/10/2020;07:54:41;41;Acidente sem VITIMA;325,000;BR-386/RS;Sul;Colisão - Lateral;2;0;0;0;0;0;0;0;0;0;2;0;0;0;0
29/10/2020;09:45:59;82;Acidente sem VITIMA;93,200;BR-290/RS;Leste;Colisão - Lateral;2;0;0;0;0;0;0;0;0;0;8;0;0;0;0
29/10/2020;11:22:51;106;Acidente sem VITIMA;95,000;BR-290/RS;Leste;Queda de moto;0;0;0;1;0;0;0;0;0;0;1;0;0;0;0
29/10/2020;15:03:36;150;Acidente com VITIMA;312,000;BR-386/RS;Sul;Engavetamento;0;0;2;0;0;0;0;0;0;1;2;0;2;0;0
29/10/2020;15:20:52;154;Acidente sem VITIMA;436,000;BR-386/RS;Norte;Colisão - Traseira;1;0;0;0;0;0;0;0;0;1;2;0;0;0;0
29/10/2020;19:08:57;191;Acidente com VITIMA;21,000;BR-101/RS;Norte;Atropelamento - Usuário;0;0;0;1;0;0;0;0;0;0;1;1;0;0;0
30/10/2020;14:06:34;140;Acidente sem VITIMA;22,000;BR-101/RS;Sul;Colisão - Lateral;1;0;0;0;0;0;0;0;0;1;2;0;0;0;0
30/10/2020;17:24:08;186;Acidente com VITIMA;388,000;BR-386/RS;Sul;Colisão - Traseira;1;0;0;1;0;0;0;0;0;0;1;0;0;2;0
30/10/2020;22:50:37;238;Acidente sem VITIMA;33,000;BR-101/RS;Norte;Queda de ribanceira;1;0;0;0;0;0;0;0;0;0;4;0;0;0;0
31/10/2020;04:03:06;23;Acidente sem VITIMA;26,000;BR-290/RS;Oeste;Queda de ribanceira;1;0;0;0;0;0;0;0;0;0;1;0;0;0;0
31/10/2020;10:46:05;115;Acidente sem VITIMA;92,000;BR-290/RS;Leste;Colisão - Traseira;1;0;0;1;0;0;0;0;0;0;3;0;0;0;0
31/10/2020;14:15:56;167;Acidente sem VITIMA;95,000;BR-290/RS;Oeste;Colisão - Traseira;1;0;0;0;0;0;0;0;0;0;2;0;0;0;0
31/10/2020;20:26:03;257;Acidente sem VITIMA;261,000;BR-386/RS;Sul;Saída de pista;1;0;0;0;0;0;0;0;0;0;3;0;0;0;0
31/10/2020;22:09:19;271;Atropelamento;1,000;BR-101/RS;Norte;Atropelamento - Morador/Trabalhador/Estudante;1;0;0;0;0;0;0;0;0;0;4;0;0;1;0
01/11/2020;15:36:17;120;Acidente sem VITIMA;22,000;BR-448/RS;Sul;Choque Barreira;1;0;0;0;0;0;0;0;0;0;3;0;0;0;0
01/11/2020;16:22:45;132;Acidente sem VITIMA;32,000;BR-101/RS;Sul;Colisão - Lateral;1;0;0;0;0;0;0;0;0;1;3;0;0;0;0
01/11/2020;03:24:17;14;Acidente com VITIMA;215,000;BR-386/RS;Norte;Capotamento;1;0;0;0;0;0;0;0;0;0;0;1;0;0;0
01/11/2020;19:09:38;170;Acidente sem VITIMA;19,000;BR-101/RS;Sul;Colisão - Transversal;2;0;0;0;0;0;0;0;0;0;3;0;0;0;0
01/11/2020;21:36:48;196;Acidente com VITIMA;354,000;BR-386/RS;Norte;Capotamento;1;0;0;0;0;0;0;0;0;0;1;0;1;0;0
01/11/2020;09:33:42;50;Acidente com VITIMA;35,000;BR-101/RS;Norte;Colisão - Traseira;0;0;0;2;0;0;0;0;0;0;0;3;0;0;0
01/11/2020;01:08:09;8;Acidente com VITIMA;21,000;BR-101/RS;Sul;Colisão - Traseira;2;0;0;0;0;0;0;0;0;0;4;1;0;0;0
02/11/2020;13:30:04;117;Acidente com VITIMA;63,000;BR-101/RS;Norte;Queda de moto;0;0;0;1;0;0;0;0;0;0;0;0;0;1;0
02/11/2020;15:25:35;152;Acidente sem VITIMA;34,000;BR-101/RS;Sul;Colisão - Traseira;2;0;0;0;0;0;0;0;0;0;6;0;0;0;0
02/11/2020;16:11:02;164;Acidente sem VITIMA;201,000;BR-386/RS;Sul;Colisão - Traseira;2;0;0;0;0;0;0;0;0;0;6;0;0;0;0
02/11/2020;16:20:41;167;Acidente sem VITIMA;97,000;BR-290/RS;Ambos;Colisão - Traseira;2;0;0;0;0;0;0;0;0;0;2;0;0;0;0
02/11/2020;16:24:07;169;Acidente sem VITIMA;17,000;BR-290/RS;Oeste;Colisão - Traseira;2;0;0;0;0;0;0;0;0;0;2;0;0;0;0
02/11/2020;17:07:30;189;Acidente sem VITIMA;33,000;BR-101/RS;Sul;Colisão - Traseira;2;0;0;0;0;0;0;0;0;0;7;0;0;0;0
02/11/2020;17:16:03;191;Acidente sem VITIMA;72,000;BR-101/RS;Sul;Colisão - Traseira;2;0;0;0;0;0;0;0;0;0;6;0;0;0;0
02/11/2020;17:34:02;197;Acidente sem VITIMA;342,000;BR-386/RS;Sul;Engavetamento;3;0;0;0;0;0;0;0;0;0;11;0;0;0;0
02/11/2020;18:59:56;219;Acidente sem VITIMA;19,000;BR-290/RS;Oeste;;1;0;0;0;0;0;0;0;0;0;1;0;0;0;0
02/11/2020;20:23:16;248;Acidente sem VITIMA;20,000;BR-290/RS;Oeste;Colisão - Traseira;2;0;0;0;0;0;0;0;0;0;5;0;0;0;0
02/11/2020;20:24:25;250;Acidente com VITIMA;319,000;BR-386/RS;Sul;Capotamento;1;0;0;0;0;0;0;0;0;0;0;0;0;3;0
02/11/2020;23:54:49;299;Acidente sem VITIMA;55,000;BR-290/RS;Leste;Atropelamento de Animal;1;0;0;0;0;0;0;0;0;0;1;0;0;0;0
02/11/2020;09:41:21;62;Acidente com VITIMA;366,000;BR-386/RS;Norte;Colisão - Traseira;1;0;0;1;0;0;0;0;0;0;2;0;1;0;0
02/11/2020;10:49:27;77;Acidente sem VITIMA;49,000;BR-290/RS;Oeste;Colisão - Transversal;2;0;0;0;0;0;0;0;0;0;4;0;0;0;0
02/11/2020;11:10:28;82;Acidente sem VITIMA;277,000;BR-386/RS;Sul;Engavetamento;3;0;0;1;0;0;0;0;0;0;9;0;0;0;0
02/11/2020;11:16:46;85;Acidente sem VITIMA;81,000;BR-101/RS;Sul;Choque - Poste;1;0;0;0;0;0;0;0;0;0;4;0;0;0;0
02/11/2020;11:22:47;87;Acidente com VITIMA;47,000;BR-290/RS;Oeste;Colisão - Traseira;3;0;0;0;0;0;0;0;0;0;2;1;0;0;0
02/11/2020;11:57:40;92;Acidente sem VITIMA;60,000;BR-290/RS;Leste;;2;0;0;0;0;0;0;0;0;0;2;0;0;0;0
03/11/2020;00:49:14;11;Acidente sem VITIMA;32,000;BR-290/RS;Leste;Outros;1;0;0;0;0;0;0;0;0;0;3;0;0;0;0
03/11/2020;15:59:02;196;Acidente sem VITIMA;64,000;BR-290/RS;Oeste;Queda de ribanceira;1;0;0;0;0;0;0;0;0;0;2;0;0;0;0
03/11/2020;16:04:25;198;Acidente sem VITIMA;289,000;BR-386/RS;Sul;Colisão - Lateral;1;0;0;0;0;0;0;0;0;1;2;0;0;0;0
03/11/2020;16:19:42;202;Acidente sem VITIMA;0,000;BR-448/RS;Norte;Queda de ribanceira;1;0;0;0;0;0;0;0;0;0;1;0;0;0;0
03/11/2020;17:44:38;223;Atropelamento;355,000;BR-386/RS;Norte;Atropelamento - Morador/Trabalhador/Estudante;1;0;0;0;0;1;0;0;0;0;1;1;0;0;0
03/11/2020;18:43:04;236;Acidente sem VITIMA;91,000;BR-290/RS;Leste;Colisão - Lateral;1;0;0;0;0;0;0;0;0;1;2;0;0;0;0
03/11/2020;06:01:59;33;Acidente com VITIMA;14,000;BR-448/RS;Sul;Engavetamento;3;0;0;1;0;0;0;0;0;0;3;0;1;0;0
03/11/2020;06:04:52;34;Acidente com VITIMA;52,000;BR-101/RS;Sul;Queda de ribanceira;0;0;0;0;0;0;0;1;0;0;2;1;0;0;0
04/11/2020;03:12:24;15;Acidente com VITIMA;19,000;BR-290/RS;Leste;Queda de ribanceira;1;0;0;0;0;0;0;0;0;0;2;1;1;0;0
04/11/2020;15:53:17;154;Acidente com VITIMA;435,000;BR-386/RS;Norte;Colisão - Lateral;1;0;0;0;0;0;0;1;0;0;2;1;0;0;0
04/11/2020;15:59:04;156;Acidente com VITIMA;276,000;BR-386/RS;Sul;Colisão - Frontal;2;0;0;0;0;0;0;0;0;0;2;0;2;0;0
04/11/2020;19:46:10;186;Acidente com VITIMA;432,000;BR-386/RS;Sul;Colisão - Traseira;1;0;0;1;0;0;0;0;0;0;1;1;0;0;0
04/11/2020;04:10:50;19;Acidente com VITIMA FATAL;242,000;BR-386/RS;Norte;Colisão - Frontal;1;0;0;0;0;0;0;0;0;1;1;0;1;0;1
04/11/2020;22:04:36;208;Acidente com VITIMA;65,000;BR-290/RS;Oeste;Queda de ribanceira;1;0;0;0;0;0;0;0;0;0;0;2;2;0;0
04/11/2020;07:06:02;29;Acidente com VITIMA;436,000;BR-386/RS;Norte;Saída de pista;0;0;1;0;0;0;0;0;0;0;0;0;1;0;0
05/11/2020;10:23:56;101;Acidente sem VITIMA;38,000;BR-290/RS;Leste;Queda de ribanceira;1;0;0;0;0;0;0;0;0;0;1;0;0;0;0
05/11/2020;11:08:55;109;Acidente com VITIMA;181,000;BR-386/RS;Norte;Saída de pista;0;0;0;0;0;0;0;1;0;0;0;1;0;0;0
05/11/2020;11:27:31;112;Acidente sem VITIMA;8,000;BR-290/RS;Leste;Saída de pista;1;0;0;0;0;0;0;0;0;0;1;0;0;0;0
05/11/2020;14:14:41;147;Acidente sem VITIMA;289,000;BR-386/RS;Norte;Saída de pista;0;0;0;0;0;0;0;0;0;1;1;0;0;0;0
05/11/2020;15:21:49;161;Acidente sem VITIMA;60,000;BR-290/RS;Oeste;Colisão - Traseira;2;0;0;0;0;0;0;0;0;0;4;0;0;0;0
05/11/2020;17:03:34;182;Acidente sem VITIMA;33,000;BR-101/RS;Norte;Colisão - Lateral;2;0;0;0;0;1;0;0;0;0;7;0;0;0;0
05/11/2020;17:46:23;190;Acidente sem VITIMA;426,000;BR-386/RS;Sul;Colisão - Traseira;1;0;0;0;0;0;0;1;0;0;3;0;0;0;0
05/11/2020;18:03:54;195;Acidente sem VITIMA;87,000;BR-290/RS;Leste;Colisão - Traseira;1;0;0;0;0;1;0;0;0;0;1;0;0;0;0
05/11/2020;21:48:09;227;Acidente sem VITIMA;418,000;BR-386/RS;Sul;Queda de ribanceira;1;0;0;0;0;0;0;0;0;0;1;0;0;0;0
05/11/2020;08:06:34;45;Acidente sem VITIMA;92,000;BR-290/RS;Ambos;Engavetamento;2;0;1;0;0;0;0;0;0;0;3;0;0;0;0
05/11/2020;08:28:50;61;Acidente sem VITIMA;5,000;BR-290/RS;Oeste;Colisão - Lateral;1;0;1;0;0;0;0;0;0;0;3;0;0;0;0
06/11/2020;11:43:24;128;Acidente com VITIMA;330,000;BR-386/RS;Norte;Queda de ribanceira;1;0;0;0;0;1;0;0;0;0;2;1;0;0;0
06/11/2020;06:54:13;14;Acidente sem VITIMA;426,000;BR-386/RS;Norte;Colisão - Traseira;1;0;0;0;0;0;0;0;0;1;2;0;0;0;0
06/11/2020;14:20:27;159;Acidente sem VITIMA;77,380;BR-290/RS;Leste;Choque Praça - Submarino;0;0;0;0;0;0;0;0;0;1;1;0;0;0;0
06/11/2020;18:12:28;217;Acidente com VITIMA;87,000;BR-290/RS;Leste;Queda de moto;1;0;0;1;0;0;0;0;0;0;1;1;0;0;0
06/11/2020;19:44:11;234;Acidente com VITIMA;289,000;BR-386/RS;Sul;Queda de ribanceira;1;0;0;0;0;0;0;0;0;0;4;1;0;0;0
07/11/2020;14:43:35;138;Acidente sem VITIMA;75,000;BR-290/RS;Leste;Choque Defensa;1;0;0;0;0;0;0;0;0;0;1;0;0;0;0
07/11/2020;15:43:43;150;Acidente sem VITIMA;89,000;BR-290/RS;Leste;Queda de moto;0;0;0;1;0;0;0;0;0;0;2;0;0;0;0
07/11/2020;15:50:17;153;Acidente com VITIMA;204,000;BR-386/RS;Sul;Queda de moto;0;0;0;1;0;0;0;0;0;0;0;1;0;0;0
07/11/2020;18:54:41;199;Atropelamento;92,000;BR-290/RS;Leste;Atropelamento - Usuário;1;0;0;0;0;0;0;0;0;0;0;0;0;1;0
07/11/2020;20:28:27;214;Acidente com VITIMA;392,000;BR-386/RS;Sul;Colisão - Lateral;2;0;0;0;0;0;0;0;0;0;2;0;0;1;0
07/11/2020;22:18:02;232;Acidente sem VITIMA;78,000;BR-290/RS;Oeste;Queda de ribanceira;1;0;0;0;0;0;0;0;0;0;1;0;0;0;0
07/11/2020;07:58:02;42;Atropelamento;433,000;BR-386/RS;Sul;Atropelamento - Andarilho;0;0;1;0;0;0;0;0;0;0;1;0;1;0;0
07/11/2020;08:37:04;52;Acidente sem VITIMA;60,000;BR-290/RS;Leste;Colisão - Traseira;2;0;0;0;0;0;0;0;0;0;5;0;0;0;0
07/11/2020;11:03:17;96;Acidente sem VITIMA;344,000;BR-386/RS;Norte;Colisão - Traseira;2;0;0;0;0;0;0;0;0;0;4;0;0;0;0
08/11/2020;18:16:53;157;Acidente sem VITIMA;356,000;BR-386/RS;Norte;Saída de pista;1;0;0;0;0;0;0;0;0;0;1;0;0;0;0
08/11/2020;19:11:44;170;Acidente com VITIMA;75,000;BR-290/RS;Oeste;Choque Defensa;1;0;0;0;0;0;0;0;0;0;2;1;0;0;0
08/11/2020;19:42:14;176;Acidente com VITIMA;190,000;BR-386/RS;Norte;Colisão - Lateral;1;0;0;0;0;0;0;1;0;0;1;1;0;0;0
08/11/2020;20:21:15;183;Acidente com VITIMA;16,000;BR-448/RS;Sul;Queda de moto;0;0;0;1;0;0;0;0;0;0;1;1;0;0;0
08/11/2020;22:46:40;202;Acidente com VITIMA;97,000;BR-290/RS;Oeste;Colisão - Frontal;2;0;0;0;0;0;0;0;0;0;3;1;0;0;0
08/11/2020;09:25:58;61;Acidente com VITIMA;39,000;BR-101/RS;Norte;Queda de moto;1;0;0;0;0;0;0;0;0;0;0;1;0;0;0
09/11/2020;02:41:08;12;Acidente sem VITIMA;33,000;BR-290/RS;Oeste;Saída de pista;0;0;1;0;0;0;0;0;0;0;1;0;0;0;0
09/11/2020;15:55:01;164;Acidente sem VITIMA;94,000;BR-290/RS;Leste;Choque Barreira;1;0;0;0;0;0;0;0;0;0;1;0;0;0;0
09/11/2020;16:24:09;170;Acidente sem VITIMA;92,000;BR-290/RS;Leste;Colisão - Lateral;1;0;0;0;0;1;0;0;0;0;2;0;0;0;0
09/11/2020;19:37:34;204;Acidente com VITIMA;283,270;BR-386/RS;Norte;Atropelamento de Animal;3;0;0;0;0;0;0;0;0;0;4;3;0;0;0
09/11/2020;23:02:45;224;Acidente sem VITIMA;244,000;BR-386/RS;Norte;Choque Talude;0;0;1;0;0;0;0;0;0;0;2;0;0;0;0
09/11/2020;00:38:23;5;Acidente sem VITIMA;366,000;BR-386/RS;Norte;Queda de ribanceira;1;0;0;0;0;0;0;0;0;0;1;0;0;0;0
09/11/2020;08:00:43;59;Acidente com VITIMA;93,000;BR-290/RS;Leste;Colisão - Lateral;1;0;0;1;0;0;0;0;0;0;1;1;0;0;0
10/11/2020;20:48:09;207;Acidente sem VITIMA;341,000;BR-386/RS;Norte;Saída de pista;0;0;1;0;0;0;0;0;0;0;2;0;0;0;0
10/11/2020;07:08:42;28;Acidente com VITIMA;437,000;BR-386/RS;Sul;Choque Talude;0;0;0;1;0;0;0;0;0;0;0;2;0;0;0
11/11/2020;10:51:40;106;Atropelamento Fatal;80,000;BR-290/RS;Oeste;Atropelamento - Morador/Trabalhador/Estudante;0;0;1;0;0;0;0;0;0;0;2;0;0;0;1
11/11/2020;15:07:36;142;Acidente sem VITIMA;92,280;BR-290/RS;Leste;Colisão - Lateral;2;0;0;0;0;0;0;0;0;0;2;0;0;0;0
11/11/2020;15:11:54;143;Acidente sem VITIMA;51,000;BR-101/RS;Sul;Colisão - Traseira;0;0;1;0;0;0;0;1;0;0;2;0;0;0;0
11/11/2020;16:54:23;164;Acidente com VITIMA;254,000;BR-386/RS;Norte;Colisão - Transversal;1;0;0;0;2;0;0;0;0;0;3;3;0;0;0
11/11/2020;16:55:58;165;Acidente com VITIMA;353,000;BR-386/RS;Sul;Choque Defensa;1;0;0;0;0;0;0;0;0;0;0;2;0;0;0
11/11/2020;17:52:11;173;Acidente sem VITIMA;362,000;BR-386/RS;Sul;Outros;0;0;1;0;0;1;0;0;0;0;2;0;0;0;0
11/11/2020;19:21:47;188;Acidente com VITIMA;436,000;BR-386/RS;Norte;Queda de moto;0;0;0;1;0;0;0;0;0;0;0;0;1;0;0
11/11/2020;00:57:48;6;Acidente sem VITIMA;230,000;BR-386/RS;Sul;Queda de ribanceira;1;0;0;0;0;0;0;0;0;0;3;0;0;0;0
12/11/2020;11:16:14;102;Acidente sem VITIMA;352,000;BR-386/RS;Norte;Choque Defensa;1;0;0;0;0;0;0;0;0;0;1;0;0;0;0
12/11/2020;19:29:55;176;Acidente sem VITIMA;1,000;BR-448/RS;Sul;Choque Defensa;1;0;0;0;0;0;0;0;0;0;1;0;0;0;0
12/11/2020;21:34:11;193;Acidente sem VITIMA;412,000;BR-386/RS;Norte;Colisão - Lateral;2;0;0;0;0;0;0;0;0;0;2;0;0;0;0
12/11/2020;07:41:31;26;Acidente com VITIMA;92,000;BR-290/RS;Oeste;Colisão - Traseira;1;0;0;1;0;0;0;0;0;0;3;0;1;0;0
12/11/2020;03:15:45;7;Acidente sem VITIMA;38,000;BR-101/RS;Sul;Queda de ribanceira;0;0;1;0;0;0;0;0;0;0;2;0;0;0;0
12/11/2020;10:00:15;85;Acidente sem VITIMA;75,000;BR-290/RS;Leste;Choque Defensa;1;0;0;0;0;0;0;0;0;0;3;0;0;0;0
13/11/2020;16:47:26;218;Acidente sem VITIMA;429,000;BR-386/RS;Norte;Saída de pista;0;0;0;0;0;0;0;0;0;1;1;0;0;0;0
13/11/2020;17:59:50;238;Acidente com VITIMA;415,000;BR-386/RS;Norte;Colisão - Frontal;2;0;0;0;0;0;0;0;0;0;2;1;0;0;0
13/11/2020;18:06:32;241;Acidente sem VITIMA;38,000;BR-290/RS;Leste;Capotamento;1;0;0;0;0;0;0;0;0;0;3;0;0;0;0
13/11/2020;20:19:52;267;Acidente sem VITIMA;257,000;BR-386/RS;Sul;Atropelamento de Animal;0;0;0;0;0;0;0;1;0;0;1;0;0;0;0
13/11/2020;08:00:17;57;Acidente sem VITIMA;20,000;BR-448/RS;Sul;Engavetamento;3;0;0;0;0;0;0;0;0;0;3;0;0;0;0
13/11/2020;08:21:05;73;Acidente sem VITIMA;91,000;BR-290/RS;Oeste;Choque Barreira;1;0;0;0;0;0;0;0;0;0;1;0;0;0;0
14/11/2020;14:09:41;137;Acidente com VITIMA;14,000;BR-290/RS;Leste;Queda de moto;1;0;0;0;0;0;0;0;0;0;0;1;0;0;0
14/11/2020;15:01:25;144;Acidente sem VITIMA;70,000;BR-101/RS;Norte;Colisão - Lateral;1;0;1;0;0;0;0;0;0;0;4;0;0;0;0
14/11/2020;15:18:29;151;Acidente com VITIMA;68,000;BR-290/RS;Leste;Queda de moto;0;0;0;1;0;0;0;0;0;0;0;2;0;0;0
14/11/2020;16:56:34;182;Acidente com VITIMA;26,000;BR-101/RS;Ambos;Capotamento;1;0;0;0;0;0;0;0;0;0;2;0;1;0;0