data;horario;n_da_ocorrencia;tipo_de_ocorrencia;km;trecho;sentido;tipo_de_acidente;automovel;bicicleta;caminhao;moto;onibus;outros;tracao_animal;transporte_de_cargas_especiais;trator_maquinas;utilitarios;ilesos;levemente_feridos;moderadamente_feridos;gravemente_feridos;mortos
14/11/2020;17:09:44;188;Acidente sem VITIMA;92,000;BR-290/RS;Oeste;Colisão - Lateral;2;0;0;0;0;0;0;0;0;0;2;0;0;0;0
14/11/2020;08:42:10;62;Acidente com VITIMA;296,000;BR-386/RS;Sul;Tombamento;0;0;0;0;0;0;0;1;0;0;0;1;0;0;0
14/11/2020;09:48:48;73;Acidente sem VITIMA;75,000;BR-290/RS;Leste;Queda de ribanceira;1;0;0;0;0;0;0;0;0;0;2;0;0;0;0
14/11/2020;10:04:35;76;Acidente sem VITIMA;5,000;BR-290/RS;Oeste;Queda de ribanceira;1;0;0;0;0;0;0;0;0;0;2;0;0;0;0
14/11/2020;11:58:44;99;Acidente sem VITIMA;291,000;BR-386/RS;Norte;Colisão - Transversal;1;0;1;0;0;0;0;0;0;0;2;0;0;0;0
15/11/2020;04:04:33;16;Acidente sem VITIMA;38,000;BR-101/RS;Norte;Tombamento;0;0;0;0;0;0;0;1;0;0;1;0;0;0;0
15/11/2020;19:19:43;173;Acidente com VITIMA;10,000;BR-448/RS;Norte;Colisão - Traseira;1;0;0;1;0;0;0;0;0;0;2;0;1;0;0
15/11/2020;21:09:16;190;Acidente com VITIMA;13,000;BR-101/RS;Sul;Colisão - Lateral;1;0;0;1;0;0;0;0;0;0;0;1;1;0;0
15/11/2020;09:41:59;46;Acidente sem VITIMA;303,000;BR-386/RS;Norte;Saída de pista;1;0;0;0;0;0;0;0;0;0;3;0;0;0;0
15/11/2020;11:02:51;63;Acidente sem VITIMA;60,000;BR-290/RS;Leste;Colisão - Traseira;2;0;0;0;0;0;0;0;0;0;5;0;0;0;0
16/11/2020;12:00:43;124;Acidente sem VITIMA;76,000;BR-101/RS;Sul;Queda de ribanceira;1;0;0;0;0;0;0;0;0;0;1;0;0;0;0
16/11/2020;12:06:23;126;Acidente com VITIMA;50,000;BR-290/RS;Leste;Colisão - Lateral;2;0;0;0;0;0;0;0;0;0;4;1;0;0;0
16/11/2020;01:20:22;13;Acidente com VITIMA;393,000;BR-386/RS;Sul;Saída de pista;1;0;0;0;0;0;0;0;0;0;0;1;0;0;0
16/11/2020;13:16:10;134;Acidente sem VITIMA;306,000;BR-386/RS;Norte;Queda de ribanceira;1;0;0;0;0;0;0;0;0;0;1;0;0;0;0
16/11/2020;14:14:30;148;Acidente sem VITIMA;35,000;BR-101/RS;Norte;Colisão - Lateral;1;0;1;0;0;0;0;0;0;0;5;0;0;0;0
16/11/2020;14:18:01;149;Acidente sem VITIMA;16,000;BR-290/RS;Leste;Colisão - Lateral;1;0;1;0;0;0;0;0;0;0;4;0;0;0;0
16/11/2020;14:45:32;154;Acidente sem VITIMA;13,000;BR-290/RS;Oeste;Saída de pista;1;0;0;0;0;0;0;0;0;0;1;0;0;0;0
16/11/2020;15:04:25;157;Acidente com VITIMA;13,000;BR-290/RS;Leste;Queda de ribanceira;1;0;0;0;0;0;0;0;0;0;4;1;0;0;0
16/11/2020;15:17:04;162;Acidente sem VITIMA;16,000;BR-290/RS;Oeste;Queda de ribanceira;1;0;0;0;0;0;0;0;0;0;2;0;0;0;0
16/11/2020;20:12:27;218;Acidente sem VITIMA;26,000;BR-290/RS;Oeste;Atropelamento de Animal;1;0;0;0;0;0;0;0;0;0;3;0;0;0;0
16/11/2020;04:40:26;25;Acidente sem VITIMA;318,000;BR-386/RS;Sul;Choque Talude;1;0;0;0;0;0;0;0;0;0;1;0;0;0;0
16/11/2020;05:59:47;31;Acidente com VITIMA;86,000;BR-290/RS;Oeste;Queda de moto;0;0;0;1;0;0;0;0;0;0;0;1;0;0;0
16/11/2020;06:54:26;37;Acidente sem VITIMA;77,000;BR-290/RS;Leste;Choque Barreira;1;0;0;0;0;0;0;0;0;0;3;0;0;0;0
17/11/2020;16:44:24;186;Acidente sem VITIMA;48,000;BR-290/RS;Oeste;Capotamento;1;0;0;0;0;0;0;0;0;0;1;0;0;0;0
17/11/2020;06:18:42;21;Acidente sem VITIMA;86,000;BR-290/RS;Oeste;Colisão - Lateral;2;0;0;0;0;0;0;0;0;0;2;0;0;0;0
17/11/2020;22:41:56;241;Acidente com VITIMA;94,000;BR-290/RS;Oeste;Choque Barreira;1;0;0;0;0;0;0;0;0;0;0;1;0;0;0
17/11/2020;02:06:56;5;Acidente com VITIMA;49,000;BR-101/RS;Norte;Saída de pista;0;0;1;0;0;0;0;0;0;0;1;1;0;0;0
18/11/2020;01:58:19;12;Acidente sem VITIMA;412,000;BR-386/RS;Sul;Atropelamento de Animal;1;0;0;0;0;0;0;0;0;0;1;0;0;0;0
18/11/2020;15:05:58;167;Acidente com VITIMA;350,000;BR-386/RS;Sul;Saída de pista;0;0;0;1;0;0;0;0;0;0;0;1;0;0;0
18/11/2020;17:51:11;193;Acidente com VITIMA;33,000;BR-101/RS;Norte;Queda de moto;0;0;0;1;0;0;0;0;0;0;0;2;0;0;0
18/11/2020;17:57:13;194;Acidente sem VITIMA;446,000;BR-386/RS;Sul;Tombamento;1;0;0;0;0;0;0;0;0;0;1;0;0;0;0
18/11/2020;19:00:31;203;Acidente sem VITIMA;92,000;BR-290/RS;Leste;Colisão - Lateral;1;0;0;0;0;0;0;1;0;0;6;0;0;0;0
18/11/2020;19:42:57;205;Acidente com VITIMA;445,000;BR-386/RS;Norte;Colisão - Traseira;2;0;0;1;0;0;0;0;0;0;2;0;1;0;0
18/11/2020;20:50:16;210;Acidente sem VITIMA;379,000;BR-386/RS;Norte;Choque - Meio Fio;1;0;0;0;0;0;0;0;0;0;3;0;0;0;0
18/11/2020;09:06:32;89;Acidente com VITIMA;241,000;BR-386/RS;Norte;Choque com objeto sobre a pista;1;0;0;1;0;0;0;0;0;0;6;0;1;0;0
19/11/2020;01:04:09;10;Acidente com VITIMA;330,000;BR-386/RS;Sul;Queda de ribanceira;0;0;1;0;0;0;0;0;0;0;0;1;0;0;0
19/11/2020;01:38:48;12;Acidente sem VITIMA;32,000;BR-290/RS;Leste;Queda de ribanceira;1;0;0;0;0;0;0;0;0;0;1;0;0;0;0
19/11/2020;10:45:44;120;Acidente sem VITIMA;35,000;BR-101/RS;Norte;Colisão - Traseira;2;0;0;0;0;0;0;0;0;0;2;0;0;0;0
19/11/2020;02:02:15;13;Acidente sem VITIMA;18,000;BR-290/RS;Oeste;Saída de pista;0;0;1;0;0;0;0;0;0;0;1;0;0;0;0
19/11/2020;13:46:39;156;Acidente sem VITIMA;2,000;BR-290/RS;Oeste;Saída de pista;1;0;0;0;0;0;0;0;0;0;2;0;0;0;0
19/11/2020;03:27:11;17;Acidente com VITIMA FATAL;363,000;BR-386/RS;Sul;Capotamento;1;0;0;0;0;0;0;0;0;0;0;0;0;0;1
19/11/2020;14:59:56;171;Acidente sem VITIMA;90,000;BR-290/RS;Leste;Engavetamento;3;0;0;0;0;0;0;0;0;0;9;0;0;0;0
19/11/2020;19:44:41;230;Acidente sem VITIMA;267,000;BR-386/RS;Sul;Saída de pista;1;0;0;0;0;0;0;0;0;0;1;0;0;0;0
19/11/2020;22:46:01;254;Acidente sem VITIMA;8,430;BR-448/RS;Norte;Colisão - Traseira;2;0;0;0;0;0;0;0;0;0;5;0;0;0;0
19/11/2020;07:44:26;57;Acidente com VITIMA;292,000;BR-386/RS;Sul;Saída de pista;1;0;0;0;0;0;0;0;0;0;3;1;0;0;0
19/11/2020;07:59:58;65;Acidente com VITIMA;353,000;BR-386/RS;Norte;Capotamento;1;0;0;0;0;0;0;0;0;0;0;1;0;0;0
19/11/2020;08:52:54;86;Acidente sem VITIMA;97,000;BR-290/RS;Oeste;Colisão - Traseira;2;0;0;0;0;0;0;0;0;0;1;0;0;0;0
19/11/2020;08:54:43;87;Acidente sem VITIMA;346,000;BR-386/RS;Sul;Colisão - Lateral;1;0;0;0;0;0;0;1;0;0;2;0;0;0;0
20/11/2020;06:39:43;279;Acidente sem VITIMA;417,000;BR-386/RS;Sul;;1;0;0;0;0;0;0;0;0;1;2;0;0;0;0
20/11/2020;07:22:38;295;Acidente sem VITIMA;24,000;BR-101/RS;Norte;Colisão - Traseira;1;0;0;0;0;1;0;0;0;0;4;0;0;0;0
20/11/2020;07:41:32;310;Acidente com VITIMA;90,000;BR-290/RS;Oeste;Colisão - Traseira;1;0;0;1;0;0;0;0;0;0;2;0;1;0;0
20/11/2020;07:46:41;312;Acidente sem VITIMA;88,000;BR-290/RS;Oeste;Colisão - Lateral;1;0;0;1;0;0;0;0;0;0;6;0;0;0;0
20/11/2020;08:12:45;324;Acidente com VITIMA;400,000;BR-386/RS;Norte;Colisão - Frontal;1;0;0;0;0;0;0;1;0;0;1;1;0;1;0
20/11/2020;14:29:42;427;Acidente sem VITIMA;55,000;BR-290/RS;Leste;Choque com objeto sobre a pista;1;0;0;0;0;0;0;0;0;0;3;0;0;0;0
20/11/2020;15:10:44;439;Acidente sem VITIMA;19,000;BR-290/RS;Leste;Colisão - Traseira;1;0;0;0;0;0;0;1;0;0;3;0;0;0;0
20/11/2020;15:31:39;445;Acidente sem VITIMA;83,000;BR-290/RS;Leste;Colisão - Lateral;1;0;1;0;0;0;0;0;0;0;3;0;0;0;0
20/11/2020;15:37:11;447;Acidente sem VITIMA;10,000;BR-448/RS;Norte;Colisão - Traseira;2;0;0;0;0;0;0;0;0;0;3;0;0;0;0
20/11/2020;16:39:47;463;Acidente sem VITIMA;95,000;BR-290/RS;Oeste;Engavetamento;2;0;1;0;0;0;0;0;0;0;4;0;0;0;0
21/11/2020;10:37:17;109;Acidente com VITIMA;346,000;BR-386/RS;Norte;Queda de moto;0;0;0;1;0;0;0;0;0;0;1;1;0;0;0
21/11/2020;10:45:32;111;Acidente sem VITIMA;97,000;BR-290/RS;Ambos;Colisão - Traseira;2;0;0;0;0;0;0;0;0;0;4;0;0;0;0
21/11/2020;11:48:45;127;Acidente sem VITIMA;91,000;BR-290/RS;Leste;Choque Barreira;2;0;0;0;0;0;0;0;0;0;2;0;0;0;0
21/11/2020;03:08:13;18;Acidente com VITIMA;410,000;BR-386/RS;Sul;Saída de pista;0;0;1;0;0;0;0;0;0;0;0;0;0;1;0
21/11/2020;19:52:07;208;Acidente sem VITIMA;6,000;BR-448/RS;Norte;Saída de pista;1;0;0;0;0;0;0;0;0;0;1;0;0;0;0
21/11/2020;21:00:07;216;Acidente com VITIMA;304,000;BR-386/RS;Norte;Queda de ribanceira;0;0;1;0;0;0;0;0;0;0;1;1;0;0;0
21/11/2020;05:15:40;25;Acidente com VITIMA;86,000;BR-290/RS;Leste;Queda de moto;0;0;0;1;0;0;0;0;0;0;0;1;1;0;0
21/11/2020;06:28:09;31;Acidente sem VITIMA;77,400;BR-290/RS;Leste;Choque Praça - Submarino;1;0;0;0;0;0;0;0;0;0;1;0;0;0;0
21/11/2020;08:21:14;71;Acidente sem VITIMA;344,000;BR-386/RS;Norte;Queda de ribanceira;1;0;0;0;0;0;0;0;0;0;1;0;0;0;0
21/11/2020;09:21:55;85;Acidente com VITIMA;62,000;BR-290/RS;Leste;Colisão - Lateral;2;0;0;0;0;0;0;0;0;0;3;6;0;0;0
21/11/2020;10:04:55;98;Acidente com VITIMA;343,000;BR-386/RS;Norte;Capotamento;1;0;0;0;0;0;0;0;0;0;0;0;1;0;0
22/11/2020;16:07:30;141;Acidente sem VITIMA;362,000;BR-386/RS;Norte;Colisão - Lateral;0;0;0;1;0;0;0;1;0;0;3;0;0;0;0
22/11/2020;16:52:50;153;Acidente sem VITIMA;81,000;BR-101/RS;Sul;Colisão - Traseira;6;0;0;0;0;0;0;0;0;0;12;0;0;0;0
22/11/2020;01:51:32;18;Acidente sem VITIMA;37,000;BR-101/RS;Sul;Saída de pista;0;0;0;0;0;0;0;1;0;0;1;0;0;0;0
22/11/2020;20:40:40;208;Acidente sem VITIMA;22,000;BR-290/RS;Oeste;Colisão - Traseira;3;0;0;0;0;0;0;0;0;0;7;0;0;0;0
22/11/2020;03:20:21;22;Acidente sem VITIMA;35,000;BR-290/RS;Leste;Atropelamento de Animal;1;0;0;0;0;0;0;0;0;0;3;0;0;0;0
22/11/2020;23:12:15;228;Acidente com VITIMA;292,000;BR-386/RS;Sul;Queda de ribanceira;0;0;1;0;0;0;0;0;0;0;0;1;0;0;0
23/11/2020;12:32:12;136;Acidente sem VITIMA;306,000;BR-386/RS;Sul;Colisão - Traseira;1;0;1;0;0;0;0;0;0;0;4;0;0;0;0
23/11/2020;14:54:05;157;Acidente sem VITIMA;92,000;BR-290/RS;Leste;Queda de moto;0;0;0;1;0;0;0;0;0;0;2;0;0;0;0
23/11/2020;06:07:24;26;Acidente sem VITIMA;77,000;BR-290/RS;Leste;Choque Praça - Submarino;1;0;0;0;0;0;0;0;0;0;4;0;0;0;0
23/11/2020;06:31:53;29;Acidente sem VITIMA;95,000;BR-290/RS;Oeste;Colisão - Traseira;1;0;1;0;0;0;0;0;0;0;2;0;0;0;0
24/11/2020;21:54:00;237;Acidente sem VITIMA;91,000;BR-290/RS;Leste;Colisão - Traseira;2;0;0;0;0;0;0;0;0;0;2;0;0;0;0
24/11/2020;09:43:00;84;Acidente sem VITIMA;398,000;BR-386/RS;Norte;Queda de ribanceira;1;0;0;0;0;0;0;0;0;0;1;0;0;0;0
24/11/2020;09:52:00;85;Acidente sem VITIMA;417,000;BR-386/RS;Sul;;0;0;1;0;0;0;0;0;0;0;1;0;0;0;0
25/11/2020;10:52:49;134;Acidente com VITIMA FATAL;10,000;BR-290/RS;Leste;Colisão - Frontal;1;0;1;0;0;0;0;0;0;0;0;0;0;0;3
25/11/2020;11:05:00;137;Acidente sem VITIMA;346,000;BR-386/RS;Ambos;Outros;0;0;1;0;0;0;0;0;0;0;1;0;0;0;0
25/11/2020;16:12:00;237;Acidente sem VITIMA;15,000;BR-290/RS;Leste;Colisão - Traseira;3;0;0;0;0;0;0;0;0;0;6;0;0;0;0
25/11/2020;20:23:22;305;Acidente sem VITIMA;44,000;BR-290/RS;Oeste;Colisão - Traseira;2;0;0;0;0;0;0;0;0;0;4;0;0;0;0
25/11/2020;22:43:00;323;Acidente sem VITIMA;25,100;BR-101/RS;Sul;Queda de ribanceira;0;0;1;0;0;0;0;0;0;0;1;0;0;0;0
25/11/2020;23:45:39;328;Acidente sem VITIMA;38,000;BR-290/RS;Leste;Capotamento;1;0;0;0;0;0;0;0;0;0;1;0;0;0;0
25/11/2020;23:56:54;329;Acidente sem VITIMA;77,000;BR-290/RS;Leste;Choque Defensa;1;0;0;0;0;0;0;0;0;0;2;0;0;0;0
26/11/2020;14:58:00;167;Acidente sem VITIMA;11,000;BR-448/RS;Sul;Choque com objeto sobre a pista;1;0;0;0;0;0;0;0;0;0;2;0;0;0;0
26/11/2020;17:16:00;193;Acidente sem VITIMA;21,000;BR-448/RS;Sul;Choque Barreira;1;0;1;0;0;0;0;0;0;0;1;0;0;0;0
26/11/2020;17:49:00;200;Acidente com VITIMA;77,000;BR-290/RS;Leste;Colisão - Lateral;1;0;0;1;0;0;0;0;0;0;1;0;1;0;0
26/11/2020;18:00:00;205;Acidente sem VITIMA;366,000;BR-386/RS;Norte;Saída de pista;1;0;0;0;0;0;0;0;0;0;1;0;0;0;0
26/11/2020;08:27:00;51;Acidente sem VITIMA;96,000;BR-290/RS;Oeste;Colisão - Lateral;1;0;1;0;0;0;0;0;0;0;2;0;0;0;0
26/11/2020;01:01:25;9;Acidente sem VITIMA;383,000;BR-386/RS;Sul;Saída de pista;1;0;0;0;0;0;0;0;0;0;1;0;0;0;0
27/11/2020;18:24:00;177;Acidente sem VITIMA;412,000;BR-386/RS;Ambos;Colisão - Traseira;1;0;0;0;0;0;0;0;0;1;2;0;0;0;0
27/11/2020;06:06:12;19;Acidente com VITIMA;76,000;BR-101/RS;Sul;Colisão - Frontal;2;0;0;0;0;0;0;0;0;0;1;2;0;0;0
27/11/2020;21:00:00;207;Acidente sem VITIMA;345,000;BR-386/RS;Sul;Colisão - Transversal;1;0;1;0;0;0;0;0;0;0;2;0;0;0;0
27/11/2020;06:26:18;22;Acidente com VITIMA;4,000;BR-101/RS;Norte;;1;0;0;0;0;0;0;0;0;0;0;1;0;0;0
27/11/2020;07:53:00;48;Acidente sem VITIMA;19,000;BR-290/RS;Leste;Colisão - Traseira;2;0;0;0;0;0;0;0;0;0;5;0;0;0;0
27/11/2020;10:01:00;83;Acidente sem VITIMA;62,000;BR-101/RS;Sul;Saída de pista;1;0;0;0;0;0;0;0;0;0;1;0;0;0;0
28/11/2020;01:32:44;10;Acidente sem VITIMA;35,000;BR-290/RS;Leste;Queda de ribanceira;0;0;1;0;0;0;0;0;0;0;2;0;0;0;0
28/11/2020;13:07:00;136;Acidente sem VITIMA;306,000;BR-386/RS;Norte;Saída de pista;1;0;0;0;0;0;0;0;0;0;2;0;0;0;0
28/11/2020;13:44:17;143;Acidente sem VITIMA;291,000;BR-386/RS;Norte;Saída de pista;0;0;1;0;0;0;0;0;0;0;1;0;0;0;0
28/11/2020;14:23:00;150;Acidente sem VITIMA;19,000;BR-290/RS;Leste;Colisão - Traseira;2;0;0;0;0;0;0;0;0;0;3;0;0;0;0
28/11/2020;15:41:00;166;Acidente sem VITIMA;304,000;BR-386/RS;Norte;Saída de pista;0;0;0;0;0;0;0;0;0;1;3;0;0;0;0
28/11/2020;03:36:00;17;Acidente sem VITIMA;39,000;BR-290/RS;Leste;Saída de pista;0;0;1;0;0;0;0;0;0;0;3;0;0;0;0
28/11/2020;16:51:00;183;Acidente sem VITIMA;46,000;BR-101/RS;Sul;Choque Barreira;1;0;0;0;0;0;0;0;0;0;2;0;0;0;0
28/11/2020;17:12:19;190;Acidente sem VITIMA;9,000;BR-101/RS;Norte;Saída de pista;1;0;0;0;0;0;0;0;0;0;1;0;0;0;0
28/11/2020;17:21:59;192;Acidente com VITIMA;259,000;BR-386/RS;Sul;Tombamento;0;0;0;0;0;0;0;1;0;0;0;0;0;1;0
28/11/2020;22:31:53;237;Acidente sem VITIMA;87,000;BR-290/RS;Leste;Saída de pista;1;0;0;0;0;0;0;0;0;0;1;0;0;0;0
28/11/2020;01:02:11;8;Acidente sem VITIMA;399,000;BR-386/RS;Sul;Queda de ribanceira;1;0;0;0;0;0;0;0;0;0;4;0;0;0;0
29/11/2020;03:27:48;20;Acidente sem VITIMA;5,000;BR-290/RS;Oeste;Saída de pista;1;0;0;0;0;0;0;0;0;0;3;0;0;0;0
29/11/2020;05:30:14;24;Acidente sem VITIMA;92,000;BR-290/RS;Leste;Queda de moto;0;0;0;1;0;0;0;0;0;0;2;0;0;0;0
30/11/2020;13:22:00;149;Acidente sem VITIMA;16,000;BR-101/RS;Norte;Queda de ribanceira;0;0;1;0;0;0;0;0;0;0;2;0;0;0;0
30/11/2020;17:49:00;204;Acidente com VITIMA;7,000;BR-101/RS;Norte;Colisão - Traseira;2;0;0;0;0;0;0;0;0;0;3;1;0;0;0
30/11/2020;20:56:57;236;Acidente com VITIMA;48,000;BR-290/RS;Oeste;Colisão - Lateral;1;0;1;0;0;0;0;0;0;0;1;1;0;0;0
30/11/2020;22:35:07;242;Acidente com VITIMA;25,000;BR-290/RS;Leste;Tombamento;0;0;1;0;0;0;0;0;0;0;0;0;2;0;0
01/12/2020;16:30:00;196;Acidente com VITIMA;347,000;BR-386/RS;Norte;Colisão - Traseira;0;0;1;1;0;0;0;0;0;0;1;1;0;0;0
02/12/2020;17:51:00;519;Acidente sem VITIMA;328,000;BR-386/RS;Norte;Colisão - Lateral;1;0;1;0;0;0;0;0;0;0;2;0;0;0;0
04/12/2020;23:09:13;324;Acidente sem VITIMA;412,000;BR-386/RS;Norte;Queda de ribanceira;1;0;0;0;0;0;0;0;0;0;1;0;0;0;0
07/12/2020;13:27:00;161;Acidente com VITIMA;74,000;BR-101/RS;Norte;Choque - Arvore;1;0;0;0;0;0;0;0;0;0;0;1;0;0;0
09/12/2020;09:37:54;98;Acidente com VITIMA;22,000;BR-448/RS;Sul;Choque Barreira;0;0;0;1;0;0;0;0;0;0;0;0;1;0;0
09/12/2020;18:30:00;210;Acidente com VITIMA;345,000;BR-386/RS;Sul;Colisão - Traseira;1;0;1;1;0;0;0;0;0;0;2;0;0;1;0
11/12/2020;07:05:19;28;Acidente com VITIMA;343,000;BR-386/RS;Sul;Colisão - Transversal;2;0;0;0;0;0;0;0;0;0;1;0;1;0;0
11/12/2020;16:52:00;264;Acidente sem VITIMA;74,000;BR-290/RS;Oeste;Colisão - Traseira;2;0;0;0;0;0;0;0;0;0;3;0;0;0;0
11/12/2020;18:13:00;294;Acidente sem VITIMA;372,000;BR-386/RS;Sul;Queda de ribanceira;1;0;0;0;0;0;0;0;0;0;1;0;0;0;0
12/12/2020;01:14:21;14;Acidente sem VITIMA;394,000;BR-386/RS;Sul;Queda de ribanceira;1;0;0;0;0;0;0;0;0;0;1;0;0;0;0
12/12/2020;12:04:00;136;Acidente sem VITIMA;22,000;BR-448/RS;Norte;Choque Barreira;1;0;0;0;0;0;0;0;0;0;3;0;0;0;0
06/12/2020;07:13:00;27;Acidente sem VITIMA;92,000;BR-290/RS;Oeste;Choque Defensa;1;0;0;0;0;0;0;0;0;0;1;0;0;0;0
07/12/2020;10:37:00;119;Acidente com VITIMA;342,000;BR-386/RS;Sul;Colisão - Lateral;2;0;0;0;0;0;0;0;0;0;1;1;0;0;0
08/12/2020;18:30:00;257;Acidente sem VITIMA;91,000;BR-290/RS;Leste;Queda de moto;0;0;0;1;0;0;0;0;0;0;1;0;0;0;0
10/12/2020;11:54:00;159;Acidente com VITIMA;348,000;BR-386/RS;Norte;Colisão - Lateral;1;0;0;1;0;0;0;0;0;0;1;1;0;0;0
10/12/2020;16:57:45;253;Acidente sem VITIMA;89,000;BR-290/RS;Oeste;Colisão - Lateral;1;0;1;0;0;0;0;0;0;0;2;0;0;0;0
10/12/2020;19:12:00;286;Acidente sem VITIMA;227,000;BR-386/RS;Sul;Colisão - Lateral;2;0;0;0;0;0;0;0;0;0;2;0;0;0;0
12/12/2020;16:31:00;205;Acidente sem VITIMA;288,000;BR-386/RS;Norte;Capotamento;1;0;0;0;0;0;0;0;0;0;1;0;0;0;0
15/12/2020;10:11:25;120;Acidente sem VITIMA;96,000;BR-290/RS;Oeste;Colisão - Traseira;1;0;0;0;0;0;0;0;0;1;2;0;0;0;0
15/12/2020;13:22:31;165;Acidente sem VITIMA;190,000;BR-386/RS;Norte;Colisão - Traseira;2;0;0;0;0;0;0;0;0;0;3;0;0;0;0
17/12/2020;04:28:00;16;Acidente sem VITIMA;15,000;BR-290/RS;Oeste;Saída de pista;0;0;1;0;0;0;0;0;0;0;1;0;0;0;0
18/12/2020;10:12:00;144;Atropelamento;24,000;BR-101/RS;Sul;Queda de ribanceira;1;0;0;0;0;0;0;0;0;0;1;1;0;0;0
18/12/2020;13:48:00;224;Acidente sem VITIMA;97,000;BR-290/RS;Oeste;Colisão - Traseira;2;0;0;0;0;0;0;0;0;0;2;0;0;0;0
01/12/2020;09:54:00;112;Acidente com VITIMA;57,000;BR-290/RS;Leste;Capotamento;1;0;0;0;0;0;0;0;0;0;2;1;1;0;0
02/12/2020;22:39:08;585;Acidente com VITIMA;76,000;BR-290/RS;Oeste;Queda de moto;0;0;0;1;0;0;0;0;0;0;0;0;1;0;0
04/12/2020;02:22:00;12;Acidente sem VITIMA;346,000;BR-386/RS;Norte;Saída de pista;1;0;0;0;0;0;0;0;0;0;1;0;0;0;0
04/12/2020;07:57:00;64;Acidente sem VITIMA;93,000;BR-290/RS;Oeste;Engavetamento;3;0;0;0;0;0;0;0;0;0;3;0;0;0;0
05/12/2020;09:58:00;96;Acidente sem VITIMA;45,000;BR-101/RS;Norte;Capotamento;1;0;0;0;0;0;0;0;0;0;4;0;0;0;0
07/12/2020;20:48:26;251;Acidente com VITIMA;345,000;BR-386/RS;Sul;Queda de moto;0;0;0;1;0;0;0;0;0;0;0;2;0;0;0
08/12/2020;23:19:46;304;Acidente sem VITIMA;32,000;BR-290/RS;Leste;Atropelamento de Animal;1;0;0;0;0;0;0;0;0;0;3;0;0;0;0
10/12/2020;08:26:29;70;Atropelamento;75,000;BR-290/RS;Leste;Atropelamento - Morador/Trabalhador/Estudante;1;0;0;0;0;0;0;0;0;0;2;0;0;1;0
11/12/2020;07:52:28;59;Acidente sem VITIMA;215,000;BR-386/RS;Sul;Colisão - Traseira;1;0;1;0;0;0;0;0;0;0;2;0;0;0;0
11/12/2020;08:00:00;69;Acidente sem VITIMA;445,000;BR-386/RS;Norte;Engavetamento;3;0;0;0;0;0;0;0;0;0;3;0;0;0;0
14/12/2020;03:54:55;18;Acidente sem VITIMA;414,000;BR-386/RS;Norte;Saída de pista;1;0;0;0;0;0;0;0;0;0;1;0;0;0;0
01/12/2020;07:49:00;51;Acidente com VITIMA;87,000;BR-290/RS;Oeste;Colisão - Traseira;1;0;0;1;0;0;0;0;0;0;1;1;0;0;0
02/12/2020;19:37:11;551;Acidente sem VITIMA;334,000;BR-386/RS;Sul;Saída de pista;1;0;0;0;0;0;0;0;0;0;1;0;0;0;0
06/12/2020;04:50:00;18;Acidente sem VITIMA;417,000;BR-386/RS;Norte;Queda de ribanceira;1;0;0;0;0;0;0;0;0;0;2;0;0;0;0
08/12/2020;08:30:00;94;Acidente com VITIMA;445,000;BR-386/RS;Sul;Queda de moto;0;0;0;1;0;0;0;0;0;0;0;1;0;0;0
08/12/2020;10:19:35;140;Acidente sem VITIMA;28,000;BR-101/RS;Sul;Saída de pista;1;0;0;0;0;0;0;0;0;0;2;0;0;0;0
08/12/2020;15:10:00;217;Acidente sem VITIMA;1,000;BR-448/RS;Sul;Colisão - Lateral;1;0;0;0;0;0;0;1;0;0;3;0;0;0;0
10/12/2020;09:00:00;86;Acidente sem VITIMA;74,000;BR-290/RS;Oeste;Colisão - Traseira;1;0;1;0;0;0;0;0;0;0;2;0;0;0;0
11/12/2020;13:05:00;189;Acidente com VITIMA;343,000;BR-386/RS;Sul;Colisão - Transversal;0;0;0;2;0;0;0;0;0;0;2;0;1;0;0
12/12/2020;22:17:16;269;Acidente com VITIMA;387,000;BR-386/RS;Sul;Colisão - Traseira;1;0;0;1;0;0;0;0;0;0;0;1;0;0;0
16/12/2020;22:26:33;286;Acidente sem VITIMA;43,000;BR-101/RS;Sul;Saída de pista;0;0;0;0;0;0;0;0;0;1;2;0;0;0;0
19/12/2020;01:04:57;11;Acidente sem VITIMA;3,000;BR-290/RS;Leste;Colisão - Frontal;0;0;0;0;0;0;0;0;0;1;1;0;0;0;0
18/12/2020;15:17:04;253;Acidente com VITIMA;285,000;BR-386/RS;Norte;Queda de ribanceira;1;0;0;0;0;0;0;0;0;0;1;0;1;0;0
20/12/2020;18:23:00;194;Acidente com VITIMA;22,000;BR-448/RS;Sul;Queda de Ponte/Viaduto;0;0;0;1;0;0;0;0;0;0;1;0;0;1;0
21/12/2020;13:29:00;394;Acidente sem VITIMA;10,000;BR-448/RS;Sul;Colisão - Traseira;2;0;0;0;0;0;0;0;0;0;2;0;0;0;0
22/12/2020;22:33:39;830;Acidente sem VITIMA;190,000;BR-386/RS;Norte;Atropelamento de Animal;1;0;0;0;0;0;0;0;0;0;2;0;0;0;0