data;horario;n_da_ocorrencia;tipo_de_ocorrencia;km;trecho;sentido;tipo_de_acidente;automovel;bicicleta;caminhao;moto;onibus;outros;tracao_animal;transporte_de_cargas_especiais;trator_maquinas;utilitarios;ilesos;levemente_feridos;moderadamente_feridos;gravemente_feridos;mortos
09/01/2021;08:47:35;78;Acidente sem VITIMA;96,000;BR-290/RS;Oeste;Choque Defensa;1;0;0;0;0;0;0;0;0;0;3;0;0;0;0
09/01/2021;09:29:20;96;Acidente com VITIMA;79,000;BR-101/RS;Norte;Colisão - Lateral;1;0;0;0;0;0;0;0;0;0;0;1;0;0;0
10/01/2021;01:30:53;13;Acidente com VITIMA;68,000;BR-290/RS;Leste;Saída de pista;2;0;0;0;0;0;0;0;0;0;0;1;0;0;0
10/01/2021;01:48:53;15;Acidente sem VITIMA;79,000;BR-101/RS;Sul;Saída de pista;1;0;0;0;0;0;0;0;0;0;2;0;0;0;0
10/01/2021;16:06:23;166;Acidente sem VITIMA;91,000;BR-290/RS;Leste;Queda de moto;0;0;0;1;0;0;0;1;0;0;2;0;0;0;0
10/01/2021;17:16:40;187;Acidente com VITIMA;348,000;BR-386/RS;Sul;Colisão - Traseira;0;0;0;1;0;0;0;0;0;0;1;0;0;0;0
10/01/2021;17:29:58;193;Acidente COM VITIMA;18,000;BR-290/RS;Oeste;Colisão - Traseira;2;0;0;0;0;0;0;0;0;0;7;1;0;0;0
10/01/2021;20:52:31;273;Acidente sem VITIMA;10,000;BR-101/RS;Sul;Colisão - Lateral;1;0;0;1;0;0;0;0;0;0;4;0;0;0;0
10/01/2021;08:57:02;74;Acidente sem VITIMA;74,000;BR-290/RS;Oeste;Colisão - Traseira;2;0;0;0;0;0;0;0;0;0;7;0;0;0;0
11/01/2021;09:16:17;101;Acidente COM VITIMA;60,000;BR-290/RS;Oeste;Colisão - Lateral;1;0;0;0;0;0;0;0;0;0;0;1;0;0;0
11/01/2021;10:20:03;129;Acidente com VITIMA;86,000;BR-290/RS;Oeste;;2;0;0;0;0;0;0;0;0;0;1;1;0;0;0
11/01/2021;13:23:44;194;Acidente sem VITIMA;52,000;BR-101/RS;Ambos;Queda de ribanceira;0;0;0;1;0;0;0;0;0;0;1;0;0;0;0
11/01/2021;06:43:51;23;Acidente com VITIMA;377,000;BR-386/RS;Norte;Tombamento;2;0;0;0;0;0;0;0;0;0;4;0;0;0;0
11/01/2021;18:26:54;299;Acidente COM VITIMA;387,000;BR-386/RS;Norte;Colisão - Transversal;0;0;0;1;0;0;0;0;0;0;0;1;0;0;0
11/01/2021;23:42:16;377;Acidente sem VITIMA;356,000;BR-386/RS;Norte;Saída de pista;1;0;0;0;0;0;0;0;0;0;2;0;0;0;0
11/01/2021;08:25:16;72;Acidente com VITIMA;87,000;BR-290/RS;Oeste;Colisão - Traseira;2;0;0;0;0;0;0;0;0;0;5;0;0;0;0
11/01/2021;08:45:42;82;Acidente sem VITIMA;98,000;BR-290/RS;Oeste;Queda de moto;0;0;0;0;0;0;0;0;0;1;2;0;0;0;0
12/01/2021;09:17:01;105;Acidente sem VITIMA;41,000;BR-290/RS;Oeste;Queda de ribanceira;1;0;0;0;0;0;0;0;0;0;1;0;0;0;0
12/01/2021;12:17:17;167;Acidente com VITIMA;415,000;BR-386/RS;Norte;Colisão - Lateral;1;0;0;0;0;0;0;0;0;0;1;0;0;0;0
12/01/2021;03:46:22;23;Acidente sem VITIMA;41,000;BR-290/RS;Leste;Queda de ribanceira;1;0;0;0;0;0;0;0;0;0;2;0;0;0;0
12/01/2021;17:33:05;244;Acidente COM VITIMA;2,000;BR-290/RS;Oeste;Capotamento;1;0;0;1;0;0;0;0;0;0;5;0;1;0;0
12/01/2021;06:09:53;29;Acidente sem VITIMA;30,000;BR-101/RS;Sul;Queda de ribanceira;1;0;0;0;0;0;0;0;0;0;2;0;0;0;0
13/01/2021;03:23:26;12;Acidente com VITIMA;27,000;BR-290/RS;Leste;Queda de ribanceira;0;0;1;0;0;0;0;0;0;0;0;1;1;0;0
13/01/2021;17:54:50;227;Acidente COM VITIMA;269,000;BR-386/RS;Sul;Colisão - Traseira;1;0;0;0;0;0;0;0;0;0;0;1;0;0;0
13/01/2021;18:23:25;232;Acidente com VITIMA;182,000;BR-386/RS;Sul;Queda de moto;1;0;1;0;0;0;0;0;0;0;2;0;0;0;0
13/01/2021;18:47:11;239;Acidente com VITIMA;92,000;BR-290/RS;Oeste;Queda de moto;1;0;0;0;0;0;0;0;0;0;0;1;0;0;0
13/01/2021;19:48:31;247;Acidente com VITIMA;27,000;BR-101/RS;Sul;Colisão - Lateral;0;0;0;1;0;0;0;0;0;0;1;1;0;0;0
13/01/2021;22:43:06;264;Acidente COM VITIMA;41,000;BR-290/RS;Leste;Queda de ribanceira;1;0;0;0;0;1;0;0;0;0;5;1;0;0;0
13/01/2021;08:49:00;69;Acidente com VITIMA;15,000;BR-101/RS;Sul;Queda de ribanceira;0;0;1;0;0;0;0;0;0;0;1;0;0;0;0
14/01/2021;14:16:16;147;Acidente sem VITIMA;92,000;BR-290/RS;Leste;Colisão - Lateral;1;0;0;0;0;0;0;0;0;0;1;0;0;0;0
14/01/2021;16:03:18;174;Acidente COM VITIMA;404,000;BR-386/RS;Sul;Queda de ribanceira;1;0;0;0;0;0;0;0;0;0;0;1;0;0;0
14/01/2021;17:34:55;195;Acidente COM VITIMA;336,000;BR-386/RS;Norte;Colisão - Lateral;1;0;0;0;0;0;0;0;0;0;0;2;0;0;0
14/01/2021;17:49:11;197;Acidente sem VITIMA;88,000;BR-290/RS;Leste;Colisão - Traseira;2;0;0;0;0;0;0;0;0;0;4;0;0;0;0
14/01/2021;19:31:45;217;Acidente com VITIMA;353,000;BR-386/RS;Sul;Colisão - Lateral;0;0;1;0;0;0;0;0;0;0;1;0;0;0;0
14/01/2021;07:15:13;23;Acidente sem VITIMA;75,000;BR-101/RS;Ambos;Saída de pista;0;0;0;0;0;1;0;1;0;0;2;0;0;0;0
14/01/2021;21:06:58;237;Acidente sem VITIMA;376,000;BR-386/RS;Sul;Choque com objeto sobre a pista;2;0;0;0;0;0;0;0;0;0;2;0;0;0;0
14/01/2021;21:08:49;238;Acidente COM VITIMA;245,000;BR-386/RS;Sul;Colisão - Lateral;1;0;0;1;0;0;0;0;0;0;3;0;1;0;0
14/01/2021;07:26:59;27;Acidente com VITIMA;86,000;BR-290/RS;Leste;Queda de ribanceira;1;0;0;0;0;0;0;0;0;0;2;0;0;0;0
14/01/2021;08:11:19;52;Acidente com VITIMA;19,000;BR-290/RS;Leste;Choque Defensa;2;0;0;0;0;0;0;0;0;0;5;0;0;0;0
15/01/2021;12:09:35;166;Acidente sem VITIMA;308,000;BR-386/RS;Norte;Queda de ribanceira;1;0;0;0;0;0;0;0;0;0;2;0;0;0;0
15/01/2021;15:23:38;213;Acidente com VITIMA;86,000;BR-101/RS;Sul;Colisão - Lateral;1;0;0;0;0;0;0;0;0;0;1;0;0;0;0
15/01/2021;15:30:26;216;Acidente sem VITIMA;354,000;BR-386/RS;Sul;Colisão - Lateral;0;0;0;1;0;0;0;0;0;0;1;0;0;0;0
15/01/2021;15:51:30;222;Acidente com VITIMA;12,000;BR-448/RS;Norte;Queda de moto;0;0;1;0;0;0;0;0;0;0;1;0;0;0;0
15/01/2021;16:24:23;228;Acidente com VITIMA;349,000;BR-386/RS;Norte;Colisão - Traseira;1;0;0;1;0;0;0;0;0;0;1;1;0;0;0
15/01/2021;21:33:56;309;Acidente com VITIMA FATAL;92,000;BR-290/RS;Oeste;Queda de moto;1;0;1;0;0;0;0;0;0;0;2;0;0;0;0
15/01/2021;06:00:48;31;Acidente COM VITIMA;94,000;BR-290/RS;Oeste;Colisão - Lateral;0;0;0;1;0;0;0;0;0;0;0;2;0;0;0
15/01/2021;21:39:39;311;Acidente COM VITIMA;18,000;BR-290/RS;Leste;Colisão - Transversal;2;0;0;0;0;0;0;0;0;0;1;0;0;1;0
15/01/2021;07:37:36;44;Acidente com VITIMA FATAL;442,000;BR-386/RS;Norte;Queda de ribanceira;0;0;0;1;0;0;0;0;0;0;0;0;0;0;1
15/01/2021;08:51:19;96;Acidente sem VITIMA;91,000;BR-290/RS;Ambos;;2;0;0;0;0;0;0;0;0;0;7;0;0;0;0
16/01/2021;01:19:10;12;Acidente sem VITIMA;81,000;BR-290/RS;Leste;Queda de ribanceira;1;0;0;0;0;0;0;0;0;0;2;0;0;0;0
16/01/2021;02:08:28;16;Acidente sem VITIMA;217,000;BR-386/RS;Sul;Colisão - Lateral;1;0;0;0;0;0;0;0;0;1;4;0;0;0;0
16/01/2021;14:13:45;201;Acidente COM VITIMA;396,000;BR-386/RS;Sul;Colisão - Lateral;0;0;0;1;0;0;0;0;0;0;0;1;0;0;0
16/01/2021;14:13:51;203;Acidente sem VITIMA;59,000;BR-290/RS;Leste;Capotamento;1;0;0;0;0;0;0;0;0;0;1;0;0;0;0
16/01/2021;14:19:05;205;Acidente COM VITIMA;94,000;BR-290/RS;Oeste;Choque Defensa;1;0;0;0;0;0;0;0;0;1;3;2;0;1;0
16/01/2021;14:32:23;213;Acidente com VITIMA;382,000;BR-386/RS;Sul;Choque Talude;2;0;0;0;0;0;0;0;0;0;3;0;0;1;0
16/01/2021;14:35:12;214;Acidente sem VITIMA;95,000;BR-290/RS;Oeste;Teste Wanderson;1;0;0;0;0;0;0;0;0;1;2;0;0;0;0
16/01/2021;15:00:37;220;Acidente com VITIMA;306,000;BR-386/RS;Norte;Colisão - Traseira;2;0;0;0;0;0;0;0;0;0;3;0;0;0;0
16/01/2021;15:17:38;229;Acidente sem VITIMA;86,000;BR-101/RS;Norte;Capotamento;1;0;0;0;0;0;0;0;0;0;2;0;0;0;0
16/01/2021;15:40:49;239;Acidente sem VITIMA;352,000;BR-386/RS;Norte;Engavetamento;1;0;0;0;0;0;0;0;0;0;1;0;0;0;0
16/01/2021;16:20:15;249;Acidente com VITIMA;395,000;BR-386/RS;Sul;Choque Talude;1;0;0;0;0;0;0;0;0;0;1;1;0;1;0
16/01/2021;04:46:49;26;Acidente com VITIMA;331,000;BR-386/RS;Norte;Queda de ribanceira;1;0;0;0;0;0;0;0;0;0;1;0;0;0;0
16/01/2021;16:50:24;261;Acidente COM VITIMA;50,000;BR-290/RS;Oeste;Capotamento;1;0;0;0;0;0;0;0;0;0;0;3;0;0;0
16/01/2021;16:51:57;262;Acidente sem VITIMA;306,000;BR-386/RS;Norte;Colisão - Traseira;1;0;0;0;0;0;0;0;0;0;5;0;0;0;0
16/01/2021;17:04:31;264;Acidente sem VITIMA;305,000;BR-386/RS;Sul;Saída de pista;3;0;0;0;0;0;0;0;0;0;4;0;0;0;0
16/01/2021;17:14:15;266;Acidente COM VITIMA;65,000;BR-290/RS;Oeste;Queda de ribanceira;1;0;0;0;0;0;0;0;0;0;0;4;3;0;0
16/01/2021;18:13:16;273;Acidente sem VITIMA;92,000;BR-290/RS;Oeste;Colisão - Lateral;1;0;0;0;0;0;0;0;0;0;2;0;0;0;0
16/01/2021;18:27:15;274;Acidente sem VITIMA;86,000;BR-290/RS;Leste;Saída de pista;2;0;0;0;0;0;0;0;0;0;2;0;0;0;0
16/01/2021;23:35:45;324;Acidente sem VITIMA;14,000;BR-290/RS;Leste;Queda de ribanceira;1;0;0;0;0;0;0;0;0;0;1;0;0;0;0
16/01/2021;05:48:37;35;Acidente sem VITIMA;354,000;BR-386/RS;Sul;;1;0;0;0;0;0;0;0;0;0;3;0;0;0;0
16/01/2021;07:16:40;48;Acidente com VITIMA;423,000;BR-386/RS;Sul;Colisão - Frontal;2;0;0;0;0;0;0;0;0;0;1;0;0;0;0
16/01/2021;07:23:20;51;Acidente com VITIMA;304,000;BR-386/RS;Sul;Colisão - Lateral;1;0;0;0;0;0;0;0;0;0;1;0;0;0;0
16/01/2021;09:00:19;90;Acidente sem VITIMA;60,000;BR-290/RS;Leste;Colisão - Lateral;1;0;0;0;0;0;0;0;0;0;1;0;0;0;0
17/01/2021;13:28:39;102;Acidente com VITIMA;60,000;BR-290/RS;Oeste;Colisão - Traseira;1;0;0;0;0;0;0;0;0;0;1;0;0;0;0
17/01/2021;13:29:28;103;Acidente sem VITIMA;54,000;BR-290/RS;Oeste;Colisão - Lateral;1;0;0;0;0;0;0;0;0;0;1;0;0;0;0
17/01/2021;14:00:39;109;Acidente com VITIMA;21,000;BR-290/RS;Leste;Saída de pista;1;0;0;0;0;0;0;1;0;0;0;0;1;1;0
17/01/2021;14:18:55;113;Acidente COM VITIMA;16,000;BR-290/RS;Leste;Queda de ribanceira;2;0;0;0;0;0;0;0;0;0;2;2;0;0;0
17/01/2021;15:49:34;132;Acidente sem VITIMA;338,000;BR-386/RS;Sul;Queda de ribanceira;2;0;0;0;0;0;0;0;0;0;2;0;0;0;0
17/01/2021;04:57:05;15;Acidente COM VITIMA;96,000;BR-290/RS;Oeste;Choque Defensa;1;0;0;0;0;0;0;0;0;0;1;0;1;0;0
17/01/2021;17:36:40;159;Acidente sem VITIMA;92,000;BR-290/RS;Leste;Colisão - Lateral;1;0;0;0;0;0;0;0;0;0;1;0;0;0;0
17/01/2021;06:01:09;18;Acidente sem VITIMA;13,000;BR-290/RS;Leste;Queda de ribanceira;1;0;0;0;0;0;0;0;0;0;2;0;0;0;0
17/01/2021;18:32:50;185;Acidente sem VITIMA;415,000;BR-386/RS;Sul;Colisão - Traseira;2;0;0;0;0;0;0;0;0;0;3;0;0;0;0
17/01/2021;18:54:47;193;Acidente sem VITIMA;34,000;BR-290/RS;Oeste;Colisão - Traseira;2;0;0;0;0;0;0;0;0;0;2;0;0;0;0
17/01/2021;19:08:32;195;Acidente sem VITIMA;423,000;BR-386/RS;Sul;Saída de pista;2;0;0;0;0;0;0;0;0;0;8;0;0;0;0
17/01/2021;19:13:01;198;Acidente sem VITIMA;93,000;BR-290/RS;Leste;Choque Barreira;1;0;0;0;0;0;0;0;0;0;4;0;0;0;0
17/01/2021;19:13:55;199;Acidente sem VITIMA;420,000;BR-386/RS;Ambos;Saída de pista;1;0;0;0;0;0;0;0;0;0;1;0;0;0;0
17/01/2021;19:39:14;207;Acidente sem VITIMA;93,000;BR-290/RS;Leste;Colisão - Transversal;3;0;0;0;0;0;0;0;0;0;3;0;0;0;0
17/01/2021;22:19:58;234;Acidente sem VITIMA;38,000;BR-290/RS;Leste;Queda de ribanceira;2;0;0;0;0;0;0;0;0;0;4;0;0;0;0
17/01/2021;23:39:01;247;Acidente sem VITIMA;445,000;BR-386/RS;Norte;Atropelamento de Animal;1;0;0;0;0;0;0;0;0;0;4;0;0;0;0
17/01/2021;11:43:58;83;Acidente com VITIMA;299,000;BR-386/RS;Norte;Colisão - Frontal;1;0;0;0;0;0;0;0;0;0;1;0;0;0;0
18/01/2021;09:50:43;116;Acidente sem VITIMA;21,000;BR-101/RS;Sul;Colisão - Lateral;1;0;0;0;0;0;0;0;0;0;2;0;0;0;0
18/01/2021;16:53:59;217;Acidente sem VITIMA;60,000;BR-290/RS;Leste;Colisão - Lateral;1;0;0;0;0;0;0;0;0;0;1;0;0;0;0
18/01/2021;17:43:38;229;Acidente sem VITIMA;1,000;BR-290/RS;Leste;Tombamento;1;0;0;0;0;0;0;0;0;1;2;0;0;0;0
18/01/2021;21:58:54;270;Acidente sem VITIMA;86,000;BR-290/RS;Leste;Saída de pista;1;0;0;0;0;0;0;1;0;0;2;0;0;0;0
18/01/2021;07:50:35;59;Acidente sem VITIMA;353,000;BR-386/RS;Sul;Choque Defensa;0;0;1;0;0;0;0;0;0;0;1;0;0;0;0
18/01/2021;08:20:14;77;Acidente sem VITIMA;35,000;BR-290/RS;Leste;Queda de ribanceira;1;0;0;0;0;0;0;0;0;0;1;0;0;0;0
19/01/2021;10:14:44;112;Acidente sem VITIMA;324,000;BR-386/RS;Sul;Queda de ribanceira;1;0;0;0;0;0;0;0;0;0;2;0;0;0;0
19/01/2021;11:29:15;136;Acidente sem VITIMA;87,000;BR-290/RS;Oeste;Colisão - Traseira;2;0;0;0;0;0;0;0;0;0;3;0;0;0;0
19/01/2021;13:52:42;159;Acidente sem VITIMA;309,000;BR-386/RS;Norte;Colisão - Traseira;1;0;0;0;0;0;0;0;0;0;4;0;0;0;0
19/01/2021;15:31:30;192;Acidente sem VITIMA;362,000;BR-386/RS;Sul;Colisão - Lateral;1;0;0;0;0;0;0;0;0;0;1;0;0;0;0
19/01/2021;17:20:16;213;Atropelamento;42,000;BR-101/RS;Sul;Atropelamento - Andarilho;2;0;0;0;0;0;0;0;0;0;4;0;0;0;0
19/01/2021;17:26:30;216;Acidente com VITIMA;352,000;BR-386/RS;Norte;Colisão - Lateral;1;0;0;0;0;0;0;0;0;1;4;0;0;0;0
19/01/2021;21:22:45;254;Acidente COM VITIMA;23,000;BR-290/RS;Oeste;Colisão - Traseira;0;0;1;0;0;0;0;0;0;0;0;0;1;0;0
19/01/2021;08:05:38;64;Acidente COM VITIMA;95,000;BR-290/RS;Oeste;Colisão - Traseira;1;0;0;1;0;0;0;0;0;0;1;1;0;0;0
19/01/2021;00:29:49;7;Acidente sem VITIMA;61,000;BR-290/RS;Oeste;Atropelamento de Animal;0;0;0;0;0;1;0;1;0;0;2;0;0;0;0
20/01/2021;11:30:51;182;Acidente sem VITIMA;67,000;BR-101/RS;Norte;Colisão - Lateral;1;0;0;0;0;0;0;1;0;0;3;0;0;0;0
20/01/2021;15:54:10;242;Acidente sem VITIMA;83,000;BR-290/RS;Oeste;Queda de moto;0;0;0;1;0;0;0;0;0;0;1;0;0;0;0
21/01/2021;04:42:20;12;Acidente com VITIMA;41,000;BR-290/RS;Oeste;Queda de ribanceira;1;0;0;0;0;0;0;0;0;0;0;1;0;0;0
21/01/2021;11:37:01;144;Acidente COM VITIMA;31,000;BR-290/RS;Leste;Queda de ribanceira;1;0;0;0;0;0;0;0;0;0;1;1;0;0;0
21/01/2021;13:25:26;174;Acidente sem VITIMA;92,000;BR-290/RS;Leste;Colisão - Transversal;1;0;0;0;0;0;0;0;0;0;1;0;0;0;0
21/01/2021;07:44:59;48;Acidente com VITIMA;357,040;BR-386/RS;Sul;Queda de ribanceira;2;0;0;0;0;0;0;0;0;0;2;0;0;0;0
22/01/2021;02:34:29;12;Acidente sem VITIMA;64,000;BR-290/RS;Oeste;Outros;1;0;0;0;0;0;0;0;0;0;1;0;0;0;0
22/01/2021;12:57:30;174;Acidente com VITIMA;439,000;BR-386/RS;Norte;Tombamento;1;0;0;0;0;0;0;0;0;0;1;0;0;0;0
22/01/2021;15:36:03;212;Acidente COM VITIMA;350,000;BR-386/RS;Norte;Colisão - Lateral;1;0;0;0;0;0;0;0;0;1;3;1;0;0;0
22/01/2021;17:37:37;239;Acidente sem VITIMA;1,000;BR-101/RS;Norte;Colisão - Traseira;2;0;0;0;0;0;0;0;0;0;3;0;0;0;0
22/01/2021;18:45:45;262;Acidente sem VITIMA;69,000;BR-290/RS;Leste;Choque com objeto sobre a pista;2;0;0;0;0;0;0;0;0;0;11;0;0;0;0
22/01/2021;07:31:23;43;Acidente sem VITIMA;351,000;BR-386/RS;Norte;Queda de ribanceira;1;0;0;0;0;0;0;0;0;0;2;0;0;0;0
23/01/2021;09:46:25;112;Acidente sem VITIMA;75,000;BR-290/RS;Leste;Choque Defensa;0;0;1;0;0;0;0;0;0;0;1;0;0;0;0
23/01/2021;11:23:11;141;Atropelamento;437,000;BR-386/RS;Sul;;2;0;0;0;0;0;0;0;0;0;2;0;0;0;0
23/01/2021;11:38:49;144;Acidente sem VITIMA;29,000;BR-101/RS;Norte;Queda de ribanceira;1;0;0;0;0;0;0;0;0;0;1;0;0;0;0
23/01/2021;17:26:52;236;Acidente com VITIMA;86,000;BR-101/RS;Norte;Colisão - Transversal;2;0;0;0;0;0;0;0;0;0;2;0;0;0;0
23/01/2021;23:59:54;298;Acidente com VITIMA;271,000;BR-386/RS;Sul;Capotamento;1;0;0;0;0;0;0;0;0;0;0;1;0;0;0
23/01/2021;03:28:07;32;Acidente sem VITIMA;273,000;BR-386/RS;Sul;Saída de pista;0;0;0;1;0;0;0;0;0;0;1;0;0;0;0
23/01/2021;06:38:10;48;Acidente COM VITIMA;60,000;BR-290/RS;Leste;Colisão - Lateral;2;0;0;0;0;0;0;0;0;0;2;0;1;0;0
23/01/2021;09:05:27;97;Acidente COM VITIMA;279,000;BR-386/RS;Norte;Queda de ribanceira;1;0;0;0;0;0;0;0;0;0;2;1;1;0;0
24/01/2021;14:16:53;118;Acidente sem VITIMA;60,000;BR-290/RS;Oeste;Colisão - Traseira;1;0;0;0;0;0;0;0;0;0;1;0;0;0;0
24/01/2021;02:51:04;14;Acidente sem VITIMA;189,000;BR-386/RS;Norte;Capotamento;1;0;0;0;0;0;0;0;0;0;3;0;0;0;0
24/01/2021;16:07:09;145;Acidente sem VITIMA;61,000;BR-290/RS;Oeste;Queda de ribanceira;1;0;0;0;0;0;0;0;0;0;2;0;0;0;0
24/01/2021;17:01:07;161;Acidente sem VITIMA;57,000;BR-290/RS;Oeste;Colisão - Traseira;1;0;0;0;0;0;0;0;0;0;2;0;0;0;0
24/01/2021;17:21:28;166;Acidente sem VITIMA;362,000;BR-386/RS;Sul;Colisão - Lateral;2;0;0;0;0;0;0;0;0;0;2;0;0;0;0
24/01/2021;18:02:11;177;Acidente sem VITIMA;413,000;BR-386/RS;Norte;Choque - Meio Fio;2;0;0;0;0;0;0;0;0;0;3;0;0;0;0
24/01/2021;18:42:43;186;Acidente com VITIMA;440,000;BR-386/RS;Norte;Queda de moto;1;0;0;0;0;0;0;0;0;0;2;0;0;0;0
24/01/2021;20:44:21;221;Acidente com VITIMA;246,000;BR-386/RS;Norte;Queda de ribanceira;0;0;0;1;0;0;0;0;0;0;1;1;0;0;0
24/01/2021;11:12:09;81;Acidente COM VITIMA;44,000;BR-290/RS;Leste;Queda de ribanceira;1;0;0;0;0;0;0;0;0;0;0;0;1;0;0
25/01/2021;12:50:32;193;Acidente com VITIMA;362,000;BR-386/RS;Sul;Colisão - Lateral;2;0;0;0;0;0;0;0;0;0;0;2;0;0;0
25/01/2021;14:33:34;228;Acidente com VITIMA;80,000;BR-290/RS;Leste;Colisão - Traseira;1;0;0;0;0;0;0;0;0;0;3;0;1;0;0
25/01/2021;05:31:38;28;Acidente com VITIMA;17,000;BR-290/RS;Leste;Capotamento;1;0;0;0;0;0;0;1;0;0;2;0;1;0;0
25/01/2021;09:09:01;96;Acidente com VITIMA;36,000;BR-101/RS;Sul;Queda de ribanceira;1;0;0;1;0;0;0;0;0;0;1;0;0;1;0
26/01/2021;09:26:19;110;Acidente com VITIMA;89,000;BR-290/RS;Leste;;1;0;0;0;0;0;0;0;0;1;7;0;0;0;0
26/01/2021;10:42:49;154;Acidente com VITIMA;7,000;BR-101/RS;Sul;Colisão - Lateral;1;0;0;0;0;0;0;0;0;0;0;1;0;0;0
26/01/2021;13:02:59;194;Acidente COM VITIMA;307,000;BR-386/RS;Norte;Queda de ribanceira;2;0;0;0;0;0;0;0;0;0;2;0;1;0;0
26/01/2021;14:02:26;214;Acidente sem VITIMA;413,000;BR-386/RS;Norte;Queda de ribanceira;1;0;0;0;0;0;0;0;0;0;1;0;0;0;0
26/01/2021;15:07:11;239;Acidente com VITIMA;444,000;BR-386/RS;Sul;Queda de ribanceira;1;0;0;0;0;0;0;0;0;0;1;0;0;0;0
26/01/2021;06:57:18;31;Acidente COM VITIMA;21,000;BR-448/RS;Sul;Colisão - Lateral;1;0;0;0;0;0;0;0;0;0;3;1;0;0;0
26/01/2021;21:47:13;319;Atropelamento;86,000;BR-290/RS;Oeste;;0;0;0;0;0;0;0;0;0;0;0;1;0;0;0
26/01/2021;22:24:23;322;Acidente com VITIMA;396,000;BR-386/RS;Norte;Saída de pista;1;0;0;0;0;0;0;0;0;0;0;0;1;0;0
27/01/2021;02:51:29;11;Acidente sem VITIMA;16,000;BR-448/RS;Sul;Atropelamento de Animal;1;0;0;0;0;0;0;0;0;0;1;0;0;0;0
27/01/2021;17:51:14;187;Acidente sem VITIMA;37,000;BR-290/RS;Leste;Queda de ribanceira;1;0;0;0;0;0;0;0;0;0;1;0;0;0;0
27/01/2021;05:38:11;19;Acidente com VITIMA;22,000;BR-101/RS;Sul;Colisão - Traseira;0;0;0;0;0;0;0;2;0;0;1;0;1;0;0
27/01/2021;18:11:54;191;Acidente COM VITIMA;35,000;BR-101/RS;Sul;Colisão - Lateral;1;0;0;0;0;0;0;1;0;0;1;0;1;0;0
27/01/2021;18:22:04;192;Acidente COM VITIMA;10,000;BR-290/RS;Leste;Capotamento;0;0;1;0;0;0;0;0;0;0;0;1;0;0;0
27/01/2021;19:54:29;212;Acidente sem VITIMA;304,000;BR-386/RS;Norte;Tombamento;1;0;0;0;0;0;0;0;0;0;1;0;0;0;0
27/01/2021;20:05:04;214;Acidente sem VITIMA;368,000;BR-386/RS;Sul;Saída de pista;2;0;0;0;0;0;0;0;0;0;4;0;0;0;0
27/01/2021;07:21:46;30;Acidente com VITIMA;241,000;BR-386/RS;Norte;Colisão - Lateral;1;0;0;0;0;0;0;0;0;0;2;0;0;0;0
27/01/2021;00:32:21;4;Acidente sem VITIMA;72,000;BR-290/RS;Oeste;Queda de moto;0;0;1;0;0;0;0;0;0;0;1;0;0;0;0
27/01/2021;09:42:02;83;Acidente com VITIMA;417,000;BR-386/RS;Sul;Tombamento;1;0;0;0;0;0;0;0;0;0;3;0;0;0;0
28/01/2021;09:40:46;103;Acidente sem VITIMA;401,000;BR-386/RS;Sul;Queda de moto;0;0;1;0;0;0;0;0;0;0;2;0;0;0;0
28/01/2021;11:24:11;122;Acidente com VITIMA;335,000;BR-386/RS;Sul;Saída de pista;0;0;0;1;0;0;0;0;0;0;1;0;0;0;0
28/01/2021;01:54:52;18;Acidente COM VITIMA;307,000;BR-386/RS;Norte;Saída de pista;1;0;0;0;0;0;0;0;0;0;0;1;0;0;0
28/01/2021;17:59:23;202;Acidente sem VITIMA;60,000;BR-290/RS;Oeste;Engavetamento;3;0;0;0;0;0;0;0;0;0;1;0;0;0;0
28/01/2021;21:45:16;254;Acidente sem VITIMA;351,000;BR-386/RS;Norte;Choque Defensa;1;0;0;0;0;0;0;0;0;0;1;0;0;0;0
28/01/2021;22:51:49;264;Acidente com VITIMA;45,000;BR-290/RS;Leste;Saída de pista;1;0;0;0;0;0;0;0;0;0;1;0;1;0;0
29/01/2021;09:34:06;109;Acidente com VITIMA;44,000;BR-101/RS;Norte;Choque com veículo na faixa de rolamento;0;0;1;0;0;0;0;0;0;0;1;0;0;0;0
29/01/2021;10:00:06;119;Acidente COM VITIMA;335,170;BR-386/RS;Sul;Queda de ribanceira;1;0;0;0;0;0;0;0;0;0;1;1;0;0;0
29/01/2021;11:44:18;149;Acidente COM VITIMA;47,000;BR-101/RS;Norte;Colisão - Traseira;1;0;0;0;0;0;0;0;0;0;0;0;1;0;0
29/01/2021;12:12:00;155;Acidente COM VITIMA;346,000;BR-386/RS;Sul;Colisão - Traseira;0;0;0;1;0;0;0;1;0;0;1;0;1;0;0
29/01/2021;12:19:00;157;Acidente sem VITIMA;437,000;BR-386/RS;Norte;Colisão - Lateral;0;0;0;0;0;0;0;0;0;1;1;0;0;0;0
29/01/2021;03:13:25;17;Acidente sem VITIMA;318,000;BR-386/RS;Sul;Saída de pista;1;0;1;0;0;0;0;0;0;0;5;0;0;0;0
29/01/2021;13:52:04;186;Acidente com VITIMA;72,000;BR-290/RS;Leste;Colisão - Traseira;2;0;0;0;0;0;0;0;0;0;1;0;0;0;0