data;horario;n_da_ocorrencia;tipo_de_ocorrencia;km;trecho;sentido;tipo_de_acidente;automovel;bicicleta;caminhao;moto;onibus;outros;tracao_animal;transporte_de_cargas_especiais;trator_maquinas;utilitarios;ilesos;levemente_feridos;moderadamente_feridos;gravemente_feridos;mortos
29/01/2021;14:24:53;197;Acidente com VITIMA;73,000;BR-290/RS;Leste;Colisão - Traseira;1;0;0;0;0;0;0;0;0;1;3;0;0;0;0
29/01/2021;15:52:57;219;Acidente COM VITIMA;361,000;BR-386/RS;Norte;Choque Barreira;0;0;0;1;0;0;0;0;0;1;3;2;0;0;0
29/01/2021;17:31:41;248;Acidente com VITIMA FATAL;307,000;BR-386/RS;Sul;Colisão - Lateral;1;0;0;1;0;0;0;0;0;0;1;1;0;0;0
29/01/2021;17:36:54;250;Acidente com VITIMA;87,000;BR-101/RS;Norte;Colisão - Lateral;1;0;0;0;0;0;0;0;0;0;3;0;0;0;0
29/01/2021;17:43:51;251;Acidente com VITIMA FATAL;92,000;BR-290/RS;Leste;Colisão - Traseira;2;0;0;0;0;0;0;0;0;0;0;1;1;0;1
29/01/2021;17:53:00;255;Acidente com VITIMA;40,000;BR-290/RS;Oeste;Queda de ribanceira;2;0;0;0;0;0;0;0;0;0;1;1;0;0;0
29/01/2021;18:33:14;266;Acidente sem VITIMA;345,000;BR-386/RS;Sul;Tombamento;2;0;0;0;0;0;0;0;0;0;2;0;0;0;0
29/01/2021;19:13:22;278;Acidente COM VITIMA;96,000;BR-290/RS;Oeste;Colisão - Traseira;1;0;0;0;0;0;0;0;0;0;0;1;0;0;0
29/01/2021;08:33:09;78;Acidente com VITIMA;13,000;BR-448/RS;Sul;Queda de moto;0;0;1;0;0;0;0;0;0;0;1;0;0;0;0
29/01/2021;08:50:07;92;Acidente com VITIMA;94,000;BR-290/RS;Leste;Capotamento;1;0;0;1;0;0;0;0;0;0;2;0;0;0;0
30/01/2021;09:38:52;104;Acidente sem VITIMA;92,000;BR-290/RS;Leste;Colisão - Lateral;2;0;0;0;0;0;0;0;0;0;1;0;0;0;0
30/01/2021;14:02:14;182;Acidente sem VITIMA;31,000;BR-101/RS;Sul;Colisão - Lateral;1;0;0;0;0;0;0;0;0;0;1;0;0;0;0
30/01/2021;14:37:24;193;Acidente sem VITIMA;413,000;BR-386/RS;Norte;Queda de ribanceira;1;0;0;0;0;0;0;0;0;0;1;0;0;0;0
30/01/2021;15:26:34;204;Acidente com VITIMA FATAL;379,000;BR-386/RS;Norte;Colisão - Lateral;1;0;0;0;0;0;0;0;0;0;0;0;0;0;1
30/01/2021;17:18:16;230;Acidente sem VITIMA;215,000;BR-386/RS;Sul;Colisão - Transversal;2;0;0;0;0;0;0;0;0;0;2;0;0;0;0
30/01/2021;05:38:41;25;Acidente sem VITIMA;346,000;BR-386/RS;Sul;Queda de ribanceira;2;0;0;0;0;0;0;0;0;0;2;0;0;0;0
30/01/2021;18:59:43;250;Acidente sem VITIMA;71,000;BR-290/RS;Oeste;Capotamento;1;0;0;0;0;0;0;0;0;0;1;0;0;0;0
30/01/2021;05:54:49;27;Acidente sem VITIMA;357,000;BR-386/RS;Norte;Queda de ribanceira;2;0;0;0;0;0;0;0;0;0;5;0;0;0;0
30/01/2021;22:49:13;289;Acidente sem VITIMA;252,000;BR-386/RS;Norte;Saída de pista;1;0;1;0;0;0;0;0;0;0;2;0;0;0;0
30/01/2021;00:54:13;8;Acidente sem VITIMA;91,000;BR-290/RS;Leste;Choque Barreira;1;0;0;0;0;0;0;0;0;0;1;0;0;0;0
30/01/2021;08:47:01;83;Acidente com VITIMA FATAL;88,000;BR-290/RS;Oeste;Capotamento;1;0;0;0;0;0;0;0;0;0;1;0;0;0;0
31/01/2021;06:17:34;20;Acidente COM VITIMA;95,000;BR-290/RS;Leste;Capotamento;1;0;0;0;0;0;0;0;0;0;0;0;1;0;0
31/01/2021;00:45:37;3;Acidente com VITIMA;360,000;BR-386/RS;Norte;Capotamento;1;0;0;0;0;0;0;0;0;0;1;0;0;0;0
01/02/2021;13:06:12;156;Acidente sem VITIMA;355,000;BR-386/RS;Norte;Saída de pista;1;0;0;0;0;0;0;0;0;0;4;0;0;0;0
01/02/2021;18:17:51;226;Acidente sem VITIMA;417,000;BR-386/RS;Sul;Tombamento;0;0;0;0;0;0;0;1;0;0;1;0;0;0;0
01/02/2021;18:44:06;235;Acidente sem VITIMA;342,000;BR-386/RS;Norte;Colisão - Transversal;2;0;0;0;0;0;0;0;0;0;4;0;0;0;0
01/02/2021;20:47:18;260;Acidente sem VITIMA;17,000;BR-448/RS;Sul;Capotamento;1;0;0;0;0;0;0;0;0;0;1;0;0;0;0
02/02/2021;13:16:32;154;Acidente sem VITIMA;36,000;BR-101/RS;Norte;Queda de ribanceira;0;0;0;0;0;1;0;0;0;0;1;0;0;0;0
02/02/2021;16:45:46;196;Acidente sem VITIMA;13,000;BR-448/RS;Norte;Colisão - Lateral;1;0;0;0;0;1;0;0;0;0;4;0;0;0;0
02/02/2021;00:37:03;2;Acidente sem VITIMA;6,000;BR-290/RS;Leste;Choque com objeto sobre a pista;1;0;0;0;0;0;0;0;0;0;5;0;0;0;0
02/02/2021;17:38:46;209;Acidente sem VITIMA;96,000;BR-290/RS;Oeste;Choque Defensa;1;0;0;0;0;0;0;0;0;0;1;0;0;0;0
02/02/2021;18:06:01;222;Acidente sem VITIMA;65,000;BR-290/RS;Oeste;Queda de ribanceira;1;0;0;0;0;0;0;0;0;0;1;0;0;0;0
02/02/2021;19:39:13;242;Acidente sem VITIMA;292,000;BR-386/RS;Sul;Saída de pista;1;0;0;0;0;0;0;0;0;0;6;0;0;0;0
03/02/2021;09:37:11;115;Acidente com VITIMA;92,000;BR-290/RS;Oeste;Colisão - Lateral;1;0;0;1;0;0;0;0;0;0;1;1;0;0;0
03/02/2021;09:43:09;122;Acidente sem VITIMA;47,000;BR-101/RS;Sul;Colisão - Lateral;1;0;0;0;0;0;0;1;0;0;3;0;0;0;0
03/02/2021;10:38:16;143;Acidente sem VITIMA;92,000;BR-290/RS;Leste;Colisão - Lateral;1;0;1;0;0;0;0;0;0;0;2;0;0;0;0
03/02/2021;15:58:33;225;Acidente sem VITIMA;11,000;BR-101/RS;Norte;Saída de pista;1;0;0;0;0;0;0;0;0;0;1;0;0;0;0
03/02/2021;16:29:47;232;Acidente sem VITIMA;411,000;BR-386/RS;Norte;Colisão - Lateral;1;0;1;0;0;0;0;0;0;0;4;0;0;0;0
03/02/2021;17:26:06;243;Acidente sem VITIMA;437,000;BR-386/RS;Norte;Colisão - Traseira;2;0;0;0;0;0;0;0;0;0;2;0;0;0;0
03/02/2021;17:36:56;247;Atropelamento;434,000;BR-386/RS;Norte;Atropelamento - Morador/Trabalhador/Estudante;0;0;0;1;0;1;0;0;0;0;1;1;0;0;0
03/02/2021;05:34:26;25;Acidente sem VITIMA;242,000;BR-386/RS;Sul;Saída de pista;1;0;0;0;0;0;0;0;0;0;1;0;0;0;0
03/02/2021;22:56:14;294;Acidente com VITIMA;17,000;BR-101/RS;Sul;Colisão - Traseira;1;0;0;0;0;0;0;1;0;0;2;1;0;0;0
03/02/2021;07:32:05;50;Acidente com VITIMA;422,000;BR-386/RS;Sul;Queda de ribanceira;1;0;0;0;0;0;0;0;0;0;2;0;1;0;0
04/02/2021;11:22:27;125;Acidente sem VITIMA;60,000;BR-290/RS;Oeste;Colisão - Traseira;2;0;0;0;0;0;0;0;0;0;2;0;0;0;0
04/02/2021;04:47:43;14;Acidente sem VITIMA;77,000;BR-290/RS;Leste;Choque Defensa;1;0;0;0;0;0;0;0;0;0;1;0;0;0;0
04/02/2021;05:15:35;15;Acidente sem VITIMA;422,000;BR-386/RS;Sul;Capotamento;1;0;0;0;0;0;0;0;0;0;5;0;0;0;0
04/02/2021;05:55:58;17;Acidente sem VITIMA;87,000;BR-290/RS;Leste;Queda de ribanceira;1;0;0;0;0;0;0;0;0;0;1;0;0;0;0
04/02/2021;14:38:01;179;Acidente sem VITIMA;408,000;BR-386/RS;Norte;Saída de pista;0;0;0;0;0;1;0;0;0;0;1;0;0;0;0
04/02/2021;14:49:18;180;Acidente sem VITIMA;5,000;BR-448/RS;Norte;Capotamento;1;0;0;0;0;0;0;0;0;0;1;0;0;0;0
04/02/2021;15:17:18;187;Acidente sem VITIMA;394,000;BR-386/RS;Sul;Queda de ribanceira;1;0;0;0;0;0;0;0;0;0;2;0;0;0;0
04/02/2021;16:11:17;203;Acidente com VITIMA;97,000;BR-290/RS;Leste;;2;0;0;0;0;0;0;0;0;0;1;1;0;0;0
04/02/2021;17:28:54;219;Acidente com VITIMA;375,000;BR-386/RS;Norte;Colisão - Traseira;0;0;0;1;0;0;0;0;0;1;2;0;1;0;0
04/02/2021;19:16:20;240;Acidente sem VITIMA;280,000;BR-386/RS;Sul;Colisão - Traseira;1;0;0;0;0;0;0;0;0;1;4;0;0;0;0
04/02/2021;08:04:39;47;Atropelamento;5,000;BR-101/RS;Sul;Atropelamento - Esportista;1;0;0;0;0;0;0;0;0;0;2;0;1;0;0
04/02/2021;08:22:17;54;Acidente com VITIMA;83,000;BR-290/RS;Oeste;Queda de moto;0;0;0;1;0;0;0;0;0;0;0;1;0;0;0
04/02/2021;08:27:32;57;Acidente com VITIMA;292,000;BR-386/RS;Norte;;1;0;0;0;0;0;0;0;0;0;1;1;0;0;0
04/02/2021;00:48:09;6;Acidente sem VITIMA;51,000;BR-101/RS;Norte;Saída de pista;1;0;0;0;0;0;0;0;0;0;1;0;0;0;0
05/02/2021;04:14:11;10;Acidente com VITIMA;298,000;BR-386/RS;Sul;Saída de pista;1;0;0;0;0;0;0;0;0;0;0;1;0;0;0
05/02/2021;11:22:11;131;Acidente sem VITIMA;92,000;BR-290/RS;Leste;Colisão - Lateral;1;0;0;0;0;0;0;1;0;0;2;0;0;0;0
05/02/2021;16:30:21;205;Acidente sem VITIMA;87,000;BR-290/RS;Leste;Colisão - Lateral;2;0;0;0;0;0;0;0;0;0;2;0;0;0;0
05/02/2021;17:38:00;224;Acidente sem VITIMA;89,000;BR-290/RS;Oeste;Colisão - Lateral;1;0;0;1;0;0;0;0;0;0;2;0;0;0;0
05/02/2021;17:39:23;225;Acidente sem VITIMA;427,000;BR-386/RS;Sul;Colisão - Traseira;1;0;0;0;0;0;0;0;0;0;6;0;0;0;0
05/02/2021;19:47:02;255;Acidente com VITIMA;215,470;BR-386/RS;Norte;Colisão - Frontal;1;0;0;1;0;0;0;0;0;0;2;0;1;0;0
05/02/2021;19:53:37;258;Acidente sem VITIMA;445,000;BR-386/RS;Norte;Atropelamento de Animal;0;0;0;1;0;0;0;0;0;0;1;0;0;0;0
05/02/2021;22:14:16;289;Acidente com VITIMA;80,000;BR-290/RS;Oeste;Atropelamento - Morador/Trabalhador/Estudante;1;0;0;0;0;0;0;0;0;0;1;0;0;1;0
05/02/2021;07:21:45;32;Acidente com VITIMA;342,000;BR-386/RS;Sul;Colisão - Lateral;1;0;0;1;0;0;0;0;0;0;0;2;0;0;0
05/02/2021;03:34:10;9;Acidente sem VITIMA;360,000;BR-386/RS;Norte;Saída de pista;1;0;0;0;0;0;0;0;0;0;1;0;0;0;0
05/02/2021;09:31:36;94;Acidente com VITIMA;425,000;BR-386/RS;Sul;Choque Barreira;0;0;1;0;0;0;0;0;0;0;0;1;0;0;0
06/02/2021;10:03:06;101;Acidente sem VITIMA;343,000;BR-386/RS;Norte;Colisão - Traseira;0;0;0;0;0;0;0;1;0;1;2;0;0;0;0
06/02/2021;10:53:57;120;Acidente com VITIMA;98,000;BR-290/RS;Leste;Colisão - Traseira;0;0;0;0;0;0;0;0;0;1;0;1;0;0;0
06/02/2021;15:21:12;165;Acidente com VITIMA;19,000;BR-290/RS;Oeste;Capotamento;1;0;0;0;0;0;0;0;0;0;0;1;1;1;0
06/02/2021;20:57:14;241;Acidente com VITIMA;343,000;BR-386/RS;Ambos;Colisão - Transversal;1;0;0;1;0;0;0;0;0;0;1;1;0;0;0
06/02/2021;05:59:06;30;Acidente sem VITIMA;44,000;BR-290/RS;Leste;Queda de ribanceira;1;0;0;0;0;0;0;0;0;0;1;0;0;0;0
07/02/2021;17:09:46;172;Acidente sem VITIMA;56,000;BR-290/RS;Oeste;Colisão - Traseira;3;0;0;0;0;0;0;0;0;0;6;0;0;0;0
07/02/2021;17:12:13;175;Acidente sem VITIMA;80,000;BR-290/RS;Leste;Saída de pista;1;0;0;0;0;0;0;0;0;0;4;0;0;0;0
07/02/2021;18:13:11;192;Acidente com VITIMA;274,000;BR-386/RS;Sul;Colisão - Lateral;2;0;0;0;0;0;0;0;0;0;3;1;0;0;0
07/02/2021;18:29:00;197;Acidente sem VITIMA;16,000;BR-101/RS;Sul;Choque com objeto sobre a pista;1;0;0;0;0;0;0;0;0;0;1;0;0;0;0
07/02/2021;20:58:33;257;Acidente sem VITIMA;253,000;BR-386/RS;Norte;Saída de pista;1;0;0;0;0;0;0;0;0;0;2;0;0;0;0
07/02/2021;06:12:26;27;Acidente sem VITIMA;94,000;BR-290/RS;Leste;Queda de moto;0;0;0;1;0;0;0;0;0;0;1;0;0;0;0
07/02/2021;00:31:34;3;Acidente com VITIMA;344,000;BR-386/RS;Norte;Colisão - Lateral;1;0;0;1;0;0;0;0;0;0;1;0;0;1;0
07/02/2021;06:35:42;31;Acidente com VITIMA;95,000;BR-290/RS;Leste;Queda de moto;0;0;0;1;0;0;0;0;0;0;0;0;1;0;0
07/02/2021;07:55:16;34;Acidente com VITIMA;186,000;BR-386/RS;Norte;Capotamento;1;0;0;0;0;0;0;0;0;0;0;3;0;0;0
07/02/2021;10:41:16;80;Acidente sem VITIMA;27,000;BR-290/RS;Oeste;Saída de pista;1;0;0;0;0;0;0;0;0;0;5;0;0;0;0
08/02/2021;15:56:49;219;Acidente sem VITIMA;60,000;BR-290/RS;Leste;Choque Barreira;1;0;0;0;0;0;0;0;0;0;3;0;0;0;0
08/02/2021;19:15:49;261;Acidente sem VITIMA;71,000;BR-101/RS;Norte;Queda de ribanceira;0;0;0;0;0;0;0;0;0;1;1;0;0;0;0
08/02/2021;07:40:41;39;Acidente com VITIMA;87,000;BR-290/RS;Oeste;Colisão - Lateral;1;0;0;1;0;0;0;0;0;0;0;0;1;0;0
08/02/2021;08:08:23;60;Atropelamento Fatal;9,000;BR-101/RS;Sul;Atropelamento - Usuário;1;0;0;0;0;0;0;0;0;0;1;0;0;0;1
08/02/2021;08:13:45;66;Acidente sem VITIMA;83,000;BR-290/RS;Oeste;Colisão - Traseira;2;0;0;0;0;0;0;0;0;0;2;0;0;0;0
08/02/2021;08:54:55;87;Acidente com VITIMA;80,000;BR-290/RS;Oeste;Capotamento;2;0;0;0;0;0;0;0;0;0;1;1;0;0;0
08/02/2021;08:56:37;88;Acidente sem VITIMA;92,000;BR-290/RS;Oeste;;1;0;1;0;0;0;0;0;0;0;1;0;0;0;0
08/02/2021;02:14:32;9;Acidente sem VITIMA;350,000;BR-386/RS;Norte;Saída de pista;1;0;0;0;0;0;0;0;0;0;2;0;0;0;0
09/02/2021;09:55:22;109;Acidente com VITIMA;296,000;BR-386/RS;Sul;Capotamento;0;0;0;0;0;0;0;1;0;0;0;0;0;1;0
09/02/2021;13:20:03;150;Acidente sem VITIMA;35,000;BR-101/RS;Sul;Queda de moto;1;0;0;0;0;0;0;0;0;0;1;0;0;0;0
09/02/2021;13:35:39;154;Acidente com VITIMA;37,000;BR-290/RS;Oeste;Colisão - Traseira;2;0;0;0;0;0;0;0;0;0;5;1;1;0;0
09/02/2021;17:24:33;210;Acidente sem VITIMA;428,000;BR-386/RS;Norte;Colisão - Traseira;1;0;0;0;0;1;0;0;0;0;3;0;0;0;0
09/02/2021;07:43:51;42;Acidente sem VITIMA;75,000;BR-290/RS;Ambos;Colisão - Lateral;1;0;0;0;0;0;0;0;0;1;2;0;0;0;0
10/02/2021;10:41:29;127;Acidente sem VITIMA;60,000;BR-290/RS;Leste;Colisão - Traseira;2;0;0;0;0;0;0;0;0;0;2;0;0;0;0
10/02/2021;15:40:04;195;Acidente com VITIMA;353,000;BR-386/RS;Sul;Engavetamento;1;0;2;0;0;0;0;0;0;0;4;0;1;0;0
10/02/2021;00:20:04;2;Acidente com VITIMA;25,000;BR-290/RS;Leste;Colisão - Traseira;0;0;1;0;0;0;0;0;0;1;1;1;0;0;0
10/02/2021;16:25:09;208;Acidente sem VITIMA;92,000;BR-290/RS;Leste;Queda de ribanceira;0;0;0;0;0;0;0;1;0;0;1;0;0;0;0
10/02/2021;17:42:50;231;Acidente sem VITIMA;92,000;BR-290/RS;Oeste;Colisão - Traseira;2;0;0;0;0;0;0;0;0;0;4;0;0;0;0
10/02/2021;23:24:04;274;Acidente sem VITIMA;1,000;BR-290/RS;Leste;Atropelamento de Animal;1;0;0;0;0;0;0;0;0;0;4;0;0;0;0
10/02/2021;07:25:37;30;Acidente sem VITIMA;372,000;BR-386/RS;Norte;Tombamento;0;0;0;0;0;0;0;1;0;0;1;0;0;0;0
10/02/2021;09:22:58;94;Acidente sem VITIMA;430,000;BR-386/RS;Norte;Queda de ribanceira;0;0;0;0;0;0;0;1;0;0;1;0;0;0;0
11/02/2021;10:33:03;109;Acidente sem VITIMA;401,000;BR-386/RS;Norte;Colisão - Traseira;1;0;0;0;0;0;0;0;0;1;2;0;0;0;0
11/02/2021;14:42:49;176;Acidente sem VITIMA;235,000;BR-386/RS;Sul;Queda de ribanceira;2;0;0;0;0;0;0;0;0;0;6;0;0;0;0
11/02/2021;15:33:46;189;Acidente sem VITIMA;356,000;BR-386/RS;Norte;Queda de ribanceira;1;0;0;0;0;0;0;0;0;0;1;0;0;0;0
11/02/2021;16:41:22;208;Acidente sem VITIMA;39,000;BR-290/RS;Leste;Queda de ribanceira;0;0;0;0;0;0;0;0;0;1;1;0;0;0;0
11/02/2021;07:20:03;31;Acidente com VITIMA;92,000;BR-290/RS;Oeste;Queda de moto;0;0;0;1;0;0;0;0;0;0;0;0;1;0;0
11/02/2021;08:19:14;55;Acidente com VITIMA;424,000;BR-386/RS;Sul;Colisão - Traseira;1;0;0;0;0;0;0;0;0;0;2;0;1;0;0
11/02/2021;09:27:38;87;Acidente sem VITIMA;35,000;BR-101/RS;Norte;Colisão - Traseira;2;0;0;0;0;0;0;0;0;0;2;0;0;0;0
12/02/2021;10:09:46;129;Acidente com VITIMA;92,000;BR-290/RS;Leste;Colisão - Lateral;1;0;0;1;0;0;0;0;0;0;1;0;1;0;0
12/02/2021;10:55:44;148;Acidente sem VITIMA;424,000;BR-386/RS;Sul;Colisão - Traseira;2;0;0;0;0;0;0;0;0;0;2;0;0;0;0
12/02/2021;14:25:38;203;Acidente sem VITIMA;53,000;BR-290/RS;Leste;Colisão - Lateral;2;0;0;0;0;0;0;0;0;0;2;0;0;0;0
12/02/2021;16:09:18;230;Acidente sem VITIMA;345,000;BR-386/RS;Sul;Engavetamento;4;0;0;0;0;0;0;0;0;0;6;0;0;0;0
12/02/2021;16:27:17;236;Acidente sem VITIMA;57,000;BR-290/RS;Leste;Colisão - Traseira;3;0;0;0;0;0;0;0;0;0;4;0;0;0;0
12/02/2021;16:38:02;238;Acidente com VITIMA;9,000;BR-101/RS;Norte;Colisão - Lateral;2;0;0;0;0;0;0;0;0;0;1;0;1;0;0
12/02/2021;17:59:04;260;Acidente com VITIMA;234,000;BR-386/RS;Norte;Capotamento;1;0;0;0;0;0;0;0;0;0;0;2;0;0;0
12/02/2021;18:24:48;268;Acidente sem VITIMA;94,000;BR-290/RS;Leste;Colisão - Traseira;2;0;0;0;0;0;0;0;0;0;2;0;0;0;0
12/02/2021;18:56:02;280;Acidente sem VITIMA;28,000;BR-290/RS;Leste;Colisão - Lateral;2;0;0;0;0;0;0;0;0;0;6;0;0;0;0
12/02/2021;19:14:38;284;Acidente com VITIMA;75,000;BR-290/RS;Leste;Colisão - Lateral;2;0;0;1;0;0;0;0;0;0;7;0;1;0;0
12/02/2021;19:19:23;285;Acidente sem VITIMA;3,000;BR-290/RS;Leste;Colisão - Traseira;2;0;0;0;0;0;0;0;0;0;1;0;0;0;0
12/02/2021;20:44:16;315;Acidente sem VITIMA;37,000;BR-290/RS;Leste;Colisão - Traseira;2;0;0;0;0;0;0;0;0;0;2;0;0;0;0
12/02/2021;21:26:54;326;Acidente sem VITIMA;61,000;BR-290/RS;Leste;Colisão - Traseira;2;0;0;0;0;0;0;0;0;0;2;0;0;0;0
12/02/2021;22:08:36;340;Acidente com VITIMA;417,000;BR-386/RS;Sul;Tombamento;1;0;0;0;0;0;0;0;0;0;0;0;1;0;0
13/02/2021;10:03:01;136;Acidente sem VITIMA;59,000;BR-290/RS;Leste;;2;0;0;0;0;0;0;0;0;0;2;0;0;0;0
13/02/2021;10:21:29;142;Acidente sem VITIMA;59,000;BR-290/RS;Leste;;2;0;0;0;0;0;0;0;0;0;2;0;0;0;0
13/02/2021;11:29:37;180;Acidente sem VITIMA;55,000;BR-101/RS;Sul;Capotamento;1;0;0;0;0;0;0;0;0;0;2;0;0;0;0
13/02/2021;11:44:40;186;Acidente sem VITIMA;64,000;BR-290/RS;Leste;;1;0;0;0;0;0;0;0;0;0;2;0;0;0;0
13/02/2021;00:17:23;2;Acidente sem VITIMA;26,000;BR-290/RS;Leste;Engavetamento;4;0;0;0;0;0;0;0;0;0;12;0;0;0;0
13/02/2021;13:26:33;221;Acidente sem VITIMA;435,000;BR-386/RS;Norte;Colisão - Lateral;2;0;0;0;0;0;0;0;0;0;4;0;0;0;0
13/02/2021;19:00:27;333;Acidente com VITIMA;62,000;BR-101/RS;Norte;Choque Barreira;1;0;0;0;0;0;0;0;0;0;0;1;0;0;0
13/02/2021;20:53:35;348;Acidente sem VITIMA;354,000;BR-386/RS;Sul;Saída de pista;1;0;0;0;0;0;0;0;0;0;1;0;0;0;0
13/02/2021;23:45:18;373;Acidente sem VITIMA;94,000;BR-290/RS;Leste;Choque Barreira;1;0;0;0;0;0;0;0;0;0;3;0;0;0;0
13/02/2021;00:30:41;4;Acidente com VITIMA;284,000;BR-386/RS;Sul;Colisão - Frontal;1;0;2;0;0;0;0;0;0;0;2;0;1;2;0
13/02/2021;07:13:21;54;Acidente sem VITIMA;75,000;BR-290/RS;Leste;Colisão - Traseira;2;0;0;0;0;0;0;0;0;0;2;0;0;0;0
14/02/2021;11:07:01;109;Acidente com VITIMA;372,000;BR-386/RS;Norte;Queda de moto;0;0;0;1;0;0;0;0;0;0;1;1;0;0;0
14/02/2021;02:01:42;11;Acidente sem VITIMA;42,000;BR-290/RS;Oeste;Saída de pista;2;0;0;0;0;0;0;0;0;0;2;0;0;0;0
14/02/2021;11:50:33;121;Acidente sem VITIMA;59,000;BR-290/RS;Oeste;Colisão - Lateral;1;0;0;0;0;0;0;0;0;0;2;0;0;0;0
14/02/2021;11:51:36;122;Acidente com VITIMA;21,000;BR-101/RS;Norte;;2;0;0;0;0;0;0;0;0;0;2;1;0;0;0
14/02/2021;14:56:44;152;Acidente com VITIMA;33,000;BR-290/RS;Oeste;Queda de moto;0;0;0;1;0;0;0;0;0;0;0;1;1;0;0
14/02/2021;15:57:47;172;Acidente sem VITIMA;444,000;BR-386/RS;Norte;Capotamento;1;0;0;0;0;0;0;0;0;0;1;0;0;0;0
14/02/2021;04:36:18;19;Acidente sem VITIMA;247,000;BR-386/RS;Norte;Saída de pista;1;0;0;0;0;0;0;0;0;0;1;0;0;0;0
14/02/2021;18:14:21;204;Acidente sem VITIMA;92,000;BR-290/RS;Oeste;Colisão - Lateral;1;0;1;0;0;0;0;0;0;0;2;0;0;0;0
14/02/2021;18:58:52;212;Acidente sem VITIMA;419,000;BR-386/RS;Sul;Choque Defensa;1;0;0;0;0;0;0;0;0;0;3;0;0;0;0
14/02/2021;20:07:16;232;Acidente sem VITIMA;390,000;BR-386/RS;Sul;Saída de pista;1;0;0;0;0;0;0;0;0;0;1;0;0;0;0
14/02/2021;21:46:55;249;Acidente com VITIMA;58,000;BR-290/RS;Oeste;Colisão - Traseira;2;0;0;0;0;0;0;0;0;0;4;2;0;0;0
14/02/2021;21:54:26;251;Acidente sem VITIMA;82,000;BR-290/RS;Oeste;Atropelamento de Animal;1;0;0;0;0;0;0;0;0;0;1;0;0;0;0
14/02/2021;01:35:39;7;Acidente sem VITIMA;270,000;BR-386/RS;Sul;Colisão - Transversal;2;0;0;0;0;0;0;0;0;0;3;0;0;0;0
14/02/2021;09:04:44;74;Acidente sem VITIMA;348,000;BR-386/RS;Norte;Choque - Poste;1;0;0;0;0;0;0;0;0;0;2;0;0;0;0
14/02/2021;09:35:21;80;Acidente sem VITIMA;64,000;BR-290/RS;Leste;Queda de ribanceira;1;0;0;0;0;0;0;0;0;0;2;0;0;0;0
14/02/2021;10:14:41;88;Acidente com VITIMA;19,000;BR-290/RS;Leste;Colisão - Lateral;2;0;0;0;0;0;0;0;0;0;4;1;0;0;0
14/02/2021;10:42:15;98;Acidente sem VITIMA;4,000;BR-290/RS;Oeste;Choque Defensa;1;0;0;0;0;0;0;0;0;0;3;0;0;0;0
16/02/2021;05:41:44;12;Acidente sem VITIMA;72,000;BR-290/RS;Oeste;Capotamento;1;0;0;0;0;0;0;0;0;0;1;0;0;0;0
16/02/2021;12:25:15;130;Acidente sem VITIMA;418,000;BR-386/RS;Sul;Choque - Sinalização;1;0;0;0;0;0;0;0;0;0;3;0;0;0;0
16/02/2021;15:03:58;183;Acidente sem VITIMA;55,000;BR-101/RS;Sul;Colisão - Lateral;2;0;0;0;0;0;0;0;0;0;8;0;0;0;0
16/02/2021;15:50:49;197;Acidente sem VITIMA;4,000;BR-290/RS;Leste;Queda de ribanceira;1;0;0;0;0;0;0;0;0;0;1;0;0;0;0
16/02/2021;17:06:38;225;Acidente com VITIMA;36,000;BR-290/RS;Oeste;Colisão - Lateral;2;0;0;0;0;0;0;0;0;0;5;1;0;0;0
16/02/2021;18:05:20;236;Acidente com VITIMA;19,000;BR-290/RS;Oeste;Colisão - Lateral;1;0;0;1;0;0;0;0;0;0;1;2;0;0;0
16/02/2021;18:20:10;241;Acidente sem VITIMA;50,000;BR-290/RS;Leste;Colisão - Traseira;2;0;0;0;0;0;0;0;0;0;2;0;0;0;0
16/02/2021;19:09:25;260;Acidente sem VITIMA;306,000;BR-386/RS;Sul;Colisão - Traseira;1;0;0;0;0;1;0;0;0;0;6;0;0;0;0
16/02/2021;19:37:27;265;Acidente sem VITIMA;426,000;BR-386/RS;Norte;Colisão - Traseira;2;0;0;0;0;0;0;0;0;0;2;0;0;0;0
16/02/2021;07:42:56;29;Acidente sem VITIMA;74,000;BR-290/RS;Oeste;Capotamento;1;0;0;0;0;0;0;0;0;0;1;0;0;0;0
16/02/2021;22:52:23;310;Acidente sem VITIMA;4,000;BR-101/RS;Norte;Capotamento;1;0;0;0;0;0;0;0;0;0;1;0;0;0;0
16/02/2021;23:25:10;316;Acidente com VITIMA;80,000;BR-290/RS;Oeste;Queda de ribanceira;0;0;0;1;0;0;0;0;0;0;0;1;0;0;0
17/02/2021;09:33:56;116;Acidente sem VITIMA;23,000;BR-290/RS;Oeste;Colisão - Lateral;2;0;0;0;0;0;0;0;0;0;2;0;0;0;0
17/02/2021;10:45:47;146;Acidente sem VITIMA;53,000;BR-290/RS;Oeste;Colisão - Traseira;2;0;0;0;0;0;0;0;0;0;2;0;0;0;0
17/02/2021;11:49:42;167;Acidente sem VITIMA;9,000;BR-290/RS;Leste;Colisão - Traseira;2;0;0;0;0;0;0;0;0;0;2;0;0;0;0