data;horario;n_da_ocorrencia;tipo_de_ocorrencia;km;trecho;sentido;tipo_de_acidente;automovel;bicicleta;caminhao;moto;onibus;outros;tracao_animal;transporte_de_cargas_especiais;trator_maquinas;utilitarios;ilesos;levemente_feridos;moderadamente_feridos;gravemente_feridos;mortos
17/02/2021;15:10:32;218;Acidente com VITIMA;349,000;BR-386/RS;Norte;Queda de moto;0;0;0;1;0;0;0;0;0;0;0;2;0;0;0
17/02/2021;16:24:45;248;Acidente sem VITIMA;95,000;BR-290/RS;Oeste;Colisão - Lateral;2;0;0;0;0;0;0;0;0;0;2;0;0;0;0
17/02/2021;03:53:49;27;Acidente com VITIMA;84,000;BR-290/RS;Oeste;Queda de ribanceira;1;0;0;0;0;0;0;0;0;0;0;4;0;0;0
17/02/2021;18:08:53;282;Acidente sem VITIMA;59,000;BR-290/RS;Oeste;Colisão - Lateral;2;0;0;0;0;0;0;0;0;0;2;0;0;0;0
17/02/2021;19:16:13;297;Acidente sem VITIMA;85,000;BR-101/RS;Sul;Queda de ribanceira;1;0;0;0;0;0;0;0;0;0;2;0;0;0;0
17/02/2021;07:56:40;68;Acidente com VITIMA;344,000;BR-386/RS;Norte;Colisão - Lateral;2;0;0;0;0;0;0;0;0;0;1;1;0;0;0
17/02/2021;08:18:26;84;Acidente com VITIMA;58,000;BR-290/RS;Oeste;Colisão - Lateral;3;0;0;0;0;0;0;0;0;0;5;1;1;0;0
17/02/2021;08:25:32;86;Acidente sem VITIMA;346,000;BR-386/RS;Sul;Colisão - Lateral;1;0;0;0;0;0;0;0;0;1;3;0;0;0;0
17/02/2021;08:44:19;94;Acidente sem VITIMA;416,000;BR-386/RS;Norte;Colisão - Lateral;1;0;0;0;0;0;0;1;0;0;2;0;0;0;0
17/02/2021;08:52:24;97;Acidente sem VITIMA;57,000;BR-290/RS;Oeste;Colisão - Traseira;2;0;0;0;0;0;0;0;0;0;5;0;0;0;0
18/02/2021;09:24:34;101;Acidente sem VITIMA;69,000;BR-101/RS;Sul;Colisão - Traseira;2;0;0;0;0;0;0;0;0;0;4;0;0;0;0
18/02/2021;13:05:54;155;Acidente com VITIMA FATAL;4,000;BR-290/RS;Oeste;Colisão - Transversal;2;0;0;0;0;0;0;0;0;0;0;2;0;1;1
18/02/2021;04:47:08;17;Acidente sem VITIMA;17,000;BR-101/RS;Sul;Saída de pista;1;0;0;0;0;0;0;0;0;0;1;0;0;0;0
18/02/2021;14:49:33;186;Acidente sem VITIMA;345,000;BR-386/RS;Norte;Colisão - Traseira;2;0;0;0;0;0;0;0;0;0;2;0;0;0;0
18/02/2021;17:34:15;221;Acidente com VITIMA;20,000;BR-290/RS;Leste;Queda de ribanceira;1;0;0;0;0;0;0;0;0;0;0;1;0;0;0
18/02/2021;17:41:00;226;Acidente sem VITIMA;354,000;BR-386/RS;Norte;Colisão - Lateral;2;0;0;0;0;0;0;0;0;0;3;0;0;0;0
18/02/2021;18:58:57;247;Acidente com VITIMA;4,000;BR-290/RS;Ambos;Colisão - Transversal;2;0;0;0;0;0;0;0;0;0;3;2;0;0;0
18/02/2021;19:23:56;250;Acidente com VITIMA;2,000;BR-101/RS;Norte;Saída de pista;1;0;0;0;0;0;0;0;0;0;1;2;0;0;0
18/02/2021;19:53:42;256;Acidente sem VITIMA;35,000;BR-101/RS;Norte;Colisão - Traseira;0;0;1;0;1;0;0;0;0;0;2;0;0;0;0
18/02/2021;08:04:26;67;Acidente sem VITIMA;313,000;BR-386/RS;Norte;Colisão - Lateral;0;0;1;0;0;1;0;0;0;0;2;0;0;0;0
18/02/2021;08:16:12;69;Acidente com VITIMA;185,000;BR-386/RS;Norte;Engavetamento;3;0;0;0;0;0;0;0;0;1;4;1;0;0;0
19/02/2021;09:45:06;114;Acidente com VITIMA;353,000;BR-386/RS;Sul;Colisão - Traseira;1;0;0;1;0;0;0;0;0;0;1;1;0;0;0
19/02/2021;10:08:55;126;Acidente sem VITIMA;39,000;BR-290/RS;Leste;Saída de pista;1;0;0;0;0;0;0;0;0;0;1;0;0;0;0
19/02/2021;11:00:42;143;Acidente com VITIMA;248,000;BR-386/RS;Norte;Engavetamento;5;0;0;0;0;0;0;0;0;0;13;1;0;0;0
19/02/2021;13:50:09;179;Acidente sem VITIMA;4,000;BR-290/RS;Oeste;Choque - Sinalização;1;0;0;0;0;0;0;0;0;0;1;0;0;0;0
19/02/2021;15:33:18;207;Acidente sem VITIMA;413,000;BR-386/RS;Norte;Choque - Poste;1;0;0;0;0;0;0;0;0;0;1;0;0;0;0
19/02/2021;15:41:30;209;Acidente sem VITIMA;94,000;BR-290/RS;Leste;Engavetamento;3;0;0;0;0;0;0;0;0;0;3;0;0;0;0
19/02/2021;16:14:29;216;Acidente com VITIMA;76,000;BR-290/RS;Oeste;Capotamento;1;0;0;0;0;0;0;0;0;0;0;2;1;0;0
19/02/2021;17:44:22;233;Acidente sem VITIMA;88,000;BR-290/RS;Leste;Colisão - Traseira;2;0;0;0;0;0;0;0;0;0;2;0;0;0;0
19/02/2021;19:10:24;260;Acidente com VITIMA;271,000;BR-386/RS;Sul;Colisão - Traseira;2;0;0;0;0;0;0;0;0;0;2;1;0;1;0
19/02/2021;19:12:11;263;Acidente com VITIMA;253,000;BR-386/RS;Norte;Engavetamento;4;0;0;0;0;0;0;0;0;0;5;1;0;0;0
19/02/2021;19:36:38;266;Acidente sem VITIMA;92,000;BR-290/RS;Leste;Colisão - Lateral;1;0;0;0;0;0;0;1;0;0;2;0;0;0;0
19/02/2021;20:46:17;278;Acidente sem VITIMA;19,000;BR-290/RS;Leste;Colisão - Lateral;1;0;1;0;0;0;0;0;0;0;5;0;0;0;0
20/02/2021;11:09:24;113;Acidente com VITIMA;11,000;BR-101/RS;Sul;Colisão - Traseira;1;0;1;0;0;0;0;0;0;0;1;0;2;0;0
20/02/2021;15:21:13;166;Acidente sem VITIMA;359,000;BR-386/RS;Norte;Capotamento;1;0;0;0;0;0;0;0;0;0;1;0;0;0;0
20/02/2021;15:22:52;170;Acidente com VITIMA;273,000;BR-386/RS;Sul;Queda de moto;0;0;0;1;0;0;0;0;0;0;0;0;1;0;0
21/02/2021;00:22:17;1;Acidente sem VITIMA;1,000;BR-448/RS;Sul;Choque Defensa;0;0;0;0;0;0;0;0;0;1;1;0;0;0;0
21/02/2021;17:35:11;184;Acidente com VITIMA;349,000;BR-386/RS;Norte;Colisão - Traseira;1;0;0;1;0;0;0;0;0;0;2;1;0;0;0
21/02/2021;17:35:59;185;Acidente sem VITIMA;400,000;BR-386/RS;Norte;Saída de pista;1;0;0;0;0;0;0;0;0;0;3;0;0;0;0
21/02/2021;21:49:36;238;Acidente sem VITIMA;40,000;BR-290/RS;Oeste;Engavetamento;2;0;0;0;0;0;0;1;0;0;8;0;0;0;0
22/02/2021;09:34:59;114;Acidente sem VITIMA;28,000;BR-290/RS;Oeste;Capotamento;1;0;0;0;0;0;0;0;0;0;1;0;0;0;0
22/02/2021;09:48:54;122;Acidente sem VITIMA;426,000;BR-386/RS;Sul;;2;0;0;0;0;0;0;0;0;0;2;0;0;0;0
22/02/2021;11:28:12;150;Atropelamento;68,000;BR-101/RS;Norte;Atropelamento - Funcionário;1;0;0;0;0;0;0;0;0;0;0;1;0;0;0
22/02/2021;17:47:03;277;Acidente com VITIMA;398,000;BR-386/RS;Sul;;0;0;1;0;0;0;0;0;0;0;1;5;0;0;0
23/02/2021;12:17:07;138;Acidente com VITIMA;261,000;BR-386/RS;Sul;Colisão - Frontal;0;0;1;0;0;0;0;1;0;0;0;1;1;0;0
23/02/2021;06:36:34;19;Acidente sem VITIMA;8,000;BR-290/RS;Leste;Queda de ribanceira;1;0;0;0;0;0;0;0;0;0;1;0;0;0;0
23/02/2021;19:25:59;227;Acidente sem VITIMA;302,000;BR-386/RS;Sul;Saída de pista;1;0;0;0;0;0;0;0;0;0;1;0;0;0;0
23/02/2021;20:25:01;236;Acidente com VITIMA;81,000;BR-101/RS;Sul;Atropelamento de Animal;1;0;0;0;0;0;0;0;0;0;3;1;0;0;0
23/02/2021;22:00:24;250;Acidente sem VITIMA;80,000;BR-290/RS;Leste;Queda de ribanceira;1;0;0;0;0;0;0;0;0;0;1;0;0;0;0
23/02/2021;07:21:19;36;Acidente com VITIMA;342,000;BR-386/RS;Norte;Colisão - Lateral;1;0;0;1;0;0;0;0;0;0;1;1;0;0;0
23/02/2021;07:45:42;44;Acidente sem VITIMA;377,000;BR-386/RS;Sul;Capotamento;1;0;0;0;0;0;0;0;0;0;2;0;0;0;0
24/02/2021;19:32:08;213;Acidente com VITIMA;15,000;BR-448/RS;Norte;Tombamento;0;0;0;0;0;0;0;1;0;0;0;1;0;0;0
24/02/2021;20:41:19;232;Acidente com VITIMA;95,000;BR-290/RS;Leste;Queda de moto;0;0;0;1;0;0;0;0;0;0;0;2;0;0;0
24/02/2021;22:00:56;245;Acidente com VITIMA;407,000;BR-386/RS;Sul;Colisão - Lateral;0;0;0;2;0;0;0;0;0;0;0;2;0;0;0
25/02/2021;04:44:00;12;Acidente sem VITIMA;27,000;BR-101/RS;Sul;Saída de pista;0;0;0;0;0;0;0;0;0;1;1;0;0;0;0
25/02/2021;17:13:03;192;Acidente sem VITIMA;91,000;BR-290/RS;Leste;Colisão - Lateral;1;0;0;0;0;0;0;1;0;0;2;0;0;0;0
25/02/2021;17:46:27;199;Acidente sem VITIMA;17,000;BR-448/RS;Norte;Colisão - Lateral;1;0;0;0;0;0;0;0;0;1;2;0;0;0;0
26/02/2021;03:38:11;12;Acidente sem VITIMA;274,000;BR-386/RS;Norte;Colisão - Lateral;1;0;0;0;0;1;0;0;0;0;2;0;0;0;0
26/02/2021;04:55:44;18;Atropelamento Fatal;346,000;BR-386/RS;Norte;;0;0;0;0;0;1;0;0;0;0;0;0;0;0;1
26/02/2021;06:13:07;21;Acidente sem VITIMA;41,000;BR-290/RS;Oeste;Capotamento;1;0;0;0;0;0;0;0;0;0;4;0;0;0;0
26/02/2021;18:23:54;251;Atropelamento;440,000;BR-386/RS;Norte;Atropelamento - Usuário;1;0;0;0;0;0;0;0;0;0;1;0;1;0;0
27/02/2021;18:53:23;200;Acidente com VITIMA;380,000;BR-386/RS;Ambos;Colisão - Transversal;1;0;0;1;0;0;0;0;0;0;1;0;1;0;0
27/02/2021;22:41:25;223;Acidente sem VITIMA;373,000;BR-386/RS;Sul;Atropelamento de Animal;1;0;0;0;0;0;0;0;0;0;3;0;0;0;0
28/02/2021;14:47:02;115;Acidente sem VITIMA;219,000;BR-386/RS;Sul;Colisão - Lateral;2;0;0;0;0;0;0;0;0;0;5;0;0;0;0
28/02/2021;17:41:14;158;Acidente sem VITIMA;63,000;BR-101/RS;Norte;Saída de pista;1;0;0;0;0;0;0;0;0;0;1;0;0;0;0
28/02/2021;18:11:19;162;Acidente com VITIMA;38,000;BR-290/RS;Oeste;Engavetamento;5;0;0;0;0;0;0;0;0;0;8;1;0;0;0
28/02/2021;18:11:49;163;Acidente sem VITIMA;14,000;BR-101/RS;Sul;Capotamento;1;0;0;0;0;0;0;0;0;0;2;0;0;0;0
28/02/2021;18:45:44;170;Acidente sem VITIMA;39,000;BR-290/RS;Oeste;Capotamento;1;0;0;0;0;0;0;0;0;0;1;0;0;0;0
28/02/2021;19:05:10;177;Acidente com VITIMA FATAL;368,000;BR-386/RS;Sul;Atropelamento - Usuário;1;0;0;1;0;0;0;0;0;0;1;0;0;0;1
28/02/2021;20:15:43;195;Acidente sem VITIMA;38,000;BR-101/RS;Norte;Choque Defensa;1;0;0;0;0;0;0;0;0;0;1;0;0;0;0
28/02/2021;10:11:38;64;Acidente sem VITIMA;69,000;BR-290/RS;Oeste;Colisão - Lateral;1;0;0;0;0;0;0;1;0;0;2;0;0;0;0
01/03/2021;13:35:49;112;Acidente sem VITIMA;244,000;BR-386/RS;Norte;Saída de pista;1;0;0;0;0;0;0;0;0;0;1;0;0;0;0
01/03/2021;05:38:08;13;Acidente sem VITIMA;73,000;BR-101/RS;Sul;Colisão - Traseira;0;0;1;0;0;1;0;0;0;0;3;0;0;0;0
01/03/2021;14:44:22;132;Acidente sem VITIMA;388,000;BR-386/RS;Norte;Colisão - Lateral;1;0;0;0;0;1;0;0;0;0;2;0;0;0;0
01/03/2021;17:44:53;169;Acidente sem VITIMA;248,000;BR-386/RS;Norte;Colisão - Traseira;0;0;0;0;0;2;0;0;0;0;2;0;0;0;0
01/03/2021;21:48:51;203;Acidente com VITIMA;86,000;BR-101/RS;Norte;Tombamento;0;0;0;0;0;0;0;1;0;0;0;0;2;0;0
01/03/2021;23:42:09;207;Acidente com VITIMA;351,000;BR-386/RS;Norte;Colisão - Lateral;0;0;0;2;0;0;0;0;0;0;0;2;0;0;0
02/03/2021;13:01:30;127;Acidente sem VITIMA;62,000;BR-290/RS;Leste;Queda de ribanceira;0;0;0;0;0;0;0;0;0;1;1;0;0;0;0
02/03/2021;13:41:58;132;Acidente sem VITIMA;13,000;BR-448/RS;Norte;Colisão - Transversal;2;0;0;0;0;0;0;0;0;0;2;0;0;0;0
02/03/2021;05:46:05;15;Acidente com VITIMA;308,000;BR-386/RS;Sul;Colisão - Traseira;0;0;2;0;0;0;0;0;0;0;1;1;0;0;0
02/03/2021;05:58:09;16;Acidente sem VITIMA;64,000;BR-290/RS;Oeste;;0;0;0;0;1;0;0;0;0;0;1;0;0;0;0
02/03/2021;17:30:07;174;Acidente sem VITIMA;10,000;BR-448/RS;Norte;Colisão - Traseira;1;0;0;0;0;0;0;0;0;1;4;0;0;0;0
02/03/2021;17:50:52;179;Acidente sem VITIMA;385,000;BR-386/RS;Norte;Saída de pista;1;0;0;0;0;0;0;0;0;0;1;0;0;0;0
02/03/2021;18:17:38;186;Acidente com VITIMA;363,000;BR-386/RS;Norte;Colisão - Transversal;1;0;0;1;0;0;0;0;0;0;1;0;1;0;0
02/03/2021;18:33:53;187;Acidente sem VITIMA;390,000;BR-386/RS;Norte;Colisão - Traseira;2;0;0;0;0;0;0;0;0;0;1;0;0;0;0
03/03/2021;09:45:44;106;Acidente sem VITIMA;236,000;BR-386/RS;Norte;Queda de ribanceira;2;0;0;0;0;0;0;0;0;0;7;0;0;0;0
03/03/2021;14:53:30;180;Acidente sem VITIMA;276,000;BR-386/RS;Sul;Queda de ribanceira;0;0;1;0;0;0;0;0;0;0;2;0;0;0;0
03/03/2021;15:11:56;191;Acidente com VITIMA;290,000;BR-386/RS;Norte;;1;0;1;0;0;0;0;0;0;0;1;0;2;1;0
03/03/2021;22:44:22;255;Acidente sem VITIMA;26,000;BR-290/RS;Leste;Tombamento;0;0;0;0;0;0;0;1;0;0;1;0;0;0;0
04/03/2021;15:35:30;179;Acidente sem VITIMA;396,000;BR-386/RS;Norte;Queda de ribanceira;1;0;0;0;0;0;0;0;0;0;1;0;0;0;0
04/03/2021;17:17:50;196;Acidente com VITIMA;16,000;BR-290/RS;Oeste;Capotamento;1;0;0;0;0;0;0;0;0;0;1;1;1;0;0
04/03/2021;17:48:35;199;Acidente sem VITIMA;10,000;BR-290/RS;Leste;Queda de ribanceira;1;0;0;0;0;0;0;0;0;0;1;0;0;0;0
04/03/2021;18:10:22;203;Acidente sem VITIMA;22,000;BR-290/RS;Oeste;Queda de ribanceira;1;0;0;0;0;0;0;0;0;0;1;0;0;0;0
04/03/2021;19:09:35;207;Acidente com VITIMA;446,000;BR-386/RS;Sul;Colisão - Traseira;2;0;0;0;0;0;0;0;0;0;1;1;0;0;0
04/03/2021;20:29:56;218;Acidente sem VITIMA;397,000;BR-386/RS;Norte;Atropelamento de Animal;1;0;0;0;0;0;0;0;0;0;2;0;0;0;0
04/03/2021;23:27:21;237;Acidente sem VITIMA;33,000;BR-290/RS;Leste;Queda de ribanceira;0;0;0;0;0;0;0;0;0;1;1;0;0;0;0
04/03/2021;02:15:37;8;Acidente sem VITIMA;360,000;BR-386/RS;Sul;Queda de ribanceira;1;0;0;0;0;0;0;0;0;0;1;0;0;0;0
05/03/2021;05:39:05;11;Acidente com VITIMA;67,000;BR-101/RS;Sul;Queda de moto;0;0;0;1;0;0;0;0;0;0;0;1;1;0;0
05/03/2021;12:40:37;123;Acidente com VITIMA;353,000;BR-386/RS;Norte;Queda de ribanceira;1;0;0;0;0;0;0;0;0;0;1;1;0;0;0
05/03/2021;15:51:53;155;Acidente sem VITIMA;411,000;BR-386/RS;Sul;Queda de ribanceira;1;0;0;0;0;0;0;0;0;0;1;0;0;0;0
05/03/2021;18:07:42;183;Acidente sem VITIMA;437,000;BR-386/RS;Norte;Colisão - Traseira;2;0;0;0;0;0;0;0;0;0;2;0;0;0;0
05/03/2021;18:55:36;197;Acidente com VITIMA;5,000;BR-290/RS;Leste;Colisão - Frontal;2;0;0;0;0;0;0;0;0;0;2;1;2;0;0
05/03/2021;20:00:40;211;Acidente sem VITIMA;4,380;BR-290/RS;Leste;Saída de pista;1;0;0;0;0;0;0;0;0;0;1;0;0;0;0
06/03/2021;15:45:55;129;Acidente sem VITIMA;395,000;BR-386/RS;Sul;Colisão - Traseira;1;0;0;0;0;1;0;0;0;0;2;0;0;0;0
06/03/2021;02:13:04;14;Acidente sem VITIMA;82,000;BR-290/RS;Oeste;Queda de ribanceira;0;0;0;0;1;0;0;0;0;0;1;0;0;0;0
06/03/2021;18:22:23;145;Acidente sem VITIMA;39,000;BR-290/RS;Leste;Capotamento;1;0;0;0;0;0;0;0;0;0;1;0;0;0;0
06/03/2021;06:31:29;20;Acidente com VITIMA;296,000;BR-386/RS;Norte;Tombamento;0;0;0;0;0;0;0;1;0;0;0;1;0;0;0
06/03/2021;10:55:43;80;Acidente sem VITIMA;92,000;BR-290/RS;Oeste;Queda de moto;0;0;0;1;0;0;0;0;0;0;1;0;0;0;0
07/03/2021;07:00:00;12;Acidente com VITIMA;65,000;BR-101/RS;Sul;Colisão - Traseira;0;0;1;1;0;0;0;0;0;0;0;0;0;1;0
07/03/2021;12:10:53;54;Acidente com VITIMA;2,000;BR-290/RS;Oeste;Queda de moto;0;0;0;1;0;0;0;0;0;0;1;0;1;0;0
08/03/2021;11:11:22;137;Acidente sem VITIMA;44,000;BR-101/RS;Norte;Colisão - Traseira;0;0;2;0;0;0;0;0;0;0;2;0;0;0;0
08/03/2021;22:18:23;272;Acidente sem VITIMA;308,000;BR-386/RS;Norte;Tombamento;0;0;1;0;0;0;0;0;0;0;1;0;0;0;0
08/03/2021;08:31:39;82;Acidente sem VITIMA;92,000;BR-290/RS;Leste;Queda de ribanceira;1;0;0;0;0;0;0;0;0;0;1;0;0;0;0
09/03/2021;05:58:39;15;Acidente sem VITIMA;1,000;BR-290/RS;Oeste;Queda de ribanceira;1;0;0;0;0;0;0;0;0;0;1;0;0;0;0
09/03/2021;14:29:59;157;Acidente sem VITIMA;263,000;BR-386/RS;Norte;Engavetamento;1;0;0;0;0;3;0;0;0;0;8;0;0;0;0
09/03/2021;16:04:14;180;Acidente sem VITIMA;263,000;BR-386/RS;Norte;Colisão - Lateral;0;0;0;0;0;2;0;0;0;0;2;0;0;0;0
09/03/2021;07:29:49;38;Acidente sem VITIMA;16,000;BR-448/RS;Norte;;1;0;0;0;0;0;0;0;0;0;1;0;0;0;0
09/03/2021;08:26:26;61;Acidente sem VITIMA;87,000;BR-290/RS;Leste;Colisão - Lateral;1;0;1;0;0;0;0;0;0;0;2;0;0;0;0
09/03/2021;09:35:23;98;Acidente sem VITIMA;37,000;BR-101/RS;Sul;Capotamento;1;0;0;0;0;0;0;0;0;0;1;0;0;0;0
10/03/2021;10:45:13;119;Acidente sem VITIMA;22,000;BR-101/RS;Norte;Colisão - Lateral;1;0;0;0;0;0;0;0;0;1;2;0;0;0;0
10/03/2021;13:01:18;148;Acidente sem VITIMA;251,000;BR-386/RS;Norte;Colisão - Traseira;2;0;0;0;0;0;0;0;0;0;4;0;0;0;0
10/03/2021;14:12:38;156;Acidente sem VITIMA;35,000;BR-101/RS;Norte;Colisão - Traseira;1;0;1;0;0;0;0;0;0;0;2;0;0;0;0
10/03/2021;17:09:38;189;Acidente com VITIMA;75,000;BR-290/RS;Leste;Queda de moto;0;0;0;1;0;0;0;0;0;0;1;1;0;0;0
10/03/2021;17:37:52;194;Acidente sem VITIMA;6,000;BR-290/RS;Oeste;Queda de ribanceira;1;0;0;0;0;0;0;0;0;0;1;0;0;0;0
10/03/2021;18:54:56;200;Acidente com VITIMA;343,000;BR-386/RS;Norte;Colisão - Lateral;0;0;0;1;0;0;0;0;0;0;1;1;0;0;0
10/03/2021;22:39:44;225;Acidente com VITIMA;214,000;BR-386/RS;Norte;Colisão - Lateral;1;0;0;0;0;0;0;1;0;0;2;2;0;0;0
11/03/2021;11:34:16;141;Acidente com VITIMA;25,000;BR-290/RS;Leste;Choque - Arvore;1;0;0;0;0;0;0;0;0;0;0;0;1;0;0
11/03/2021;17:48:53;208;Acidente com VITIMA;16,000;BR-448/RS;Norte;Capotamento;1;0;0;0;0;0;0;0;0;0;0;0;1;0;0
11/03/2021;09:01:19;97;Acidente com VITIMA;420,000;BR-386/RS;Norte;Queda de moto;0;0;0;1;0;0;0;0;0;0;0;1;0;0;0
12/03/2021;15:17:18;186;Acidente com VITIMA;280,000;BR-386/RS;Sul;Colisão - Frontal;3;0;0;0;0;0;0;0;0;0;0;2;2;0;0
12/03/2021;17:16:31;208;Acidente sem VITIMA;432,000;BR-386/RS;Sul;Colisão - Traseira;1;0;0;0;0;1;0;0;0;0;2;0;0;0;0
12/03/2021;18:16:35;219;Acidente com VITIMA;332,000;BR-386/RS;Norte;Colisão - Frontal;2;0;1;0;0;0;0;0;0;0;2;0;0;1;0
12/03/2021;19:55:54;236;Acidente sem VITIMA;222,000;BR-386/RS;Norte;Queda de ribanceira;1;0;0;0;0;0;0;0;0;0;1;0;0;0;0
13/03/2021;00:04:22;1;Acidente com VITIMA;80,000;BR-290/RS;Oeste;Tombamento;0;0;0;0;0;0;0;0;0;1;1;1;0;0;0
13/03/2021;11:44:49;111;Acidente com VITIMA FATAL;350,000;BR-386/RS;Norte;Choque Barreira;0;0;1;0;0;0;0;0;0;0;0;0;0;0;1
13/03/2021;01:35:28;15;Acidente sem VITIMA;26,000;BR-290/RS;Oeste;Saída de pista;1;0;0;0;0;0;0;0;0;0;1;0;0;0;0
13/03/2021;17:10:33;155;Acidente com VITIMA;19,000;BR-290/RS;Oeste;Colisão - Traseira;2;0;0;0;0;0;0;0;0;0;4;1;0;0;0
13/03/2021;18:10:38;167;Acidente sem VITIMA;4,000;BR-290/RS;Oeste;Queda de ribanceira;1;0;0;0;0;0;0;0;0;0;4;0;0;0;0
13/03/2021;18:36:01;171;Acidente com VITIMA;88,000;BR-290/RS;Leste;Queda de moto;0;0;0;1;0;0;0;0;0;0;0;2;0;0;0
13/03/2021;21:54:31;189;Acidente com VITIMA;403,000;BR-386/RS;Norte;Queda de moto;0;0;0;1;0;0;0;0;0;0;0;0;1;0;0
13/03/2021;22:28:29;190;Acidente com VITIMA;77,000;BR-290/RS;Leste;Colisão - Traseira;2;0;0;0;0;0;0;0;0;0;3;3;0;0;0
14/03/2021;17:39:13;141;Acidente com VITIMA;17,000;BR-101/RS;Sul;Queda de moto;0;0;0;1;0;0;0;0;0;0;0;0;2;0;0
14/03/2021;17:46:39;143;Acidente sem VITIMA;372,000;BR-386/RS;Sul;Queda de ribanceira;1;0;0;0;0;0;0;0;0;0;1;0;0;0;0
14/03/2021;05:48:46;17;Acidente com VITIMA;4,000;BR-101/RS;Sul;Colisão - Lateral;2;0;0;0;0;0;0;0;0;0;2;1;0;0;0
14/03/2021;12:42:58;87;Acidente sem VITIMA;3,000;BR-448/RS;Sul;Choque Barreira;1;0;0;0;0;0;0;0;0;0;1;0;0;0;0
15/03/2021;13:42:09;145;Acidente sem VITIMA;96,000;BR-290/RS;Oeste;Choque Barreira;1;0;0;0;0;0;0;0;0;0;1;0;0;0;0
15/03/2021;14:15:19;156;Acidente sem VITIMA;92,000;BR-290/RS;Leste;;0;0;1;0;0;0;0;0;0;0;1;0;0;0;0
15/03/2021;18:31:47;203;Acidente com VITIMA;85,000;BR-101/RS;Sul;Choque Defensa;0;0;0;0;0;0;0;0;0;0;0;0;1;0;0
15/03/2021;06:51:37;26;Acidente sem VITIMA;316,000;BR-386/RS;Norte;Queda de moto;0;0;0;1;0;0;0;0;0;0;1;0;0;0;0
16/03/2021;05:35:51;14;Acidente com VITIMA;346,000;BR-386/RS;Sul;Queda de moto;0;0;0;1;0;0;0;0;0;0;0;1;0;0;0
17/03/2021;04:26:00;12;Acidente sem VITIMA;346,000;BR-386/RS;Sul;Choque Defensa;1;0;0;0;0;0;0;0;0;0;1;0;0;0;0
17/03/2021;04:48:12;13;Acidente sem VITIMA;256,000;BR-386/RS;Sul;Queda de ribanceira;1;0;0;0;0;0;0;0;0;0;3;0;0;0;0
17/03/2021;19:27:13;221;Acidente sem VITIMA;223,000;BR-386/RS;Sul;Atropelamento de Animal;1;0;0;0;0;0;0;0;0;0;3;0;0;0;0
17/03/2021;19:42:16;223;Acidente sem VITIMA;50,000;BR-101/RS;Sul;Colisão - Traseira;1;0;0;0;0;1;0;0;0;0;2;0;0;0;0
17/03/2021;07:44:48;34;Acidente sem VITIMA;79,000;BR-290/RS;Oeste;Choque Barreira;1;0;0;0;0;0;0;0;0;0;3;0;0;0;0
17/03/2021;07:58:23;39;Acidente sem VITIMA;35,000;BR-101/RS;Sul;Colisão - Traseira;0;0;1;0;0;1;0;0;0;0;2;0;0;0;0
17/03/2021;02:02:14;5;Acidente com VITIMA;92,000;BR-290/RS;Oeste;Tombamento;0;0;0;0;0;0;0;1;0;0;0;1;0;0;0
17/03/2021;09:18:06;76;Acidente com VITIMA;386,000;BR-386/RS;Sul;Colisão - Lateral;2;0;0;0;0;0;0;0;0;0;6;0;2;0;0
17/03/2021;10:10:07;93;Acidente com VITIMA;335,000;BR-386/RS;Norte;Colisão - Lateral;0;0;0;1;0;0;0;1;0;0;1;0;1;0;0
18/03/2021;14:48:07;165;Acidente sem VITIMA;439,000;BR-386/RS;Norte;Colisão - Traseira;2;0;0;0;0;0;0;0;0;0;3;0;0;0;0
18/03/2021;17:13:59;199;Acidente sem VITIMA;351,000;BR-386/RS;Norte;Colisão - Traseira;2;0;0;0;0;0;0;0;0;0;2;0;0;0;0
18/03/2021;19:56:46;223;Acidente sem VITIMA;356,000;BR-386/RS;Norte;Choque Defensa;1;0;0;0;0;0;0;0;0;0;4;0;0;0;0
18/03/2021;21:16:00;236;Acidente sem VITIMA;306,000;BR-386/RS;Sul;Colisão - Traseira;0;0;0;0;0;0;0;2;0;0;2;0;0;0;0
19/03/2021;04:25:23;13;Acidente sem VITIMA;62,000;BR-290/RS;Leste;Colisão - Lateral;1;0;0;0;0;0;0;0;0;0;1;0;0;0;0
19/03/2021;16:41:38;201;Acidente sem VITIMA;75,000;BR-290/RS;Oeste;Colisão - Traseira;1;0;0;1;0;0;0;0;0;0;2;0;0;0;0
19/03/2021;16:43:17;203;Acidente sem VITIMA;35,000;BR-101/RS;Norte;Colisão - Traseira;1;0;0;0;0;0;0;1;0;0;2;0;0;0;0
19/03/2021;21:43:54;265;Acidente sem VITIMA;392,000;BR-386/RS;Norte;Colisão - Transversal;2;0;0;0;0;0;0;0;0;0;6;0;0;0;0
20/03/2021;16:33:19;164;Acidente sem VITIMA;16,000;BR-448/RS;Norte;Queda de moto;0;0;0;1;0;0;0;0;0;0;2;0;0;0;0