data;horario;n_da_ocorrencia;tipo_de_ocorrencia;km;trecho;sentido;tipo_de_acidente;automovel;bicicleta;caminhao;moto;onibus;outros;tracao_animal;transporte_de_cargas_especiais;trator_maquinas;utilitarios;ilesos;levemente_feridos;moderadamente_feridos;gravemente_feridos;mortos
20/03/2021;18:28:15;181;Acidente com VITIMA;49,000;BR-101/RS;Sul;Colisão - Transversal;0;0;2;0;0;0;0;0;0;0;2;1;0;0;0
20/03/2021;22:10:08;215;Acidente sem VITIMA;52,030;BR-101/RS;Sul;Atropelamento de Animal;1;0;0;0;0;0;0;0;0;0;2;0;0;0;0
21/03/2021;18:51:57;132;Acidente sem VITIMA;263,000;BR-386/RS;Norte;Queda de moto;0;0;0;1;0;0;0;0;0;0;2;0;0;0;0
21/03/2021;19:31:01;139;Acidente sem VITIMA;75,000;BR-290/RS;Leste;Choque Defensa;1;0;0;0;0;0;0;0;0;0;1;0;0;0;0
21/03/2021;20:51:51;147;Acidente sem VITIMA;51,000;BR-290/RS;Oeste;Saída de pista;1;0;0;0;0;0;0;0;0;0;1;0;0;0;0
21/03/2021;09:39:31;45;Acidente sem VITIMA;422,000;BR-386/RS;Sul;Choque - Meio Fio;1;0;0;0;0;0;0;0;0;0;1;0;0;0;0
21/03/2021;11:07:29;62;Acidente sem VITIMA;16,000;BR-290/RS;Leste;Queda de ribanceira;1;0;0;0;0;0;0;0;0;0;1;0;0;0;0
21/03/2021;11:21:02;66;Acidente com VITIMA;43,000;BR-290/RS;Oeste;Queda de moto;0;0;0;1;0;0;0;0;0;0;0;1;0;0;0
21/03/2021;11:49:24;71;Acidente sem VITIMA;424,000;BR-386/RS;Norte;Queda de ribanceira;1;0;0;0;0;0;0;0;0;0;2;0;0;0;0
21/03/2021;15:31:02;94;Acidente sem VITIMA;60,000;BR-290/RS;Oeste;;2;0;0;0;0;0;0;0;0;0;2;0;0;0;0
22/03/2021;10:33:26;104;Acidente sem VITIMA;86,000;BR-101/RS;Sul;Choque - Meio Fio;2;0;0;0;0;0;0;0;0;0;2;0;0;0;0
22/03/2021;18:16:14;217;Acidente com VITIMA;432,000;BR-386/RS;Norte;Colisão - Traseira;1;0;1;0;0;0;0;0;0;0;1;1;0;0;0
22/03/2021;06:19:09;22;Acidente sem VITIMA;22,000;BR-448/RS;Norte;Tombamento;1;0;0;0;0;0;0;1;0;0;2;0;0;0;0
22/03/2021;09:06:17;73;Acidente sem VITIMA;229,000;BR-386/RS;Norte;Queda de ribanceira;0;0;0;0;0;0;0;0;0;1;1;0;0;0;0
23/03/2021;00:01:56;1;Acidente sem VITIMA;282,000;BR-386/RS;Sul;Queda de ribanceira;1;0;0;0;0;0;0;0;0;0;2;0;0;0;0
23/03/2021;11:34:54;110;Acidente sem VITIMA;28,000;BR-101/RS;Sul;Saída de pista;1;0;0;0;0;0;0;0;0;0;1;0;0;0;0
23/03/2021;15:43:30;152;Acidente sem VITIMA;85,000;BR-290/RS;Leste;Colisão - Traseira;1;0;1;0;0;0;0;0;0;0;5;0;0;0;0
23/03/2021;16:07:15;156;Acidente sem VITIMA;412,000;BR-386/RS;Sul;Queda de ribanceira;1;0;0;0;0;0;0;0;0;0;1;0;0;0;0
23/03/2021;16:08:46;158;Acidente sem VITIMA;15,000;BR-448/RS;Norte;Colisão - Lateral;1;0;0;0;0;0;0;1;0;0;2;0;0;0;0
23/03/2021;17:21:47;173;Acidente sem VITIMA;92,000;BR-290/RS;Leste;Colisão - Lateral;2;0;0;0;0;0;0;0;0;0;2;0;0;0;0
23/03/2021;07:08:22;23;Acidente sem VITIMA;356,000;BR-386/RS;Sul;Choque - Meio Fio;1;0;0;0;0;0;0;0;0;0;1;0;0;0;0
23/03/2021;07:27:19;30;Acidente com VITIMA;400,000;BR-386/RS;Norte;Colisão - Traseira;0;0;0;0;0;0;0;0;0;2;8;1;1;0;0
23/03/2021;07:40:37;33;Acidente sem VITIMA;439,000;BR-386/RS;Norte;Colisão - Traseira;1;0;0;0;0;0;0;1;0;0;2;0;0;0;0
23/03/2021;07:47:07;37;Acidente sem VITIMA;22,000;BR-448/RS;Sul;Colisão - Lateral;1;0;0;0;0;0;0;0;0;1;2;0;0;0;0
23/03/2021;08:05:07;43;Acidente sem VITIMA;22,000;BR-448/RS;Norte;Choque Barreira;1;0;0;0;0;0;0;0;0;0;1;0;0;0;0
23/03/2021;08:27:22;48;Acidente sem VITIMA;26,000;BR-290/RS;Leste;Colisão - Traseira;1;0;0;0;0;0;0;1;0;0;2;0;0;0;0
23/03/2021;08:40:39;54;Acidente sem VITIMA;248,000;BR-386/RS;Norte;Colisão - Lateral;2;0;0;0;0;0;0;0;0;0;2;0;0;0;0
23/03/2021;09:04:58;71;Acidente sem VITIMA;22,000;BR-448/RS;Sul;Colisão - Traseira;2;0;0;0;0;0;0;0;0;0;2;0;0;0;0
23/03/2021;10:10:56;87;Acidente sem VITIMA;236,000;BR-386/RS;Norte;Queda de ribanceira;1;0;0;0;0;0;0;0;0;0;1;0;0;0;0
24/03/2021;13:30:42;138;Acidente sem VITIMA;426,000;BR-386/RS;Sul;Choque Praça - Cabine;0;0;1;0;0;0;0;0;0;0;1;0;0;0;0
24/03/2021;06:09:27;16;Acidente sem VITIMA;47,000;BR-290/RS;Leste;Queda de ribanceira;0;0;0;0;0;0;0;0;0;1;2;0;0;0;0
24/03/2021;16:37:05;174;Acidente sem VITIMA;22,000;BR-448/RS;Sul;Tombamento;0;0;0;0;0;0;0;1;0;0;1;0;0;0;0
24/03/2021;16:45:00;177;Acidente com VITIMA;348,000;BR-386/RS;Norte;Colisão - Traseira;1;0;0;1;0;0;0;0;0;0;1;1;0;0;0
24/03/2021;17:01:27;178;Acidente com VITIMA;267,000;BR-386/RS;Sul;Colisão - Transversal;2;0;0;0;0;0;0;0;0;0;2;2;0;0;0
24/03/2021;23:05:33;221;Acidente sem VITIMA;350,280;BR-386/RS;Norte;Choque Barreira;1;0;0;0;0;0;0;0;0;0;1;0;0;0;0
24/03/2021;08:06:37;61;Acidente com VITIMA;343,000;BR-386/RS;Sul;Colisão - Lateral;1;0;0;1;0;0;0;0;0;0;2;1;0;0;0
25/03/2021;06:40:37;17;Acidente com VITIMA;418,000;BR-386/RS;Norte;Saída de pista;1;0;0;0;0;0;0;0;0;0;0;0;1;0;0
25/03/2021;18:40:59;194;Acidente sem VITIMA;76,000;BR-290/RS;Oeste;Colisão - Lateral;2;0;0;0;0;0;0;0;0;0;4;0;0;0;0
25/03/2021;19:38:04;204;Acidente com VITIMA;347,000;BR-386/RS;Sul;Colisão - Traseira;1;0;0;1;0;0;0;0;0;0;1;0;0;1;0
25/03/2021;20:57:20;218;Acidente sem VITIMA;348,270;BR-386/RS;Sul;Saída de pista;1;0;0;0;0;0;0;0;0;0;3;0;0;0;0
25/03/2021;21:27:44;221;Acidente sem VITIMA;20,000;BR-101/RS;Norte;Choque Barreira;0;0;0;0;0;0;0;1;0;0;1;0;0;0;0
25/03/2021;21:38:02;224;Acidente com VITIMA;305,000;BR-386/RS;Norte;Colisão - Frontal;1;0;1;0;0;0;0;0;0;0;1;1;0;0;0
26/03/2021;12:30:46;157;Acidente sem VITIMA;80,000;BR-101/RS;Sul;Saída de pista;0;0;0;0;0;0;0;1;0;0;1;0;0;0;0
26/03/2021;05:12:16;16;Acidente com VITIMA;50,000;BR-101/RS;Sul;Queda de ribanceira;0;0;1;0;0;0;0;0;0;0;0;0;1;0;0
26/03/2021;14:28:31;183;Acidente com VITIMA;304,000;BR-386/RS;Norte;Colisão - Traseira;1;0;0;1;0;0;0;0;0;0;1;0;1;0;0
26/03/2021;17:15:46;207;Acidente sem VITIMA;84,000;BR-290/RS;Leste;Choque Barreira;1;0;0;0;0;0;0;0;0;0;1;0;0;0;0
26/03/2021;17:45:21;216;Acidente sem VITIMA;408,000;BR-386/RS;Norte;Queda de ribanceira;1;0;0;0;0;1;0;0;0;0;4;0;0;0;0
26/03/2021;18:16:06;223;Acidente sem VITIMA;397,000;BR-386/RS;Norte;Saída de pista;0;0;0;0;0;0;0;0;0;1;2;0;0;0;0
26/03/2021;19:07:18;228;Acidente sem VITIMA;401,000;BR-386/RS;Norte;Saída de pista;1;0;0;0;0;0;0;0;0;0;1;0;0;0;0
26/03/2021;19:12:02;230;Acidente sem VITIMA;374,000;BR-386/RS;Norte;Saída de pista;1;0;0;0;0;0;0;0;0;0;1;0;0;0;0
26/03/2021;21:26:38;254;Acidente com VITIMA;348,000;BR-386/RS;Norte;Saída de pista;2;0;0;1;0;0;0;0;0;0;2;1;0;0;0
26/03/2021;23:07:30;265;Acidente sem VITIMA;91,000;BR-290/RS;Oeste;Colisão - Traseira;2;0;0;0;0;0;0;0;0;0;3;0;0;0;0
26/03/2021;08:26:36;85;Acidente sem VITIMA;348,000;BR-386/RS;Sul;Colisão - Traseira;2;0;0;0;0;0;0;0;0;0;2;0;0;0;0
27/03/2021;13:16:45;118;Acidente com VITIMA;25,000;BR-290/RS;Leste;Capotamento;1;0;0;0;0;0;0;0;0;0;0;3;0;0;0
27/03/2021;02:53:58;13;Acidente sem VITIMA;52,000;BR-101/RS;Norte;Saída de pista;1;0;0;0;0;0;0;0;0;0;1;0;0;0;0
27/03/2021;02:55:07;14;Acidente sem VITIMA;353,000;BR-386/RS;Norte;Queda de ribanceira;1;0;0;0;0;0;0;0;0;0;1;0;0;0;0
27/03/2021;16:16:32;151;Acidente sem VITIMA;349,000;BR-386/RS;Sul;Engavetamento;3;0;0;0;0;0;0;0;0;0;5;0;0;0;0
27/03/2021;00:48:03;4;Acidente sem VITIMA;72,000;BR-101/RS;Norte;Saída de pista;1;0;0;0;0;0;0;0;0;0;2;0;0;0;0
28/03/2021;19:31:17;151;Acidente sem VITIMA;298,000;BR-386/RS;Norte;Capotamento;1;0;0;0;0;0;0;0;0;0;1;0;0;0;0
28/03/2021;01:20:48;5;Acidente sem VITIMA;5,000;BR-290/RS;Ambos;Saída de pista;1;0;0;0;0;0;0;0;0;0;1;0;0;0;0
28/03/2021;12:56:19;85;Acidente com VITIMA;11,000;BR-101/RS;Norte;Queda de ribanceira;1;0;0;0;0;0;0;0;0;0;1;1;0;0;0
29/03/2021;10:15:53;111;Acidente sem VITIMA;380,000;BR-386/RS;Sul;Colisão - Transversal;1;0;1;0;0;0;0;0;0;0;3;0;0;0;0
29/03/2021;11:05:21;131;Acidente com VITIMA;224,000;BR-386/RS;Norte;Tombamento;0;0;0;0;0;0;0;1;0;0;0;1;0;0;0
29/03/2021;11:48:25;136;Acidente com VITIMA;270,000;BR-386/RS;Sul;Colisão - Traseira;2;0;0;0;0;0;0;0;0;0;3;0;1;0;0
29/03/2021;03:55:31;15;Acidente sem VITIMA;43,000;BR-290/RS;Oeste;Queda de ribanceira;0;0;0;0;0;0;0;0;0;1;1;0;0;0;0
29/03/2021;16:03:07;176;Acidente sem VITIMA;426,000;BR-386/RS;Sul;Colisão - Traseira;2;0;0;0;0;0;0;0;0;0;4;0;0;0;0
29/03/2021;20:26:51;220;Acidente sem VITIMA;50,000;BR-101/RS;Norte;Atropelamento de Animal;1;0;0;0;0;0;0;0;0;0;3;0;0;0;0
29/03/2021;20:39:33;223;Acidente sem VITIMA;28,000;BR-290/RS;Oeste;Saída de pista;1;0;0;0;0;0;0;0;0;0;1;0;0;0;0
29/03/2021;21:09:55;227;Acidente sem VITIMA;219,000;BR-386/RS;Norte;Atropelamento de Animal;1;0;0;0;0;0;0;0;0;0;2;0;0;0;0
30/03/2021;15:51:24;176;Acidente sem VITIMA;65,000;BR-290/RS;Oeste;Queda de ribanceira;1;0;0;0;0;0;0;0;0;0;1;0;0;0;0
30/03/2021;17:24:59;190;Acidente com VITIMA;93,000;BR-290/RS;Oeste;Colisão - Lateral;1;0;0;1;0;0;0;0;0;0;0;1;0;0;0
30/03/2021;18:53:49;204;Acidente sem VITIMA;28,000;BR-290/RS;Oeste;Saída de pista;1;0;0;0;0;0;0;0;0;0;3;0;0;0;0
30/03/2021;19:22:51;208;Acidente sem VITIMA;91,000;BR-290/RS;Leste;Queda de moto;0;0;0;1;0;0;0;0;0;0;1;0;0;0;0
30/03/2021;07:21:58;36;Acidente sem VITIMA;87,000;BR-290/RS;Leste;Colisão - Lateral;3;0;0;0;0;0;0;1;0;0;4;0;0;0;0
31/03/2021;13:16:46;186;Acidente sem VITIMA;60,000;BR-290/RS;Leste;Colisão - Traseira;1;0;0;0;0;0;0;1;0;0;3;0;0;0;0
31/03/2021;14:48:44;212;Acidente sem VITIMA;400,000;BR-386/RS;Sul;Queda de ribanceira;0;0;0;0;0;0;0;1;0;0;1;0;0;0;0
31/03/2021;04:47:39;23;Acidente com VITIMA;279,360;BR-386/RS;Sul;Choque Barreira;1;0;0;0;0;0;0;0;0;0;0;1;0;0;0
31/03/2021;06:16:11;25;Acidente com VITIMA;71,000;BR-101/RS;Sul;Capotamento;1;0;0;0;0;0;0;0;0;0;0;6;0;0;0
31/03/2021;06:35:33;27;Acidente com VITIMA;19,000;BR-101/RS;Sul;Colisão - Lateral;1;0;0;1;0;0;0;0;0;0;2;1;0;0;0
31/03/2021;21:06:13;283;Acidente sem VITIMA;435,000;BR-386/RS;Norte;Colisão - Traseira;1;0;0;0;0;0;0;1;0;0;2;0;0;0;0
01/04/2021;11:07:37;137;Acidente sem VITIMA;60,000;BR-290/RS;Leste;Colisão - Traseira;2;0;0;0;0;0;0;0;0;0;2;0;0;0;0
01/04/2021;12:17:17;157;Acidente sem VITIMA;33,000;BR-290/RS;Leste;Queda de ribanceira;1;0;0;0;0;0;0;0;0;0;4;0;0;0;0
01/04/2021;12:43:35;161;Acidente sem VITIMA;76,000;BR-101/RS;Sul;Capotamento;1;0;0;0;0;0;0;0;0;0;2;0;0;0;0
01/04/2021;13:36:33;182;Acidente sem VITIMA;90,000;BR-290/RS;Oeste;Choque Defensa;1;0;0;0;0;0;0;0;0;0;2;0;0;0;0
01/04/2021;14:49:17;208;Atropelamento Fatal;9,000;BR-101/RS;Sul;Atropelamento - Usuário;1;0;0;0;0;0;0;0;0;0;2;0;0;0;1
01/04/2021;18:21:15;271;Acidente com VITIMA;89,000;BR-290/RS;Leste;Colisão - Lateral;1;0;0;1;0;0;0;0;0;0;1;1;0;0;0
01/04/2021;19:15:06;286;Acidente com VITIMA FATAL;414,000;BR-386/RS;Norte;Colisão - Lateral;1;0;0;1;0;0;0;0;0;0;1;0;0;0;1
01/04/2021;00:55:49;3;Acidente sem VITIMA;86,000;BR-290/RS;Leste;Choque Defensa;1;0;0;0;0;0;0;0;0;0;1;0;0;0;0
01/04/2021;08:18:11;67;Acidente com VITIMA;296,000;BR-386/RS;Sul;Queda de moto;0;0;0;1;0;1;0;0;0;0;1;0;1;0;0
02/04/2021;12:53:22;101;Atropelamento;33,000;BR-101/RS;Norte;Atropelamento - Usuário;1;0;0;0;0;0;0;0;0;0;2;0;1;0;0
02/04/2021;14:43:52;115;Acidente com VITIMA;28,000;BR-101/RS;Norte;Colisão - Transversal;2;0;0;0;0;0;0;0;0;0;8;1;0;0;0
02/04/2021;19:11:31;157;Acidente com VITIMA;341,000;BR-386/RS;Sul;Queda de moto;0;0;0;1;0;0;0;0;0;0;0;2;0;0;0
02/04/2021;04:47:34;18;Acidente sem VITIMA;330,000;BR-386/RS;Sul;;1;0;0;0;0;0;0;0;0;0;1;0;0;0;0
02/04/2021;07:53:51;38;Acidente sem VITIMA;204,000;BR-386/RS;Norte;Engavetamento;5;0;0;0;0;0;0;0;0;0;9;0;0;0;0
03/04/2021;18:04:06;151;Acidente com VITIMA;8,000;BR-290/RS;Oeste;Saída de pista;1;0;0;0;0;0;0;0;0;0;3;1;0;0;0
03/04/2021;19:32:09;168;Acidente com VITIMA;43,000;BR-101/RS;Sul;Queda de moto;0;0;0;1;0;0;0;0;0;0;0;2;0;0;0
03/04/2021;08:24:50;53;Acidente sem VITIMA;4,000;BR-448/RS;Sul;Choque Barreira;1;0;0;0;0;0;0;0;0;0;1;0;0;0;0
03/04/2021;12:00:28;95;Acidente sem VITIMA;341,000;BR-386/RS;Sul;Choque Talude;1;0;0;0;0;0;0;0;0;0;1;0;0;0;0
04/04/2021;16:01:20;115;Acidente sem VITIMA;256,000;BR-386/RS;Norte;Colisão - Lateral;1;0;1;0;0;0;0;0;0;0;2;0;0;0;0
04/04/2021;17:20:49;143;Acidente com VITIMA;344,000;BR-386/RS;Norte;Engavetamento;4;0;0;0;0;0;0;0;0;0;7;2;0;0;0
04/04/2021;17:27:48;146;Acidente com VITIMA;19,000;BR-290/RS;Oeste;Colisão - Traseira;1;0;0;1;0;0;0;0;0;0;2;1;0;0;0
04/04/2021;10:30:16;50;Acidente sem VITIMA;349,000;BR-386/RS;Sul;Colisão - Traseira;1;0;0;1;0;0;0;0;0;0;2;0;0;0;0
04/04/2021;14:42:23;89;Acidente com VITIMA;436,000;BR-386/RS;Sul;Colisão - Traseira;1;0;0;0;0;0;0;0;0;0;0;2;0;0;0
05/04/2021;05:47:12;15;Acidente sem VITIMA;3,000;BR-290/RS;Oeste;Choque com objeto sobre a pista;1;0;0;0;0;0;0;0;0;0;4;0;0;0;0
05/04/2021;12:28:05;166;Acidente sem VITIMA;246,000;BR-386/RS;Norte;Colisão - Lateral;2;0;0;0;0;0;0;0;0;0;7;0;0;0;0
05/04/2021;13:10:35;177;Acidente sem VITIMA;375,000;BR-386/RS;Norte;Colisão - Traseira;0;0;0;1;0;0;0;0;0;1;3;0;0;0;0
05/04/2021;13:24:05;182;Acidente sem VITIMA;19,000;BR-101/RS;Norte;Saída de pista;1;0;0;0;0;0;0;0;0;0;1;0;0;0;0
05/04/2021;14:09:35;196;Acidente sem VITIMA;292,000;BR-386/RS;Sul;Queda de ribanceira;0;0;1;0;0;0;0;0;0;0;1;0;0;0;0
05/04/2021;14:54:18;207;Acidente sem VITIMA;348,000;BR-386/RS;Sul;Colisão - Lateral;1;0;1;0;0;0;0;0;0;0;2;0;0;0;0
05/04/2021;16:24:22;234;Acidente sem VITIMA;292,000;BR-386/RS;Sul;Colisão - Lateral;1;0;0;0;0;1;0;0;0;0;2;0;0;0;0
05/04/2021;16:54:25;242;Acidente sem VITIMA;439,000;BR-386/RS;Norte;Queda de moto;0;0;0;1;0;1;0;0;0;0;2;0;0;0;0
05/04/2021;08:15:20;79;Acidente com VITIMA;82,000;BR-101/RS;Sul;Queda de moto;0;0;0;1;0;0;0;0;0;0;0;1;1;0;0
06/04/2021;10:38:17;109;Acidente sem VITIMA;275,000;BR-386/RS;Norte;Queda de ribanceira;0;0;1;0;0;0;0;0;0;0;1;0;0;0;0
06/04/2021;14:20:42;164;Acidente sem VITIMA;327,000;BR-386/RS;Sul;Colisão - Lateral;0;0;1;0;0;0;0;1;0;0;3;0;0;0;0
06/04/2021;16:50:56;199;Acidente com VITIMA;338,000;BR-386/RS;Sul;Colisão - Frontal;1;0;1;0;0;0;0;1;0;0;2;1;0;0;0
06/04/2021;06:49:04;25;Acidente sem VITIMA;33,000;BR-290/RS;Oeste;Capotamento;1;0;0;0;0;0;0;0;0;0;1;0;0;0;0
06/04/2021;08:06:50;63;Acidente com VITIMA;73,000;BR-290/RS;Oeste;Choque com veículo no acostamento;1;0;1;0;0;0;0;0;0;0;1;0;1;1;0
06/04/2021;09:32:09;90;Acidente sem VITIMA;349,000;BR-386/RS;Sul;Colisão - Traseira;1;0;1;0;0;0;0;0;0;0;4;0;0;0;0
07/04/2021;13:23:29;156;Acidente sem VITIMA;36,000;BR-290/RS;Oeste;Queda de ribanceira;1;0;0;0;0;0;0;0;0;0;2;0;0;0;0
07/04/2021;19:49:42;235;Acidente com VITIMA;4,000;BR-101/RS;Sul;Queda de moto;0;0;0;1;0;0;0;0;0;0;0;0;1;0;0
07/04/2021;20:33:36;238;Acidente sem VITIMA;349,000;BR-386/RS;Sul;Colisão - Lateral;1;0;0;0;0;1;0;0;0;0;3;0;0;0;0
07/04/2021;07:13:58;31;Acidente sem VITIMA;80,000;BR-290/RS;Leste;Colisão - Traseira;2;0;0;0;0;0;0;0;0;0;2;0;0;0;0
07/04/2021;07:31:42;36;Acidente com VITIMA;332,000;BR-386/RS;Sul;Colisão - Lateral;0;0;2;0;0;0;0;0;0;0;0;1;2;0;0
07/04/2021;03:32:29;6;Acidente sem VITIMA;94,000;BR-290/RS;Leste;Colisão - Transversal;1;0;0;1;0;0;0;0;0;0;3;0;0;0;0
08/04/2021;09:53:26;119;Acidente sem VITIMA;4,000;BR-290/RS;Oeste;Queda de ribanceira;1;0;0;0;0;0;0;0;0;0;1;0;0;0;0
08/04/2021;19:13:36;254;Acidente com VITIMA;435,000;BR-386/RS;Norte;Colisão - Transversal;1;0;1;0;0;0;0;0;0;0;1;0;1;0;0
09/04/2021;09:24:35;118;Acidente sem VITIMA;346,000;BR-386/RS;Sul;Choque Defensa;1;0;0;0;0;0;0;0;0;0;1;0;0;0;0
09/04/2021;14:30:59;214;Acidente sem VITIMA;350,000;BR-386/RS;Sul;Colisão - Traseira;2;0;0;0;0;0;0;0;0;0;2;0;0;0;0
09/04/2021;15:01:14;222;Acidente com VITIMA;343,000;BR-386/RS;Norte;Colisão - Frontal;1;0;0;1;0;0;0;0;0;0;4;0;1;0;0
09/04/2021;16:06:26;252;Acidente sem VITIMA;426,000;BR-386/RS;Norte;Colisão - Lateral;1;0;0;0;0;0;0;0;0;0;2;0;0;0;0
09/04/2021;05:55:01;28;Acidente com VITIMA;94,000;BR-290/RS;Leste;Queda de moto;0;0;0;1;0;0;0;0;0;0;0;1;0;0;0
09/04/2021;17:12:14;286;Acidente com VITIMA;436,000;BR-386/RS;Sul;Capotamento;1;0;0;0;0;0;0;0;0;0;0;0;1;0;0
09/04/2021;18:44:14;312;Acidente sem VITIMA;67,000;BR-101/RS;Sul;Choque - Caixa de Captação/Fibra;2;0;0;0;0;0;0;0;0;0;2;0;0;0;0
09/04/2021;19:02:02;320;Acidente sem VITIMA;9,000;BR-290/RS;Oeste;Colisão - Frontal;2;0;0;0;0;0;0;0;0;0;5;0;0;0;0
09/04/2021;07:12:29;52;Acidente sem VITIMA;345,000;BR-386/RS;Norte;Choque - Arvore;1;0;0;0;0;0;0;0;0;0;1;0;0;0;0
10/04/2021;10:55:51;113;Acidente sem VITIMA;0,000;BR-448/RS;Sul;Capotamento;1;0;0;0;0;0;0;0;0;0;2;0;0;0;0
10/04/2021;11:07:44;118;Acidente com VITIMA;343,000;BR-386/RS;Sul;Colisão - Lateral;1;0;0;1;0;0;0;0;0;0;1;1;0;0;0
10/04/2021;11:45:31;129;Acidente sem VITIMA;226,000;BR-386/RS;Sul;Queda de ribanceira;0;0;1;0;0;0;0;0;0;0;2;0;0;0;0
10/04/2021;11:55:02;132;Acidente sem VITIMA;19,000;BR-448/RS;Norte;Capotamento;1;0;0;0;0;0;0;0;0;0;4;0;0;0;0
10/04/2021;12:32:24;152;Acidente com VITIMA;26,000;BR-101/RS;Sul;Colisão - Traseira;2;0;0;0;0;0;0;0;0;0;1;1;2;0;0
10/04/2021;13:21:46;158;Acidente sem VITIMA;18,000;BR-101/RS;Sul;Choque - Poste;1;0;0;0;0;0;0;0;0;0;1;0;0;0;0
10/04/2021;14:21:02;175;Acidente com VITIMA;399,000;BR-386/RS;Sul;Queda de ribanceira;2;0;0;0;0;0;0;0;0;0;4;1;0;0;0
10/04/2021;15:59:09;194;Acidente sem VITIMA;64,000;BR-290/RS;Leste;Choque Defensa;1;0;0;0;0;0;0;0;0;0;1;0;0;0;0
10/04/2021;19:23:00;239;Acidente sem VITIMA;4,000;BR-290/RS;Leste;Colisão - Traseira;2;0;0;0;0;0;0;0;0;0;3;0;0;0;0
10/04/2021;23:28:23;264;Acidente sem VITIMA;35,000;BR-101/RS;Norte;Colisão - Traseira;2;0;0;0;0;0;0;0;0;0;4;0;0;0;0
10/04/2021;00:11:29;3;Acidente com VITIMA;10,000;BR-101/RS;Sul;Choque com veículo na faixa de rolamento;1;0;0;0;0;0;0;0;0;0;1;0;1;0;0
10/04/2021;09:47:57;91;Acidente com VITIMA;296,000;BR-386/RS;Sul;Colisão - Traseira;2;0;0;0;0;0;0;0;0;0;2;0;1;0;0
11/04/2021;11:54:06;100;Acidente sem VITIMA;247,000;BR-386/RS;Sul;;1;0;0;0;0;0;0;0;0;0;2;0;0;0;0
11/04/2021;03:37:18;13;Atropelamento;390,000;BR-386/RS;Norte;Atropelamento - Andarilho;0;0;0;0;0;0;0;0;0;0;0;0;1;0;0
11/04/2021;16:08:42;158;Acidente sem VITIMA;60,000;BR-290/RS;Oeste;Colisão - Traseira;2;0;0;0;0;0;0;0;0;0;3;0;0;0;0
11/04/2021;06:22:03;19;Acidente sem VITIMA;321,000;BR-386/RS;Sul;Atropelamento de Animal;1;0;0;0;0;0;0;0;0;0;1;0;0;0;0
11/04/2021;19:42:30;211;Acidente com VITIMA;440,000;BR-386/RS;Sul;Capotamento;1;0;0;0;0;0;0;1;0;0;1;2;0;0;0
11/04/2021;08:11:56;46;Acidente sem VITIMA;83,000;BR-101/RS;Norte;Colisão - Lateral;1;0;0;0;0;0;0;1;0;0;2;0;0;0;0
12/04/2021;09:38:29;103;Acidente sem VITIMA;48,000;BR-290/RS;Leste;Choque com veículo no acostamento;0;0;2;0;0;0;0;0;0;0;2;0;0;0;0
12/04/2021;12:28:03;152;Acidente sem VITIMA;75,000;BR-290/RS;Leste;Colisão - Traseira;1;0;0;0;0;0;0;0;0;1;2;0;0;0;0
12/04/2021;13:21:53;161;Acidente sem VITIMA;349,000;BR-386/RS;Sul;Colisão - Traseira;1;0;0;0;0;0;0;1;0;0;3;0;0;0;0
12/04/2021;17:44:15;212;Acidente com VITIMA;185,000;BR-386/RS;Sul;Colisão - Traseira;1;0;1;0;0;0;0;0;0;0;2;1;0;0;0
12/04/2021;07:50:06;58;Acidente com VITIMA;384,000;BR-386/RS;Norte;Queda de ribanceira;0;0;0;1;0;0;0;0;0;0;0;0;1;0;0
12/04/2021;08:24:00;77;Acidente sem VITIMA;351,000;BR-386/RS;Norte;Choque Defensa;1;0;0;0;0;0;0;0;0;0;1;0;0;0;0
13/04/2021;19:45:12;224;Acidente sem VITIMA;370,000;BR-386/RS;Sul;Saída de pista;1;0;0;0;0;0;0;0;0;0;1;0;0;0;0
13/04/2021;02:54:53;8;Acidente sem VITIMA;438,000;BR-386/RS;Norte;Queda de ribanceira;1;0;0;0;0;0;0;0;0;0;1;0;0;0;0
14/04/2021;05:50:45;14;Atropelamento Fatal;318,000;BR-386/RS;Sul;Atropelamento - Usuário;1;0;0;0;0;0;0;0;0;0;1;0;0;0;1
14/04/2021;14:50:48;210;Acidente sem VITIMA;324,000;BR-386/RS;Sul;Colisão - Traseira;2;0;0;0;0;0;0;0;0;0;6;0;0;0;0
14/04/2021;00:32:36;3;Acidente sem VITIMA;42,000;BR-290/RS;Leste;Queda de ribanceira;1;0;0;0;0;0;0;0;0;0;1;0;0;0;0
14/04/2021;07:41:32;57;Acidente sem VITIMA;306,000;BR-386/RS;Sul;Queda de ribanceira;0;0;1;0;0;0;0;0;0;0;2;0;0;0;0
15/04/2021;10:03:33;122;Acidente sem VITIMA;19,000;BR-290/RS;Leste;Colisão - Traseira;2;0;0;0;0;0;0;0;0;0;5;0;0;0;0
15/04/2021;11:23:20;141;Atropelamento Fatal;438,000;BR-386/RS;Norte;Atropelamento - Morador/Trabalhador/Estudante;1;0;0;0;0;0;0;0;0;0;1;0;0;0;1