data;horario;n_da_ocorrencia;tipo_de_ocorrencia;km;trecho;sentido;tipo_de_acidente;automovel;bicicleta;caminhao;moto;onibus;outros;tracao_animal;transporte_de_cargas_especiais;trator_maquinas;utilitarios;ilesos;levemente_feridos;moderadamente_feridos;gravemente_feridos;mortos
15/04/2021;13:20:24;171;Acidente sem VITIMA;19,000;BR-101/RS;Sul;Colisão - Lateral;2;0;0;0;0;0;0;0;0;0;2;0;0;0;0
15/04/2021;17:11:36;237;Acidente sem VITIMA;348,000;BR-386/RS;Sul;Colisão - Lateral;1;0;1;0;0;0;0;0;0;0;2;0;0;0;0
15/04/2021;18:25:57;254;Acidente com VITIMA;385,000;BR-386/RS;Ambos;Queda de ribanceira;0;0;0;1;0;0;0;0;0;0;0;0;0;1;0
15/04/2021;18:36:26;256;Acidente sem VITIMA;71,000;BR-101/RS;Norte;Colisão - Lateral;1;0;0;0;0;0;0;1;0;0;2;0;0;0;0
16/04/2021;14:15:37;176;Acidente sem VITIMA;8,000;BR-101/RS;Norte;Colisão - Lateral;1;0;0;0;0;0;0;0;0;0;1;0;0;0;0
16/04/2021;04:10:57;18;Acidente sem VITIMA;84,000;BR-101/RS;Norte;Atropelamento de Animal;0;0;0;0;0;0;0;0;0;1;1;0;0;0;0
16/04/2021;14:46:51;181;Acidente sem VITIMA;41,000;BR-290/RS;Oeste;Queda de ribanceira;1;0;0;0;0;0;0;0;0;0;2;0;0;0;0
16/04/2021;16:45:29;210;Acidente sem VITIMA;351,000;BR-386/RS;Norte;Colisão - Traseira;2;0;0;0;0;0;0;0;0;0;2;0;0;0;0
16/04/2021;05:19:51;22;Acidente com VITIMA;417,000;BR-386/RS;Sul;Colisão - Frontal;1;0;0;0;0;1;0;0;0;0;1;1;2;0;0
16/04/2021;18:48:48;238;Acidente com VITIMA;325,000;BR-386/RS;Sul;Colisão - Lateral;1;0;0;1;0;0;0;0;0;0;1;0;1;0;0
16/04/2021;19:54:16;249;Acidente sem VITIMA;8,000;BR-101/RS;Norte;Colisão - Lateral;1;0;0;0;0;0;0;0;0;0;2;0;0;0;0
16/04/2021;22:22:32;270;Acidente sem VITIMA;2,000;BR-101/RS;Norte;Colisão - Lateral;0;0;0;0;0;0;0;0;0;1;2;0;0;0;0
16/04/2021;01:26:34;9;Acidente com VITIMA;92,000;BR-290/RS;Oeste;Choque com veículo na faixa de rolamento;1;0;0;1;0;0;0;0;0;0;1;0;1;0;0
17/04/2021;03:46:17;13;Acidente sem VITIMA;63,000;BR-290/RS;Leste;Colisão - Frontal;1;0;0;0;0;0;0;1;0;0;2;0;0;0;0
17/04/2021;14:23:21;131;Acidente sem VITIMA;31,000;BR-290/RS;Oeste;Queda de ribanceira;1;0;0;0;0;0;0;0;0;0;2;0;0;0;0
17/04/2021;15:04:51;139;Acidente sem VITIMA;356,000;BR-386/RS;Norte;Colisão - Lateral;2;0;0;0;0;0;0;0;0;0;2;0;0;0;0
17/04/2021;04:29:29;16;Acidente com VITIMA FATAL;80,000;BR-290/RS;Oeste;Colisão - Frontal;2;0;0;0;0;0;0;0;0;0;0;0;0;1;1
17/04/2021;17:39:57;162;Acidente com VITIMA;415,000;BR-386/RS;Ambos;Colisão - Frontal;2;0;0;0;0;0;0;0;0;0;0;0;4;0;0
17/04/2021;19:06:20;173;Acidente sem VITIMA;19,000;BR-290/RS;Leste;Choque Praça - Cabine;0;0;0;0;0;0;0;0;0;1;3;0;0;0;0
17/04/2021;10:08:47;86;Acidente sem VITIMA;256,000;BR-386/RS;Norte;Queda de ribanceira;1;0;0;0;0;0;0;0;0;0;2;0;0;0;0
18/04/2021;05:48:08;11;Acidente sem VITIMA;417,000;BR-386/RS;Norte;Queda de ribanceira;1;0;0;0;0;0;0;0;0;0;2;0;0;0;0
18/04/2021;18:09:53;151;Acidente sem VITIMA;392,000;BR-386/RS;Sul;Colisão - Transversal;2;0;0;0;0;0;0;0;0;0;5;0;0;0;0
18/04/2021;18:25:55;152;Atropelamento;80,000;BR-290/RS;Oeste;Atropelamento - Esportista;0;0;0;0;0;1;0;0;0;0;1;1;0;0;0
18/04/2021;19:07:29;162;Acidente sem VITIMA;7,000;BR-290/RS;Oeste;Queda de ribanceira;1;0;0;0;0;1;0;0;0;0;3;0;0;0;0
18/04/2021;20:33:03;175;Acidente com VITIMA;246,000;BR-386/RS;Sul;Saída de pista;1;0;0;0;0;0;0;0;0;0;0;1;0;0;0
18/04/2021;20:46:57;176;Acidente sem VITIMA;367,520;BR-386/RS;Norte;Queda de moto;0;0;0;1;0;0;0;0;0;0;1;0;0;0;0
18/04/2021;21:54:25;188;Acidente sem VITIMA;90,000;BR-290/RS;Oeste;Queda de ribanceira;1;0;0;0;0;0;0;0;0;0;1;0;0;0;0
18/04/2021;01:05:48;2;Acidente sem VITIMA;70,000;BR-290/RS;Leste;Colisão - Traseira;1;0;1;0;0;0;0;0;0;0;2;0;0;0;0
18/04/2021;10:28:28;67;Acidente com VITIMA;372,000;BR-386/RS;Norte;Queda de ribanceira;1;0;0;0;0;0;0;0;0;0;0;0;2;0;0
18/04/2021;12:31:36;80;Acidente sem VITIMA;423,000;BR-386/RS;Sul;Queda de ribanceira;1;0;0;0;0;0;0;0;0;0;2;0;0;0;0
18/04/2021;12:40:53;81;Acidente sem VITIMA;94,000;BR-290/RS;Leste;Choque Defensa;1;0;0;0;0;0;0;0;0;0;4;0;0;0;0
19/04/2021;16:14:33;211;Acidente sem VITIMA;92,000;BR-290/RS;Leste;Colisão - Lateral;1;0;0;0;0;0;0;1;0;0;2;0;0;0;0
19/04/2021;07:53:10;55;Acidente com VITIMA;82,000;BR-101/RS;Sul;Queda de moto;0;0;0;1;0;0;0;0;0;0;0;1;0;0;0
20/04/2021;03:13:58;13;Acidente sem VITIMA;333,000;BR-386/RS;Sul;Tombamento;0;0;1;0;0;0;0;0;0;0;1;0;0;0;0
20/04/2021;04:17:25;14;Acidente sem VITIMA;35,000;BR-101/RS;Norte;Choque Praça - Submarino;1;0;0;0;0;0;0;0;0;0;7;0;0;0;0
20/04/2021;13:01:21;154;Acidente com VITIMA;52,000;BR-290/RS;Oeste;Colisão - Lateral;1;0;0;1;0;0;0;0;0;0;3;1;0;0;0
20/04/2021;16:37:58;205;Acidente sem VITIMA;432,000;BR-386/RS;Norte;;1;0;0;0;0;0;0;0;0;1;3;0;0;0;0
20/04/2021;18:55:23;238;Atropelamento;415,000;BR-386/RS;Sul;Atropelamento - Usuário;1;0;0;0;0;0;0;0;0;0;1;0;1;0;0
20/04/2021;19:01:04;239;Acidente sem VITIMA;91,170;BR-290/RS;Leste;Colisão - Lateral;2;0;0;0;0;0;0;0;0;0;2;0;0;0;0
20/04/2021;19:26:40;244;Acidente sem VITIMA;229,000;BR-386/RS;Sul;Queda de ribanceira;2;0;0;0;0;0;0;0;0;0;3;0;0;0;0
20/04/2021;21:17:07;272;Acidente sem VITIMA;304,000;BR-386/RS;Norte;Capotamento;1;0;0;0;0;0;0;0;0;0;4;0;0;0;0
20/04/2021;01:05:02;7;Acidente sem VITIMA;435,000;BR-386/RS;Norte;Colisão - Frontal;0;0;0;0;0;0;0;0;0;1;1;0;0;0;0
20/04/2021;01:48:58;9;Acidente com VITIMA;93,000;BR-290/RS;Oeste;Colisão - Lateral;0;0;0;1;0;0;0;1;0;0;1;1;0;0;0
21/04/2021;11:45:41;110;Acidente com VITIMA;375,000;BR-386/RS;Norte;Colisão - Traseira;2;0;0;0;0;0;0;0;0;0;2;1;0;0;0
21/04/2021;12:09:50;119;Acidente sem VITIMA;60,000;BR-290/RS;Oeste;Colisão - Traseira;2;0;0;0;0;0;0;0;0;0;2;0;0;0;0
21/04/2021;16:11:21;173;Acidente sem VITIMA;64,000;BR-101/RS;Norte;Queda de ribanceira;1;0;0;0;0;0;0;0;0;0;1;0;0;0;0
21/04/2021;19:38:47;202;Acidente com VITIMA;416,000;BR-386/RS;Sul;Colisão - Lateral;1;0;0;1;0;0;0;0;0;0;1;1;0;0;0
21/04/2021;08:01:57;49;Acidente sem VITIMA;28,000;BR-101/RS;Sul;Capotamento;1;0;0;0;0;0;0;0;0;0;1;0;0;0;0
21/04/2021;10:05:57;83;Acidente sem VITIMA;86,000;BR-101/RS;Norte;Queda de ribanceira;0;0;0;0;0;0;0;1;0;0;2;0;0;0;0
21/04/2021;10:54:53;97;Acidente sem VITIMA;271,000;BR-386/RS;Sul;;1;0;0;0;0;0;0;0;0;0;1;0;0;0;0
22/04/2021;13:26:19;172;Acidente com VITIMA;246,000;BR-386/RS;Sul;Colisão - Frontal;1;0;0;1;0;0;0;0;0;0;1;1;0;0;0
22/04/2021;14:27:17;192;Acidente sem VITIMA;85,000;BR-290/RS;Oeste;Colisão - Frontal;1;0;1;0;0;0;0;0;0;1;3;0;0;0;0
22/04/2021;14:45:13;203;Acidente sem VITIMA;47,000;BR-290/RS;Leste;Saída de pista;1;0;1;0;0;0;0;0;0;0;3;0;0;0;0
22/04/2021;17:17:04;232;Acidente sem VITIMA;351,000;BR-386/RS;Norte;Colisão - Lateral;1;0;1;0;0;0;0;0;0;0;3;0;0;0;0
22/04/2021;18:40:46;249;Acidente sem VITIMA;426,000;BR-386/RS;Norte;Choque Praça - Cabine;0;0;0;0;0;0;0;0;0;1;1;0;0;0;0
22/04/2021;19:48:11;255;Acidente sem VITIMA;332,000;BR-386/RS;Norte;Saída de pista;1;0;0;0;0;0;0;0;0;0;1;0;0;0;0
22/04/2021;21:35:16;269;Acidente sem VITIMA;80,000;BR-290/RS;Leste;Saída de pista;1;0;0;0;0;0;0;0;0;0;2;0;0;0;0
22/04/2021;21:47:24;272;Acidente sem VITIMA;253,000;BR-386/RS;Norte;Colisão - Traseira;1;0;0;0;0;0;0;1;0;0;4;0;0;0;0
23/04/2021;09:29:49;134;Acidente sem VITIMA;80,000;BR-290/RS;Leste;Saída de pista;1;0;0;0;0;0;0;0;0;0;1;0;0;0;0
23/04/2021;05:52:56;15;Acidente sem VITIMA;28,000;BR-290/RS;Oeste;Saída de pista;0;0;0;0;0;0;0;1;0;0;1;0;0;0;0
23/04/2021;10:20:03;164;Acidente sem VITIMA;80,000;BR-290/RS;Leste;Colisão - Lateral;1;0;1;0;0;0;0;0;0;0;2;0;0;0;0
23/04/2021;10:39:18;172;Acidente com VITIMA;83,000;BR-290/RS;Oeste;Colisão - Traseira;1;0;0;1;0;0;0;0;0;0;1;1;0;0;0
23/04/2021;10:42:51;174;Acidente sem VITIMA;60,000;BR-290/RS;Leste;Colisão - Lateral;2;0;0;0;0;0;0;0;0;0;1;0;0;0;0
23/04/2021;17:32:08;274;Acidente com VITIMA;60,000;BR-290/RS;Leste;Queda de moto;0;0;0;1;0;0;0;0;0;0;1;0;1;0;0
23/04/2021;18:20:04;282;Acidente com VITIMA;405,000;BR-386/RS;Norte;Colisão - Traseira;2;0;0;0;0;0;0;0;0;0;2;2;0;0;0
23/04/2021;20:37:27;307;Acidente com VITIMA;273,000;BR-386/RS;Ambos;Colisão - Lateral;1;0;0;0;1;0;0;0;0;0;1;1;0;0;0
23/04/2021;20:50:32;309;Acidente sem VITIMA;81,000;BR-290/RS;Oeste;Colisão - Traseira;2;0;0;0;0;0;0;0;0;0;2;0;0;0;0
23/04/2021;06:57:31;34;Acidente sem VITIMA;412,000;BR-386/RS;Sul;Queda de moto;0;0;0;1;0;0;0;0;0;0;1;0;0;0;0
23/04/2021;07:51:04;69;Acidente sem VITIMA;60,000;BR-290/RS;Oeste;Colisão - Lateral;2;0;0;0;0;0;0;0;0;0;5;0;0;0;0
24/04/2021;10:58:53;120;Acidente sem VITIMA;375,000;BR-386/RS;Norte;Tombamento;0;0;0;0;0;0;0;0;0;1;2;0;0;0;0
24/04/2021;12:12:44;138;Acidente sem VITIMA;230,000;BR-386/RS;Sul;Capotamento;1;0;0;0;0;0;0;0;0;0;1;0;0;0;0
24/04/2021;15:42:48;182;Acidente sem VITIMA;229,000;BR-386/RS;Norte;Colisão - Lateral;1;0;0;0;0;0;0;0;0;1;2;0;0;0;0
24/04/2021;00:43:39;2;Acidente sem VITIMA;428,000;BR-386/RS;Norte;Atropelamento de Animal;1;0;0;0;0;0;0;0;0;0;1;0;0;0;0
24/04/2021;18:34:48;224;Acidente sem VITIMA;399,000;BR-386/RS;Norte;Queda de moto;0;0;0;1;0;0;0;0;0;0;1;0;0;0;0
24/04/2021;19:24:54;232;Acidente com VITIMA;14,000;BR-290/RS;Oeste;Colisão - Traseira;2;0;0;0;0;0;0;0;0;0;0;4;0;0;0
24/04/2021;21:02:14;240;Atropelamento;349,000;BR-386/RS;Sul;Atropelamento - Usuário;1;0;0;0;0;0;0;0;0;1;0;1;0;0;0
24/04/2021;06:43:43;26;Acidente sem VITIMA;349,000;BR-386/RS;Norte;Queda de ribanceira;1;0;0;0;0;0;0;0;0;0;1;0;0;0;0
24/04/2021;09:15:30;93;Acidente sem VITIMA;63,000;BR-101/RS;Sul;Queda de moto;0;0;0;1;0;0;0;0;0;0;2;0;0;0;0
25/04/2021;14:15:58;104;Acidente sem VITIMA;13,000;BR-448/RS;Norte;Choque Barreira;1;0;0;0;0;0;0;0;0;0;2;0;0;0;0
25/04/2021;14:45:26;107;Acidente sem VITIMA;75,000;BR-290/RS;Oeste;Choque Defensa;1;0;0;0;0;0;0;0;0;0;1;0;0;0;0
25/04/2021;02:02:42;11;Acidente sem VITIMA;85,000;BR-290/RS;Leste;Choque Defensa;1;0;0;0;0;0;0;0;0;0;1;0;0;0;0
25/04/2021;02:37:11;13;Acidente sem VITIMA;10,260;BR-448/RS;Norte;Choque - Poste;1;0;0;0;0;0;0;0;0;0;3;0;0;0;0
25/04/2021;17:44:18;139;Acidente com VITIMA;7,000;BR-290/RS;Oeste;Choque Defensa;1;0;0;0;0;0;0;0;0;0;3;1;0;0;0
25/04/2021;18:40:30;148;Acidente com VITIMA;401,000;BR-386/RS;Norte;Queda de ribanceira;1;0;0;0;0;0;0;0;0;0;2;0;1;0;0
25/04/2021;19:44:43;159;Acidente sem VITIMA;92,000;BR-290/RS;Oeste;Colisão - Traseira;2;0;0;0;0;0;0;0;0;0;4;0;0;0;0
25/04/2021;23:55:10;186;Acidente sem VITIMA;87,000;BR-101/RS;Sul;Choque Barreira;1;0;0;0;0;0;0;0;0;0;1;0;0;0;0
25/04/2021;00:12:15;2;Acidente com VITIMA;339,000;BR-386/RS;Sul;Queda de ribanceira;1;0;0;0;0;0;0;0;0;0;1;2;0;0;0
25/04/2021;01:00:10;6;Acidente sem VITIMA;89,000;BR-290/RS;Oeste;Choque Defensa;1;0;0;0;0;0;0;0;0;0;1;0;0;0;0
26/04/2021;03:30:50;11;Acidente com VITIMA FATAL;244,000;BR-386/RS;Sul;Colisão - Frontal;1;0;0;0;0;0;0;1;0;0;0;1;0;0;1
26/04/2021;12:18:04;147;Acidente sem VITIMA;60,000;BR-290/RS;Oeste;Colisão - Traseira;2;0;0;0;0;0;0;0;0;0;2;0;0;0;0
26/04/2021;13:21:46;159;Acidente com VITIMA;415,000;BR-386/RS;Norte;Colisão - Transversal;2;0;0;0;0;0;0;0;0;0;3;1;0;0;0
26/04/2021;16:52:55;209;Acidente sem VITIMA;95,000;BR-290/RS;Oeste;Choque Defensa;1;0;0;0;0;0;0;0;0;0;1;0;0;0;0
26/04/2021;19:13:03;230;Acidente com VITIMA;33,000;BR-101/RS;Norte;Colisão - Traseira;2;0;0;0;0;0;0;0;0;0;1;1;0;0;0
26/04/2021;22:05:15;251;Acidente com VITIMA;75,000;BR-290/RS;Oeste;;0;0;0;1;0;0;0;0;0;0;0;1;0;0;0
27/04/2021;09:24:17;125;Acidente sem VITIMA;91,000;BR-290/RS;Oeste;Colisão - Traseira;2;0;0;0;0;0;0;0;0;0;1;0;0;0;0
27/04/2021;10:34:47;141;Acidente sem VITIMA;318,000;BR-386/RS;Norte;Queda de moto;0;0;0;1;0;0;0;0;0;0;1;0;0;0;0
27/04/2021;12:06:57;160;Acidente sem VITIMA;248,000;BR-386/RS;Norte;Colisão - Transversal;2;0;0;0;0;0;0;0;0;0;3;0;0;0;0
27/04/2021;12:23:14;161;Atropelamento;359,000;BR-386/RS;Sul;Atropelamento - Usuário;1;0;0;0;0;0;0;0;0;0;2;1;0;0;0
27/04/2021;13:54:01;178;Acidente sem VITIMA;192,000;BR-386/RS;Sul;Colisão - Lateral;2;0;0;0;0;0;0;0;0;0;2;0;0;0;0
27/04/2021;17:42:45;232;Acidente sem VITIMA;28,000;BR-101/RS;Norte;Choque - Sinalização;1;0;0;0;0;0;0;0;0;0;2;0;0;0;0
27/04/2021;18:39:43;243;Acidente sem VITIMA;245,000;BR-386/RS;Sul;Engavetamento;2;0;0;1;0;1;0;0;0;0;7;0;0;0;0
27/04/2021;19:08:40;248;Acidente sem VITIMA;440,000;BR-386/RS;Sul;Colisão - Lateral;0;0;0;1;0;0;0;0;0;0;2;0;0;0;0
27/04/2021;08:07:01;69;Acidente sem VITIMA;52,000;BR-290/RS;Oeste;Colisão - Traseira;1;0;0;0;0;0;0;1;0;0;2;0;0;0;0
28/04/2021;09:57:42;131;Acidente sem VITIMA;87,000;BR-290/RS;Oeste;Colisão - Lateral;1;0;1;0;0;0;0;0;0;0;2;0;0;0;0
28/04/2021;15:11:48;223;Acidente sem VITIMA;441,000;BR-386/RS;Sul;Colisão - Frontal;2;0;0;0;0;0;0;0;0;0;3;0;0;0;0
28/04/2021;16:33:14;238;Acidente sem VITIMA;392,000;BR-386/RS;Norte;Colisão - Lateral;2;0;1;0;0;0;0;0;0;0;3;0;0;0;0
28/04/2021;18:34:45;264;Acidente sem VITIMA;439,000;BR-386/RS;Sul;Colisão - Lateral;1;0;1;0;0;0;0;0;0;0;4;0;0;0;0
28/04/2021;20:23:18;274;Acidente sem VITIMA;427,000;BR-386/RS;Sul;Outros;0;0;0;0;0;0;0;0;0;1;1;0;0;0;0
28/04/2021;21:33:55;285;Acidente sem VITIMA;405,000;BR-386/RS;Norte;Queda de ribanceira;1;0;0;0;0;0;0;0;0;0;1;0;0;0;0
28/04/2021;21:37:10;286;Acidente sem VITIMA;84,000;BR-101/RS;Norte;Tombamento;0;0;1;0;0;0;0;0;0;0;1;0;0;0;0
28/04/2021;23:14:28;292;Acidente sem VITIMA;400,000;BR-386/RS;Norte;Atropelamento de Animal;0;0;0;0;0;0;0;0;0;1;1;0;0;0;0
28/04/2021;03:16:23;9;Acidente sem VITIMA;53,000;BR-101/RS;Norte;Choque Barreira;0;0;0;0;1;0;0;0;0;0;2;0;0;0;0
29/04/2021;11:22:02;141;Acidente sem VITIMA;241,000;BR-386/RS;Norte;Colisão - Lateral;0;0;1;0;0;1;0;0;0;0;1;0;0;0;0
29/04/2021;15:26:06;198;Acidente sem VITIMA;33,000;BR-290/RS;Leste;Saída de pista;1;0;0;0;0;0;0;0;0;0;3;0;0;0;0
29/04/2021;18:58:04;239;Acidente sem VITIMA;91,000;BR-290/RS;Leste;Engavetamento;2;0;0;0;0;1;0;0;0;0;3;0;0;0;0
29/04/2021;07:24:12;42;Acidente sem VITIMA;91,000;BR-290/RS;Leste;Colisão - Lateral;1;0;0;1;0;0;0;0;0;0;2;0;0;0;0
29/04/2021;06:29:12;9;Acidente sem VITIMA;304,000;BR-386/RS;Norte;Tombamento;0;0;1;0;0;0;0;0;0;0;1;0;0;0;0
30/04/2021;05:53:58;10;Acidente sem VITIMA;412,000;BR-386/RS;Norte;Choque - Meio Fio;1;0;0;0;0;0;0;0;0;0;1;0;0;0;0
30/04/2021;09:56:00;124;Acidente sem VITIMA;437,000;BR-386/RS;Sul;Colisão - Frontal;2;0;1;0;0;0;0;0;0;0;3;0;0;0;0
30/04/2021;10:25:07;129;Acidente sem VITIMA;12,000;BR-290/RS;Oeste;Colisão - Lateral;2;0;0;0;0;0;0;0;0;0;2;0;0;0;0
30/04/2021;23:09:38;295;Acidente com VITIMA;91,000;BR-290/RS;Leste;Colisão - Lateral;1;0;0;0;0;0;0;0;0;1;0;0;4;0;0
01/05/2021;11:43:07;115;Acidente sem VITIMA;284,000;BR-386/RS;Sul;Queda de Carga;2;0;0;0;0;0;0;0;0;0;4;0;0;0;0
01/05/2021;16:39:54;174;Acidente com VITIMA;362,000;BR-386/RS;Sul;Saída de pista;1;0;0;0;0;0;0;0;0;0;0;1;0;0;0
01/05/2021;17:46:30;188;Acidente com VITIMA;369,000;BR-386/RS;Sul;Colisão - Lateral;1;0;0;1;0;0;0;0;0;0;1;1;0;0;0
01/05/2021;23:41:10;218;Acidente com VITIMA;65,000;BR-290/RS;Leste;Colisão - Lateral;2;0;0;0;0;0;0;0;0;0;0;2;0;0;0
02/05/2021;04:41:32;10;Acidente com VITIMA;347,000;BR-386/RS;Norte;Saída de pista;1;0;0;0;0;0;0;0;0;0;0;3;2;0;0
02/05/2021;06:35:45;15;Acidente com VITIMA;86,000;BR-290/RS;Leste;Colisão - Traseira;2;0;0;0;0;0;0;0;0;0;1;2;1;0;0
02/05/2021;18:49:10;158;Acidente sem VITIMA;73,000;BR-290/RS;Leste;Queda de moto;1;0;0;0;0;0;0;0;0;0;2;0;0;0;0
02/05/2021;19:05:33;160;Acidente sem VITIMA;348,000;BR-386/RS;Norte;Colisão - Traseira;2;0;0;0;0;0;0;0;0;0;2;0;0;0;0
02/05/2021;19:24:16;169;Acidente sem VITIMA;1,000;BR-101/RS;Norte;Colisão - Traseira;2;0;0;0;0;0;0;0;0;0;7;0;0;0;0
02/05/2021;20:10:17;180;Acidente sem VITIMA;374,000;BR-386/RS;Norte;Saída de pista;1;0;0;0;0;0;0;0;0;0;2;0;0;0;0
02/05/2021;21:00:11;190;Acidente sem VITIMA;19,000;BR-101/RS;Sul;Colisão - Lateral;1;0;1;0;0;0;0;0;0;0;2;0;0;0;0
02/05/2021;23:27:35;211;Acidente com VITIMA;346,000;BR-386/RS;Norte;Saída de pista;1;0;0;0;0;0;0;0;0;0;1;0;0;1;0
02/05/2021;11:59:25;74;Acidente sem VITIMA;15,000;BR-290/RS;Leste;Queda de ribanceira;1;0;0;0;0;0;0;0;0;0;1;0;0;0;0
03/05/2021;10:50:04;152;Acidente com VITIMA;28,000;BR-290/RS;Oeste;Capotamento;1;0;0;0;0;0;0;0;0;0;0;0;2;0;0
03/05/2021;11:23:04;165;Acidente sem VITIMA;36,000;BR-290/RS;Oeste;Colisão - Lateral;2;0;0;0;0;0;0;0;0;0;4;0;0;0;0
03/05/2021;13:39:37;202;Acidente com VITIMA;71,000;BR-101/RS;Sul;Capotamento;1;0;0;0;0;0;0;0;0;0;2;0;1;0;0
03/05/2021;16:17:03;255;Acidente sem VITIMA;60,000;BR-290/RS;Oeste;Colisão - Traseira;2;0;0;0;0;0;0;0;0;0;2;0;0;0;0
03/05/2021;16:31:43;259;Acidente sem VITIMA;358,000;BR-386/RS;Sul;Colisão - Lateral;0;0;1;0;0;0;0;1;0;0;2;0;0;0;0
03/05/2021;17:41:37;281;Acidente com VITIMA;437,000;BR-386/RS;Sul;Colisão - Traseira;1;0;0;1;0;0;0;0;0;0;1;1;0;0;0
04/05/2021;09:56:23;130;Acidente sem VITIMA;437,000;BR-386/RS;Sul;Colisão - Lateral;1;0;0;0;0;0;0;1;0;0;3;0;0;0;0
04/05/2021;10:56:47;153;Acidente sem VITIMA;437,000;BR-386/RS;Sul;Colisão - Traseira;1;0;0;0;0;1;0;0;0;0;3;0;0;0;0
04/05/2021;12:14:58;180;Acidente sem VITIMA;233,000;BR-386/RS;Norte;Choque - Sinalização;1;0;0;0;0;0;0;0;0;0;1;0;0;0;0
04/05/2021;12:58:22;192;Acidente sem VITIMA;353,000;BR-386/RS;Sul;Capotamento;1;0;0;0;0;0;0;0;0;0;1;0;0;0;0
04/05/2021;13:12:41;194;Acidente sem VITIMA;246,000;BR-386/RS;Sul;;2;0;1;0;0;0;0;0;0;0;3;0;0;0;0
04/05/2021;15:58:00;232;Acidente sem VITIMA;351,000;BR-386/RS;Norte;Colisão - Lateral;1;0;0;0;0;0;0;1;0;0;3;0;0;0;0
04/05/2021;17:43:30;253;Acidente sem VITIMA;334,000;BR-386/RS;Norte;Queda de ribanceira;1;0;0;0;0;0;0;0;0;0;1;0;0;0;0
04/05/2021;17:57:08;255;Acidente com VITIMA;9,000;BR-101/RS;Norte;Choque com veículo na faixa de rolamento;0;0;0;1;0;1;0;0;0;0;1;0;1;0;0
04/05/2021;23:12:47;295;Acidente sem VITIMA;20,000;BR-290/RS;Oeste;Saída de pista;1;0;0;0;0;0;0;0;0;0;1;0;0;0;0
04/05/2021;00:56:23;7;Acidente com VITIMA;285,000;BR-386/RS;Norte;Tombamento;0;0;0;0;0;0;0;1;0;0;0;0;1;0;0
04/05/2021;08:31:32;83;Acidente sem VITIMA;80,000;BR-290/RS;Oeste;Colisão - Traseira;1;0;0;1;0;0;0;0;0;0;2;0;0;0;0
05/05/2021;11:51:42;102;Acidente sem VITIMA;91,000;BR-290/RS;Leste;Choque Defensa;1;0;0;0;0;0;0;0;0;0;1;0;0;0;0
05/05/2021;11:53:55;104;Acidente sem VITIMA;1,000;BR-290/RS;Oeste;;1;0;0;0;0;0;0;0;0;0;1;0;0;0;0
05/05/2021;12:00:05;105;Acidente sem VITIMA;426,000;BR-386/RS;Sul;Choque Praça - Submarino;0;0;1;0;0;0;0;0;0;0;1;0;0;0;0
05/05/2021;12:20:12;108;Acidente sem VITIMA;16,000;BR-290/RS;Ambos;Queda de ribanceira;1;0;0;0;0;0;0;0;0;0;1;0;0;0;0
05/05/2021;13:03:49;116;Acidente sem VITIMA;337,000;BR-386/RS;Norte;Saída de pista;1;0;0;0;0;0;0;0;0;0;1;0;0;0;0
05/05/2021;13:16:33;119;Acidente sem VITIMA;14,000;BR-290/RS;Leste;Saída de pista;1;0;0;0;0;0;0;0;0;0;1;0;0;0;0
05/05/2021;14:39:48;129;Acidente sem VITIMA;93,000;BR-290/RS;Oeste;Colisão - Traseira;2;0;0;0;0;0;0;0;0;0;2;0;0;0;0
05/05/2021;15:15:25;135;Acidente sem VITIMA;345,000;BR-386/RS;Norte;Colisão - Transversal;2;0;0;0;0;0;0;0;0;0;2;0;0;0;0
05/05/2021;15:40:38;138;Acidente sem VITIMA;411,000;BR-386/RS;Norte;Colisão - Lateral;1;0;0;0;0;0;0;0;0;1;2;0;0;0;0
05/05/2021;18:17:45;153;Acidente sem VITIMA;434,000;BR-386/RS;Ambos;Colisão - Transversal;2;0;0;0;0;0;0;0;0;0;4;0;0;0;0
05/05/2021;19:55:46;168;Acidente sem VITIMA;372,000;BR-386/RS;Sul;Saída de pista;0;0;1;0;0;0;0;0;0;0;1;0;0;0;0
05/05/2021;21:42:20;184;Acidente sem VITIMA;6,000;BR-290/RS;Leste;Saída de pista;1;0;0;0;0;0;0;0;0;0;2;0;0;0;0
05/05/2021;21:47:38;187;Acidente com VITIMA;344,000;BR-386/RS;Sul;Colisão - Transversal;1;0;1;0;0;0;0;0;0;0;1;1;0;0;0
05/05/2021;22:20:12;190;Acidente sem VITIMA;440,000;BR-386/RS;Norte;Queda de ribanceira;1;0;0;0;0;0;0;0;0;0;1;0;0;0;0
05/05/2021;22:22:34;191;Acidente sem VITIMA;41,000;BR-290/RS;Leste;Saída de pista;1;0;0;0;0;0;0;0;0;0;1;0;0;0;0
05/05/2021;22:31:33;195;Acidente sem VITIMA;301,000;BR-386/RS;Norte;Queda de ribanceira;1;0;0;0;0;0;0;0;0;0;2;0;0;0;0