data;horario;n_da_ocorrencia;tipo_de_ocorrencia;km;trecho;sentido;tipo_de_acidente;automovel;bicicleta;caminhao;moto;onibus;outros;tracao_animal;transporte_de_cargas_especiais;trator_maquinas;utilitarios;ilesos;levemente_feridos;moderadamente_feridos;gravemente_feridos;mortos
05/05/2021;22:59:24;200;Acidente sem VITIMA;33,000;BR-290/RS;Oeste;Saída de pista;0;0;1;0;0;0;0;0;0;0;1;0;0;0;0
05/05/2021;23:29:30;204;Acidente sem VITIMA;405,000;BR-386/RS;Sul;Saída de pista;1;0;0;0;0;0;0;0;0;0;2;0;0;0;0
05/05/2021;23:42:27;205;Acidente sem VITIMA;33,000;BR-290/RS;Oeste;Choque com objeto sobre a pista;1;0;0;0;0;0;0;0;0;0;1;0;0;0;0
05/05/2021;08:42:01;65;Acidente sem VITIMA;12,000;BR-448/RS;Sul;Outros;1;0;0;0;0;0;0;0;0;1;3;0;0;0;0
06/05/2021;10:41:23;107;Acidente sem VITIMA;41,000;BR-290/RS;Oeste;Queda de ribanceira;0;0;1;0;0;0;0;0;0;0;2;0;0;0;0
06/05/2021;14:24:54;149;Acidente com VITIMA;411,000;BR-386/RS;Norte;Colisão - Transversal;1;0;1;0;0;0;0;0;0;0;1;0;1;0;0
06/05/2021;17:07:21;189;Acidente sem VITIMA;84,000;BR-101/RS;Norte;Choque Barreira;1;0;0;0;0;0;0;0;0;0;1;0;0;0;0
06/05/2021;18:25:00;207;Acidente sem VITIMA;382,000;BR-386/RS;Ambos;Saída de pista;1;0;0;0;0;0;0;0;0;0;1;0;0;0;0
06/05/2021;09:32:31;90;Acidente com VITIMA;358,000;BR-386/RS;Norte;Queda de ribanceira;1;0;0;0;0;0;0;0;0;0;0;0;1;0;0
07/05/2021;14:23:45;209;Acidente com VITIMA;19,000;BR-290/RS;Leste;Engavetamento;3;0;0;0;0;0;0;0;0;0;4;1;0;0;0
07/05/2021;15:14:09;220;Acidente com VITIMA;344,000;BR-386/RS;Sul;Colisão - Traseira;1;0;0;1;0;0;0;0;0;0;1;2;0;0;0
07/05/2021;16:06:55;233;Acidente sem VITIMA;344,000;BR-386/RS;Norte;Colisão - Traseira;0;0;0;0;0;2;0;0;0;0;2;0;0;0;0
07/05/2021;06:42:23;24;Acidente com VITIMA;20,000;BR-448/RS;Sul;Outros;3;0;0;0;0;0;0;0;0;0;3;0;1;0;0
07/05/2021;17:03:03;243;Acidente sem VITIMA;346,000;BR-386/RS;Norte;Colisão - Traseira;1;0;0;0;0;0;0;0;0;1;2;0;0;0;0
07/05/2021;18:54:49;261;Acidente com VITIMA;248,000;BR-386/RS;Ambos;Colisão - Transversal;2;0;0;0;0;0;0;0;0;0;6;1;0;0;0
07/05/2021;19:00:54;264;Acidente sem VITIMA;319,000;BR-386/RS;Sul;Colisão - Traseira;2;0;0;0;0;0;0;0;0;0;2;0;0;0;0
07/05/2021;19:03:59;266;Acidente sem VITIMA;94,000;BR-290/RS;Leste;Engavetamento;2;0;0;0;0;1;0;0;0;0;2;0;0;0;0
07/05/2021;19:21:18;271;Acidente sem VITIMA;436,000;BR-386/RS;Sul;Colisão - Lateral;1;0;0;0;0;1;0;0;0;0;2;0;0;0;0
07/05/2021;19:51:56;285;Acidente sem VITIMA;56,000;BR-101/RS;Sul;Saída de pista;1;0;0;0;0;0;0;0;0;0;1;0;0;0;0
07/05/2021;20:55:29;296;Acidente com VITIMA;3,000;BR-101/RS;Norte;Colisão - Traseira;1;0;0;1;0;1;0;0;0;0;2;1;0;0;0
07/05/2021;07:28:02;49;Acidente sem VITIMA;369,000;BR-386/RS;Sul;Colisão - Lateral;1;0;0;1;0;0;0;0;0;0;2;0;0;0;0
07/05/2021;07:40:00;56;Acidente sem VITIMA;76,000;BR-290/RS;Leste;Choque Defensa;1;0;0;0;0;0;0;0;0;0;1;0;0;0;0
07/05/2021;07:42:27;57;Acidente sem VITIMA;440,000;BR-386/RS;Sul;Colisão - Traseira;0;0;0;0;0;0;0;0;0;2;2;0;0;0;0
07/05/2021;08:26:11;86;Acidente sem VITIMA;12,000;BR-290/RS;Leste;Choque Defensa;1;0;0;0;0;0;0;0;0;0;1;0;0;0;0
08/05/2021;14:15:31;168;Acidente com VITIMA;86,000;BR-101/RS;Sul;Tombamento;0;0;0;0;0;0;0;1;0;0;0;0;1;0;0
08/05/2021;16:37:19;201;Acidente sem VITIMA;91,000;BR-290/RS;Oeste;Colisão - Traseira;1;0;0;0;0;0;0;0;0;1;2;0;0;0;0
08/05/2021;18:02:14;221;Acidente sem VITIMA;270,000;BR-386/RS;Norte;Colisão - Traseira;2;0;0;0;0;0;0;0;0;0;1;0;0;0;0
08/05/2021;18:06:27;222;Acidente sem VITIMA;42,000;BR-290/RS;Oeste;Saída de pista;1;0;0;0;0;0;0;0;0;0;1;0;0;0;0
08/05/2021;18:12:45;225;Acidente com VITIMA;229,000;BR-386/RS;Norte;Colisão - Frontal;1;0;0;1;0;0;0;0;0;0;2;1;0;0;0
08/05/2021;23:45:06;278;Acidente sem VITIMA;270,000;BR-386/RS;Norte;Queda de ribanceira;1;0;0;0;0;0;0;0;0;0;1;0;0;0;0
08/05/2021;09:08:05;81;Acidente com VITIMA;94,000;BR-290/RS;Oeste;Queda de moto;0;0;0;1;0;0;0;0;0;0;1;1;0;0;0
08/05/2021;02:34:32;9;Acidente sem VITIMA;52,000;BR-101/RS;Norte;Saída de pista;0;0;0;0;0;0;0;0;0;1;1;0;0;0;0
08/05/2021;09:47:47;97;Acidente sem VITIMA;92,000;BR-290/RS;Leste;Colisão - Lateral;2;0;0;0;0;0;0;0;0;0;6;0;0;0;0
09/05/2021;16:34:31;113;Acidente sem VITIMA;249,000;BR-386/RS;Sul;Colisão - Traseira;2;0;0;0;0;0;0;0;0;0;2;0;0;0;0
09/05/2021;18:19:00;142;Acidente sem VITIMA;239,000;BR-386/RS;Norte;Engavetamento;3;0;0;0;0;0;0;0;0;0;8;0;0;0;0
09/05/2021;19:38:40;162;Acidente com VITIMA;345,000;BR-386/RS;Sul;Colisão - Lateral;2;0;0;0;0;0;0;0;0;0;4;1;0;0;0
09/05/2021;19:46:12;167;Acidente sem VITIMA;247,000;BR-386/RS;Norte;Saída de pista;1;0;0;0;0;0;0;0;0;0;1;0;0;0;0
09/05/2021;19:54:40;170;Acidente sem VITIMA;430,000;BR-386/RS;Sul;Colisão - Frontal;2;0;0;0;0;0;0;0;0;0;4;0;0;0;0
09/05/2021;20:54:23;183;Acidente sem VITIMA;423,000;BR-386/RS;Norte;Outros;1;0;0;0;0;0;0;0;0;0;1;0;0;0;0
09/05/2021;11:54:19;81;Acidente com VITIMA;443,000;BR-386/RS;Ambos;Colisão - Traseira;2;0;0;0;0;0;0;0;0;0;3;2;0;0;0
09/05/2021;13:41:23;90;Acidente sem VITIMA;353,000;BR-386/RS;Norte;Queda de ribanceira;1;0;0;0;0;0;0;0;0;0;1;0;0;0;0
09/05/2021;14:23:47;93;Acidente sem VITIMA;60,000;BR-290/RS;Leste;Colisão - Lateral;2;0;0;0;0;0;0;0;0;0;2;0;0;0;0
10/05/2021;09:35:50;107;Acidente sem VITIMA;91,000;BR-290/RS;Leste;Colisão - Lateral;2;0;0;0;0;0;0;0;0;0;3;0;0;0;0
10/05/2021;11:13:25;137;Acidente sem VITIMA;1,000;BR-101/RS;Sul;Colisão - Lateral;1;0;0;0;0;0;0;0;0;0;2;0;0;0;0
10/05/2021;11:31:03;141;Acidente com VITIMA;243,000;BR-386/RS;Norte;Queda de ribanceira;1;0;0;0;0;0;0;0;0;0;0;2;0;0;0
10/05/2021;12:29:50;159;Acidente sem VITIMA;70,000;BR-290/RS;Oeste;Colisão - Lateral;1;0;0;0;0;0;0;0;0;0;3;0;0;0;0
10/05/2021;13:32:09;175;Acidente com VITIMA;442,000;BR-386/RS;Sul;Queda de moto;0;0;0;1;0;0;0;0;0;0;0;0;1;0;0
10/05/2021;13:45:36;177;Acidente com VITIMA;353,000;BR-386/RS;Norte;Colisão - Lateral;0;0;2;0;0;0;0;0;0;0;1;1;0;0;0
10/05/2021;15:23:56;198;Acidente com VITIMA;250,000;BR-386/RS;Norte;Colisão - Traseira;1;0;0;0;0;1;0;0;0;0;1;2;0;0;0
10/05/2021;16:23:02;208;Acidente com VITIMA;356,000;BR-386/RS;Sul;Colisão - Traseira;1;0;1;0;0;0;0;0;0;0;5;1;0;0;0
10/05/2021;16:24:16;210;Acidente sem VITIMA;384,000;BR-386/RS;Norte;Colisão - Traseira;1;0;0;0;0;1;0;0;0;0;2;0;0;0;0
10/05/2021;17:00:43;217;Acidente sem VITIMA;60,000;BR-290/RS;Oeste;Queda de moto;1;0;0;0;0;0;0;0;0;0;1;0;0;0;0
10/05/2021;18:06:43;228;Atropelamento;20,000;BR-101/RS;Norte;Capotamento;0;0;0;1;0;0;0;0;0;0;0;1;1;0;0
10/05/2021;20:30:09;253;Acidente sem VITIMA;291,000;BR-386/RS;Norte;Colisão - Lateral;1;0;0;0;0;0;0;0;0;0;1;0;0;0;0
10/05/2021;20:39:17;254;Atropelamento;215,000;BR-386/RS;Norte;Atropelamento - Usuário;0;0;0;0;0;0;0;0;0;1;1;0;1;0;0
10/05/2021;08:03:29;59;Acidente com VITIMA;327,000;BR-386/RS;Sul;Colisão - Traseira;1;0;0;1;0;0;0;0;0;0;1;0;1;0;0
10/05/2021;08:12:25;65;Acidente sem VITIMA;325,000;BR-386/RS;Sul;Queda de ribanceira;1;0;0;0;0;0;0;0;0;0;1;0;0;0;0
11/05/2021;13:05:28;119;Acidente sem VITIMA;242,000;BR-386/RS;Sul;Colisão - Lateral;1;0;0;0;0;0;0;1;0;0;4;0;0;0;0
11/05/2021;15:10:24;145;Acidente sem VITIMA;351,000;BR-386/RS;Norte;Tombamento;0;0;0;0;0;0;0;1;0;0;1;0;0;0;0
11/05/2021;16:13:51;163;Acidente sem VITIMA;363,000;BR-386/RS;Norte;Saída de pista;0;0;0;0;0;0;0;1;0;0;1;0;0;0;0
11/05/2021;06:57:52;18;Acidente sem VITIMA;92,000;BR-290/RS;Oeste;Colisão - Lateral;1;0;1;0;0;0;0;0;0;0;3;0;0;0;0
11/05/2021;18:39:44;191;Acidente sem VITIMA;277,000;BR-386/RS;Sul;Colisão - Lateral;2;0;0;0;0;0;0;0;0;0;2;0;0;0;0
11/05/2021;19:05:16;193;Acidente sem VITIMA;246,000;BR-386/RS;Norte;Saída de pista;2;0;0;0;0;0;0;0;0;0;4;0;0;0;0
11/05/2021;19:46:32;199;Acidente com VITIMA;90,000;BR-290/RS;Leste;Choque Defensa;1;0;0;0;0;0;0;0;0;0;0;0;1;0;0
11/05/2021;07:14:13;21;Acidente com VITIMA FATAL;443,000;BR-386/RS;Norte;Colisão - Frontal;2;0;0;0;0;0;0;0;0;1;1;0;2;1;1
12/05/2021;09:07:02;101;Acidente com VITIMA;215,000;BR-386/RS;Sul;Colisão - Frontal;1;0;1;0;0;0;0;0;0;0;1;4;1;0;0
12/05/2021;10:20:22;120;Acidente com VITIMA;342,000;BR-386/RS;Norte;Colisão - Lateral;1;0;0;1;0;0;0;0;0;0;1;0;1;0;0
12/05/2021;17:36:24;232;Acidente sem VITIMA;380,000;BR-386/RS;Norte;Queda de moto;0;0;0;1;0;0;0;0;0;0;1;0;0;0;0
12/05/2021;18:16:04;238;Acidente sem VITIMA;12,000;BR-448/RS;Norte;Colisão - Traseira;2;0;0;0;0;0;0;0;0;0;5;0;0;0;0
12/05/2021;18:25:02;242;Acidente com VITIMA;347,000;BR-386/RS;Norte;Colisão - Traseira;1;0;0;1;0;0;0;0;0;0;0;2;0;0;0
12/05/2021;19:20:47;252;Acidente com VITIMA;92,000;BR-290/RS;Leste;Choque Barreira;0;0;1;0;0;0;0;1;0;0;1;0;1;0;0
12/05/2021;23:53:24;277;Acidente sem VITIMA;86,000;BR-290/RS;Leste;Queda de ribanceira;1;0;0;0;0;0;0;0;0;0;1;0;0;0;0
13/05/2021;16:36:13;200;Acidente com VITIMA;439,000;BR-386/RS;Sul;Colisão - Lateral;1;0;0;0;0;0;0;0;0;1;1;0;2;0;0
13/05/2021;18:53:51;226;Atropelamento;24,000;BR-101/RS;Norte;Atropelamento - Usuário;0;0;0;1;0;0;0;0;0;0;1;1;0;0;0
13/05/2021;19:24:05;233;Acidente sem VITIMA;435,000;BR-386/RS;Sul;Colisão - Transversal;2;0;0;0;0;0;0;0;0;0;3;0;0;0;0
13/05/2021;20:08:38;236;Acidente sem VITIMA;45,000;BR-290/RS;Leste;Queda de ribanceira;1;0;0;0;0;0;0;0;0;0;1;0;0;0;0
13/05/2021;21:58:16;246;Acidente sem VITIMA;94,000;BR-290/RS;Leste;Tombamento;0;0;0;0;0;0;0;1;0;0;1;0;0;0;0
13/05/2021;23:26:23;255;Acidente sem VITIMA;440,000;BR-386/RS;Sul;Choque - Poste;1;0;0;0;0;0;0;0;0;0;1;0;0;0;0
13/05/2021;07:36:45;29;Acidente sem VITIMA;342,000;BR-386/RS;Norte;Colisão - Lateral;1;0;1;0;0;0;0;0;0;0;4;0;0;0;0
14/05/2021;19:16:47;254;Acidente sem VITIMA;1,000;BR-290/RS;Leste;Queda de ribanceira;1;0;0;0;0;0;0;0;0;0;1;0;0;0;0
14/05/2021;19:47:09;261;Acidente sem VITIMA;196,000;BR-386/RS;Norte;Colisão - Traseira;2;0;1;0;0;0;0;0;0;1;8;0;0;0;0
14/05/2021;23:23:46;291;Atropelamento Fatal;215,000;BR-386/RS;Sul;Atropelamento - Andarilho;1;0;0;0;0;0;0;0;0;0;2;0;0;0;1
15/05/2021;09:01:53;51;Acidente com VITIMA;346,000;BR-386/RS;Sul;Capotamento;1;0;0;0;0;0;0;0;0;0;0;1;0;0;0
15/05/2021;09:07:16;53;Acidente sem VITIMA;366,000;BR-386/RS;Norte;Tombamento;0;0;0;0;0;1;0;0;0;0;1;0;0;0;0
15/05/2021;10:11:51;69;Acidente com VITIMA;253,000;BR-386/RS;Sul;Queda de ribanceira;1;0;0;0;0;0;0;0;0;0;0;1;0;0;0
16/05/2021;02:08:23;11;Acidente com VITIMA;362,000;BR-386/RS;Sul;Saída de pista;1;0;0;0;0;0;0;0;0;0;0;1;0;0;0
16/05/2021;18:25:18;141;Acidente sem VITIMA;348,000;BR-386/RS;Norte;Colisão - Traseira;1;0;0;1;0;0;0;0;0;0;4;0;0;0;0
16/05/2021;18:41:39;146;Acidente sem VITIMA;77,000;BR-290/RS;Leste;Colisão - Lateral;2;0;0;0;0;0;0;0;0;0;2;0;0;0;0
16/05/2021;05:05:09;18;Acidente com VITIMA;349,000;BR-386/RS;Norte;Queda de moto;0;0;0;1;0;0;0;0;0;0;0;1;0;0;0
16/05/2021;23:26:15;203;Acidente sem VITIMA;251,000;BR-386/RS;Sul;Choque Defensa;1;0;0;0;0;0;0;0;0;0;1;0;0;0;0
16/05/2021;07:11:26;25;Acidente com VITIMA;414,000;BR-386/RS;Norte;Capotamento;1;0;0;0;0;0;0;0;0;0;2;0;1;0;0
17/05/2021;13:15:43;151;Acidente sem VITIMA;438,000;BR-386/RS;Norte;Colisão - Lateral;1;0;0;1;0;0;0;0;0;0;3;0;0;0;0
17/05/2021;13:51:29;160;Acidente sem VITIMA;95,000;BR-290/RS;Leste;Outros;0;0;0;1;0;0;0;0;0;0;1;0;0;0;0
17/05/2021;14:41:03;172;Acidente com VITIMA;343,000;BR-386/RS;Sul;Colisão - Frontal;2;0;1;0;0;0;0;0;0;0;3;1;0;1;0
17/05/2021;17:14:43;204;Acidente sem VITIMA;417,000;BR-386/RS;Norte;;0;0;0;0;0;0;0;1;0;0;1;0;0;0;0
17/05/2021;08:13:14;58;Acidente com VITIMA;1,000;BR-448/RS;Sul;Queda de moto;0;0;0;1;0;0;0;0;0;0;0;1;0;0;0
17/05/2021;08:28:05;64;Acidente com VITIMA;87,000;BR-101/RS;Norte;Queda de moto;0;0;0;1;0;0;0;0;0;0;0;0;0;1;0
17/05/2021;02:03:16;7;Acidente sem VITIMA;71,000;BR-101/RS;Sul;Saída de pista;1;0;0;0;0;0;0;0;0;0;1;0;0;0;0
18/05/2021;05:51:45;11;Acidente com VITIMA;406,000;BR-386/RS;Norte;Choque - Arvore;1;0;0;0;0;0;0;0;0;0;1;1;0;0;0
18/05/2021;11:18:23;120;Acidente com VITIMA;19,000;BR-290/RS;Leste;Queda de moto;0;0;0;1;0;0;0;0;0;0;0;2;0;0;0
18/05/2021;15:26:08;172;Acidente sem VITIMA;333,000;BR-386/RS;Norte;Queda de ribanceira;1;0;0;0;0;0;0;0;0;0;2;0;0;0;0
18/05/2021;17:26:44;192;Acidente sem VITIMA;413,000;BR-386/RS;Norte;Colisão - Lateral;1;0;0;1;0;0;0;0;0;0;3;0;0;0;0
18/05/2021;19:06:22;207;Acidente com VITIMA;23,000;BR-290/RS;Leste;Queda de moto;0;0;0;1;0;0;0;0;0;0;0;1;0;0;0
19/05/2021;06:26:38;10;Acidente sem VITIMA;22,000;BR-101/RS;Sul;Colisão - Traseira;0;0;2;0;0;0;0;0;0;0;2;0;0;0;0
19/05/2021;11:28:28;127;Acidente sem VITIMA;64,000;BR-290/RS;Leste;Capotamento;1;0;0;0;0;0;0;0;0;0;1;0;0;0;0
19/05/2021;12:00:57;131;Acidente com VITIMA;343,000;BR-386/RS;Norte;Colisão - Transversal;1;0;0;1;0;0;0;0;0;0;1;1;0;0;0
19/05/2021;06:42:09;16;Acidente sem VITIMA;64,000;BR-101/RS;Sul;Colisão - Lateral;0;0;0;0;0;0;0;0;0;1;2;0;0;0;0
19/05/2021;16:49:20;191;Acidente com VITIMA;415,000;BR-386/RS;Norte;Colisão - Traseira;2;0;1;0;0;0;0;0;0;0;2;0;1;0;0
19/05/2021;21:36:03;227;Acidente com VITIMA;15,000;BR-448/RS;Norte;Capotamento;1;0;0;0;0;0;0;0;0;0;0;1;0;0;0
19/05/2021;22:14:18;236;Acidente sem VITIMA;29,000;BR-290/RS;Leste;Queda de moto;0;0;0;1;0;0;0;0;0;0;1;0;0;0;0
19/05/2021;07:09:16;26;Acidente sem VITIMA;426,000;BR-386/RS;Norte;Colisão - Lateral;1;0;0;0;0;0;0;1;0;0;2;0;0;0;0
19/05/2021;04:37:44;8;Acidente sem VITIMA;64,000;BR-101/RS;Sul;Choque Barreira;0;0;1;0;0;0;0;0;0;0;1;0;0;0;0
20/05/2021;17:57:27;191;Acidente sem VITIMA;345,000;BR-386/RS;Sul;Colisão - Traseira;1;0;0;0;0;1;0;0;0;0;2;0;0;0;0
20/05/2021;17:57:27;195;Acidente sem VITIMA;346,000;BR-386/RS;Sul;Colisão - Traseira;2;0;0;0;0;0;0;0;0;0;2;0;0;0;0
20/05/2021;21:58:03;225;Acidente sem VITIMA;312,000;BR-386/RS;Sul;Choque Barreira;1;0;0;0;0;0;0;0;0;0;1;0;0;0;0
20/05/2021;07:31:26;43;Acidente sem VITIMA;380,000;BR-386/RS;Norte;Queda de ribanceira;1;0;0;0;0;0;0;0;0;0;1;0;0;0;0
20/05/2021;08:10:25;73;Acidente sem VITIMA;87,000;BR-290/RS;Oeste;Colisão - Traseira;1;0;1;0;0;0;0;0;0;0;3;0;0;0;0
21/05/2021;11:35:01;120;Acidente sem VITIMA;68,000;BR-101/RS;Sul;Choque com objeto sobre a pista;1;0;0;0;0;0;0;0;0;0;2;0;0;0;0
21/05/2021;11:44:57;122;Acidente sem VITIMA;299,000;BR-386/RS;Norte;Choque - Arvore;0;0;0;0;0;0;0;1;0;0;1;0;0;0;0
21/05/2021;11:45:50;123;Acidente sem VITIMA;306,000;BR-386/RS;Norte;Queda de ribanceira;0;0;0;0;0;0;0;0;0;1;1;0;0;0;0
21/05/2021;12:58:19;138;Acidente sem VITIMA;348,000;BR-386/RS;Norte;Engavetamento;3;0;0;0;0;0;0;0;0;1;5;0;0;0;0
21/05/2021;13:25:50;144;Acidente sem VITIMA;395,000;BR-386/RS;Sul;;1;0;0;0;0;0;0;0;0;0;1;0;0;0;0
21/05/2021;14:48:32;154;Acidente sem VITIMA;72,000;BR-290/RS;Leste;Queda de ribanceira;1;0;0;0;0;0;0;0;0;0;2;0;0;0;0
21/05/2021;14:50:17;155;Acidente com VITIMA;50,000;BR-290/RS;Leste;Capotamento;1;0;0;0;0;0;0;0;0;0;1;1;0;0;0
21/05/2021;15:34:39;163;Acidente sem VITIMA;396,000;BR-386/RS;Norte;Saída de pista;1;0;0;0;0;0;0;0;0;0;2;0;0;0;0
21/05/2021;04:59:46;17;Acidente sem VITIMA;303,000;BR-386/RS;Norte;Saída de pista;0;0;0;0;0;0;0;0;0;1;1;0;0;0;0
21/05/2021;16:20:20;175;Acidente sem VITIMA;366,000;BR-386/RS;Norte;Colisão - Lateral;2;0;0;0;0;0;0;0;0;0;3;0;0;0;0
21/05/2021;16:26:01;178;Acidente com VITIMA;410,000;BR-386/RS;Sul;Colisão - Frontal;3;0;0;0;0;0;0;0;0;0;4;0;2;0;0
21/05/2021;17:16:16;187;Acidente sem VITIMA;88,000;BR-290/RS;Oeste;Colisão - Traseira;2;0;0;0;0;0;0;0;0;0;3;0;0;0;0
21/05/2021;17:40:27;193;Acidente sem VITIMA;38,000;BR-290/RS;Oeste;Saída de pista;1;0;0;0;0;0;0;0;0;0;1;0;0;0;0
21/05/2021;17:55:02;197;Acidente sem VITIMA;87,000;BR-101/RS;Sul;Queda de ribanceira;1;0;0;0;0;0;0;0;0;0;4;0;0;0;0
21/05/2021;18:00:02;199;Acidente sem VITIMA;79,000;BR-290/RS;Oeste;Colisão - Traseira;2;0;0;0;0;0;0;0;0;0;2;0;0;0;0
21/05/2021;18:20:05;202;Atropelamento;346,000;BR-386/RS;Sul;Atropelamento - Morador/Trabalhador/Estudante;1;0;0;0;0;0;0;0;0;0;1;1;0;0;0
21/05/2021;19:17:19;212;Acidente sem VITIMA;359,000;BR-386/RS;Sul;Saída de pista;1;0;0;0;0;0;0;0;0;0;1;0;0;0;0
21/05/2021;19:45:07;219;Acidente com VITIMA;86,000;BR-101/RS;Norte;Capotamento;1;0;0;0;0;0;0;0;0;0;1;1;0;0;0
21/05/2021;20:53:33;227;Acidente sem VITIMA;410,000;BR-386/RS;Norte;Saída de pista;1;0;0;0;0;0;0;0;0;0;1;0;0;0;0
21/05/2021;22:03:31;236;Acidente sem VITIMA;94,000;BR-290/RS;Leste;Choque Defensa;1;0;0;0;0;0;0;0;0;0;1;0;0;0;0
21/05/2021;22:34:00;245;Acidente com VITIMA;28,000;BR-290/RS;Leste;Queda de ribanceira;1;0;0;0;0;0;0;0;0;0;0;0;0;1;0
21/05/2021;22:43:42;246;Acidente sem VITIMA;76,000;BR-290/RS;Oeste;Choque Defensa;1;0;0;0;0;0;0;0;0;0;1;0;0;0;0
21/05/2021;22:55:23;248;Acidente sem VITIMA;347,000;BR-386/RS;Norte;Saída de pista;1;0;0;0;0;0;0;0;0;0;1;0;0;0;0
21/05/2021;07:28:24;41;Acidente sem VITIMA;404,000;BR-386/RS;Norte;Queda de ribanceira;0;0;1;0;0;0;0;0;0;0;1;0;0;0;0
21/05/2021;09:38:37;98;Acidente sem VITIMA;262,000;BR-386/RS;Sul;Choque Praça - Cabine;0;0;1;0;0;0;0;0;0;0;3;0;0;0;0
22/05/2021;05:44:07;10;Acidente sem VITIMA;1,000;BR-448/RS;Sul;Capotamento;1;0;0;0;0;0;0;0;0;0;2;0;0;0;0
22/05/2021;15:11:54;128;Acidente sem VITIMA;63,000;BR-290/RS;Leste;;0;0;0;0;0;1;0;0;0;0;2;0;0;0;0
22/05/2021;18:40:37;168;Acidente sem VITIMA;80,190;BR-290/RS;Oeste;Queda de Carga;2;0;0;0;0;0;0;0;0;0;2;0;0;0;0
22/05/2021;19:13:28;174;Acidente sem VITIMA;431,000;BR-386/RS;Sul;Choque - Meio Fio;3;0;0;1;0;0;0;1;0;0;6;0;0;0;0
22/05/2021;19:44:14;178;Acidente sem VITIMA;6,000;BR-290/RS;Oeste;Saída de pista;1;0;0;0;0;0;0;0;0;0;4;0;0;0;0
22/05/2021;01:07:00;2;Acidente sem VITIMA;11,000;BR-290/RS;Oeste;Queda de ribanceira;1;0;0;0;0;0;0;0;0;0;1;0;0;0;0
22/05/2021;22:59:59;201;Acidente sem VITIMA;34,000;BR-290/RS;Leste;Atropelamento de Animal;1;0;0;0;0;0;0;0;0;0;2;0;0;0;0
22/05/2021;07:43:26;31;Acidente sem VITIMA;75,550;BR-290/RS;Leste;Queda de ribanceira;1;0;0;0;0;0;0;0;0;0;1;0;0;0;0
22/05/2021;09:49:59;69;Acidente com VITIMA;325,000;BR-386/RS;Ambos;Colisão - Transversal;2;0;0;0;0;0;0;0;0;0;4;1;0;0;0
23/05/2021;17:15:21;124;Acidente sem VITIMA;60,000;BR-290/RS;Leste;Colisão - Traseira;1;0;0;1;0;0;0;0;0;0;2;0;0;0;0
23/05/2021;19:09:49;146;Acidente sem VITIMA;76,000;BR-101/RS;Norte;Saída de pista;1;0;0;0;0;0;0;0;0;0;2;0;0;0;0
24/05/2021;17:26:17;240;Acidente sem VITIMA;347,000;BR-386/RS;Norte;Colisão - Traseira;2;0;0;0;0;0;0;0;0;0;2;0;0;0;0
24/05/2021;21:40:07;272;Acidente com VITIMA FATAL;31,000;BR-290/RS;Leste;Colisão - Traseira;1;0;0;1;0;0;0;0;0;0;1;0;0;0;1
24/05/2021;08:15:45;67;Acidente sem VITIMA;89,000;BR-290/RS;Oeste;Colisão - Traseira;1;0;0;0;0;0;0;1;0;0;2;0;0;0;0
24/05/2021;02:04:03;7;Acidente sem VITIMA;32,000;BR-290/RS;Leste;Queda de ribanceira;1;0;0;0;0;0;0;0;0;0;1;0;0;0;0
25/05/2021;14:16:05;153;Acidente com VITIMA;56,000;BR-290/RS;Leste;Queda de ribanceira;1;0;0;0;0;0;0;0;0;0;0;1;0;0;0
25/05/2021;18:09:04;199;Acidente sem VITIMA;86,000;BR-101/RS;Norte;Tombamento;0;0;0;0;0;0;0;1;0;0;1;0;0;0;0
25/05/2021;18:47:06;212;Acidente sem VITIMA;88,000;BR-290/RS;Leste;Engavetamento;3;0;1;0;0;0;0;0;0;0;4;0;0;0;0
25/05/2021;20:03:42;232;Atropelamento;69,000;BR-290/RS;Oeste;Atropelamento - Usuário;1;0;0;0;0;0;0;0;0;0;1;0;1;0;0
25/05/2021;21:34:28;235;Acidente sem VITIMA;398,000;BR-386/RS;Norte;Saída de pista;0;0;0;0;0;0;0;1;0;0;1;0;0;0;0
25/05/2021;07:30:36;37;Acidente sem VITIMA;428,000;BR-386/RS;Norte;Colisão - Transversal;2;0;0;0;0;0;0;0;0;0;2;0;0;0;0
26/05/2021;14:01:25;151;Acidente sem VITIMA;8,000;BR-448/RS;Sul;Choque com veículo no acostamento;0;0;2;0;0;0;0;0;0;0;3;0;0;0;0
26/05/2021;14:45:09;161;Acidente com VITIMA;226,000;BR-386/RS;Sul;Queda de ribanceira;0;0;1;0;0;0;0;0;0;0;0;1;1;0;0
26/05/2021;17:20:53;195;Acidente sem VITIMA;437,000;BR-386/RS;Sul;Colisão - Lateral;2;0;1;0;0;0;0;0;0;0;3;0;0;0;0
26/05/2021;05:20:18;7;Acidente sem VITIMA;63,000;BR-101/RS;Norte;Saída de pista;1;0;0;0;0;0;0;0;0;0;1;0;0;0;0
27/05/2021;09:51:11;104;Acidente sem VITIMA;19,000;BR-290/RS;Leste;Colisão - Traseira;0;0;2;0;0;0;0;0;0;0;2;0;0;0;0