data;horario;n_da_ocorrencia;tipo_de_ocorrencia;km;trecho;sentido;tipo_de_acidente;automovel;bicicleta;caminhao;moto;onibus;outros;tracao_animal;transporte_de_cargas_especiais;trator_maquinas;utilitarios;ilesos;levemente_feridos;moderadamente_feridos;gravemente_feridos;mortos
27/05/2021;10:15:20;110;Acidente sem VITIMA;239,000;BR-386/RS;Norte;Colisão - Traseira;0;0;0;0;0;1;0;0;0;1;2;0;0;0;0
27/05/2021;11:59:02;133;Acidente sem VITIMA;28,000;BR-290/RS;Leste;Queda de ribanceira;1;0;0;0;0;0;0;0;0;0;1;0;0;0;0
27/05/2021;04:49:02;17;Acidente sem VITIMA;65,000;BR-290/RS;Leste;Queda de ribanceira;0;0;1;0;0;0;0;0;0;0;1;0;0;0;0
27/05/2021;15:46:33;179;Acidente sem VITIMA;17,000;BR-448/RS;Norte;Colisão - Traseira;2;0;0;0;0;0;0;0;0;0;4;0;0;0;0
27/05/2021;15:48:39;180;Acidente com VITIMA;1,000;BR-290/RS;Leste;Queda de Ponte/Viaduto;1;0;0;0;0;0;0;0;0;0;0;1;0;0;0
27/05/2021;18:49:59;201;Acidente com VITIMA FATAL;365,000;BR-386/RS;Norte;Colisão - Lateral;1;0;1;0;0;0;0;0;0;0;1;0;1;0;1
27/05/2021;22:23:46;234;Acidente sem VITIMA;88,000;BR-290/RS;Leste;Colisão - Traseira;2;0;0;0;0;0;0;0;0;0;3;0;0;0;0
28/05/2021;12:17:41;114;Acidente sem VITIMA;417,000;BR-386/RS;Sul;Saída de pista;1;0;0;0;0;0;0;0;0;0;1;0;0;0;0
28/05/2021;12:21:46;115;Acidente com VITIMA;348,000;BR-386/RS;Sul;;2;0;0;0;0;0;0;0;0;0;1;1;0;0;0
28/05/2021;12:25:26;116;Acidente sem VITIMA;85,000;BR-290/RS;Leste;Choque Defensa;1;0;0;0;0;0;0;0;0;0;1;0;0;0;0
28/05/2021;12:58:39;120;Acidente sem VITIMA;11,000;BR-290/RS;Oeste;Queda de ribanceira;1;0;0;0;0;0;0;0;0;0;1;0;0;0;0
28/05/2021;13:29:19;123;Acidente sem VITIMA;272,000;BR-386/RS;Norte;Queda de ribanceira;1;0;0;0;0;0;0;0;0;0;2;0;0;0;0
28/05/2021;14:13:56;129;Acidente sem VITIMA;365,000;BR-386/RS;Norte;Saída de pista;1;0;0;0;0;0;0;0;0;0;2;0;0;0;0
28/05/2021;14:33:42;131;Acidente sem VITIMA;411,000;BR-386/RS;Sul;Capotamento;1;0;0;0;0;0;0;0;0;0;4;0;0;0;0
28/05/2021;14:37:03;132;Acidente sem VITIMA;33,000;BR-290/RS;Oeste;Queda de ribanceira;1;0;0;0;0;0;0;0;0;0;3;0;0;0;0
28/05/2021;14:38:02;133;Acidente sem VITIMA;426,000;BR-386/RS;Sul;Colisão - Traseira;2;0;0;0;0;0;0;0;0;0;2;0;0;0;0
28/05/2021;15:16:06;137;Acidente sem VITIMA;65,000;BR-290/RS;Oeste;;0;0;0;0;0;0;0;0;0;1;1;0;0;0;0
28/05/2021;15:16:17;138;Acidente sem VITIMA;305,000;BR-386/RS;Sul;Saída de pista;1;0;0;0;0;0;0;0;0;0;1;0;0;0;0
28/05/2021;15:39:10;142;Acidente sem VITIMA;417,000;BR-386/RS;Sul;Saída de pista;1;0;0;0;0;0;0;0;0;0;1;0;0;0;0
28/05/2021;15:42:17;144;Acidente sem VITIMA;22,000;BR-290/RS;Leste;Queda de ribanceira;1;0;0;0;0;0;0;0;0;0;1;0;0;0;0
28/05/2021;16:03:36;150;Acidente sem VITIMA;352,000;BR-386/RS;Norte;Choque Defensa;1;0;0;0;0;0;0;0;0;0;4;0;0;0;0
28/05/2021;16:55:54;168;Acidente sem VITIMA;42,000;BR-101/RS;Norte;Colisão - Lateral;0;0;0;0;0;2;0;0;0;0;2;0;0;0;0
28/05/2021;17:01:38;171;Acidente sem VITIMA;440,000;BR-386/RS;Norte;Saída de pista;1;0;0;0;0;0;0;0;0;0;2;0;0;0;0
28/05/2021;17:11:20;178;Acidente sem VITIMA;376,000;BR-386/RS;Norte;Colisão - Traseira;2;0;0;0;0;0;0;0;0;0;4;0;0;0;0
28/05/2021;17:26:32;181;Acidente sem VITIMA;261,000;BR-386/RS;Norte;Choque Defensa;1;0;0;0;0;0;0;0;0;0;1;0;0;0;0
28/05/2021;17:41:12;184;Acidente sem VITIMA;396,000;BR-386/RS;Norte;Capotamento;1;0;0;0;0;0;0;0;0;0;3;0;0;0;0
28/05/2021;18:17:27;194;Acidente sem VITIMA;50,000;BR-290/RS;Leste;Saída de pista;1;0;0;0;0;0;0;0;0;0;1;0;0;0;0
28/05/2021;19:00:50;206;Acidente sem VITIMA;90,000;BR-290/RS;Oeste;Choque Defensa;1;0;0;0;0;0;0;0;0;0;1;0;0;0;0
28/05/2021;20:15:45;217;Acidente sem VITIMA;93,000;BR-290/RS;Oeste;Choque Barreira;1;0;0;0;0;0;0;0;0;0;1;0;0;0;0
28/05/2021;20:52:53;221;Acidente com VITIMA;11,000;BR-290/RS;Oeste;Capotamento;1;0;0;0;0;0;0;0;0;0;0;1;0;0;0
28/05/2021;21:57:01;230;Acidente com VITIMA;22,000;BR-448/RS;Sul;Colisão - Lateral;1;0;0;0;0;0;0;0;0;0;1;1;0;0;0
28/05/2021;22:01:17;231;Acidente sem VITIMA;23,000;BR-290/RS;Leste;Saída de pista;1;0;0;0;0;0;0;0;0;0;1;0;0;0;0
28/05/2021;22:16:09;232;Acidente sem VITIMA;270,000;BR-386/RS;Norte;Saída de pista;1;0;0;0;0;0;0;0;0;0;1;0;0;0;0
28/05/2021;22:48:58;236;Acidente sem VITIMA;42,000;BR-290/RS;Leste;Saída de pista;1;0;0;0;0;0;0;0;0;0;1;0;0;0;0
28/05/2021;04:10:52;7;Acidente sem VITIMA;13,000;BR-290/RS;Oeste;Queda de ribanceira;0;0;0;0;0;0;0;0;0;1;1;0;0;0;0
29/05/2021;15:22:15;151;Acidente sem VITIMA;435,000;BR-386/RS;Norte;Saída de pista;1;0;0;0;0;0;0;0;0;0;1;0;0;0;0
29/05/2021;16:02:10;165;Acidente sem VITIMA;60,000;BR-290/RS;Leste;Colisão - Traseira;2;0;0;0;0;0;0;0;0;0;4;0;0;0;0
29/05/2021;16:15:18;166;Acidente sem VITIMA;22,000;BR-101/RS;Sul;Colisão - Lateral;1;0;1;0;0;0;0;0;0;0;2;0;0;0;0
29/05/2021;17:41:22;180;Acidente sem VITIMA;76,000;BR-101/RS;Sul;Saída de pista;1;0;0;0;0;0;0;0;0;0;3;0;0;0;0
29/05/2021;22:22:54;219;Acidente com VITIMA FATAL;5,000;BR-101/RS;Norte;Capotamento;1;0;0;0;0;0;0;0;0;0;0;0;0;0;1
29/05/2021;22:43:45;221;Acidente com VITIMA;11,000;BR-290/RS;Leste;Colisão - Traseira;2;0;0;0;0;0;0;0;0;0;0;2;1;0;0
29/05/2021;07:06:45;33;Acidente sem VITIMA;248,000;BR-386/RS;Norte;Colisão - Traseira;2;0;0;0;0;0;0;0;0;0;2;0;0;0;0
29/05/2021;09:45:38;73;Acidente sem VITIMA;60,000;BR-290/RS;Leste;Colisão - Traseira;2;0;0;0;0;0;0;0;0;0;2;0;0;0;0
30/05/2021;18:20:02;139;Acidente sem VITIMA;62,000;BR-101/RS;Sul;Colisão - Lateral;1;0;1;0;0;0;0;0;0;0;5;0;0;0;0
30/05/2021;05:43:57;14;Acidente sem VITIMA;30,000;BR-101/RS;Norte;Queda de ribanceira;1;0;0;0;0;0;0;0;0;0;1;0;0;0;0
30/05/2021;19:24:43;151;Acidente sem VITIMA;392,000;BR-386/RS;Norte;Colisão - Transversal;2;0;0;0;0;0;0;0;0;0;6;0;0;0;0
30/05/2021;19:56:23;157;Acidente sem VITIMA;80,000;BR-290/RS;Leste;Capotamento;1;0;0;0;0;0;0;0;0;0;2;0;0;0;0
30/05/2021;22:52:05;175;Acidente com VITIMA;438,000;BR-386/RS;Sul;Choque Barreira;1;0;0;0;0;0;0;0;0;0;0;0;1;0;0
30/05/2021;02:06:51;7;Acidente com VITIMA FATAL;270,000;BR-386/RS;Sul;Colisão - Transversal;1;0;1;0;0;0;0;0;0;0;2;0;1;0;2
31/05/2021;10:26:39;107;Acidente sem VITIMA;92,000;BR-290/RS;Leste;Colisão - Traseira;1;0;0;0;0;0;0;0;0;1;4;0;0;0;0
31/05/2021;12:29:51;132;Acidente com VITIMA;351,000;BR-386/RS;Sul;Colisão - Lateral;0;0;1;1;0;0;0;0;0;0;1;1;0;0;0
31/05/2021;13:30:05;145;Acidente sem VITIMA;4,000;BR-448/RS;Norte;Choque com veículo no acostamento;1;0;1;0;0;0;0;0;0;0;2;0;0;0;0
31/05/2021;19:35:38;223;Acidente sem VITIMA;224,000;BR-386/RS;Norte;Colisão - Lateral;1;0;0;0;0;0;0;1;0;0;3;0;0;0;0
31/05/2021;22:53:11;245;Acidente sem VITIMA;194,000;BR-386/RS;Norte;Saída de pista;0;0;0;0;0;0;0;0;0;1;1;0;0;0;0
31/05/2021;07:59:49;42;Acidente sem VITIMA;93,000;BR-290/RS;Oeste;Colisão - Traseira;2;0;0;0;0;0;0;0;0;0;2;0;0;0;0
31/05/2021;08:30:16;63;Acidente com VITIMA;439,000;BR-386/RS;Sul;Colisão - Lateral;1;0;1;0;0;0;0;0;0;0;4;1;0;0;0
31/05/2021;09:16:34;74;Acidente sem VITIMA;85,000;BR-101/RS;Sul;Choque Defensa;1;0;0;0;0;0;0;0;0;0;2;0;0;0;0
01/06/2021;06:24:42;16;Acidente sem VITIMA;438,000;BR-386/RS;Sul;Colisão - Lateral;1;0;1;0;0;1;0;0;0;0;2;0;0;0;0
01/06/2021;14:20:41;180;Acidente sem VITIMA;80,000;BR-290/RS;Leste;Queda de moto;0;0;0;1;0;0;0;0;0;0;1;0;0;0;0
01/06/2021;14:22:00;181;Acidente sem VITIMA;262,000;BR-386/RS;Sul;Colisão - Traseira;1;0;0;0;0;1;0;0;0;0;4;0;0;0;0
02/06/2021;14:22:39;151;Acidente sem VITIMA;443,000;BR-386/RS;Norte;Colisão - Lateral;1;0;0;0;0;0;0;0;0;0;1;0;0;0;0
02/06/2021;04:43:10;17;Acidente sem VITIMA;289,000;BR-386/RS;Norte;Saída de pista;1;0;0;0;0;1;0;0;0;0;2;0;0;0;0
02/06/2021;18:14:31;198;Atropelamento;417,000;BR-386/RS;Norte;Atropelamento - Andarilho;1;0;0;0;0;0;0;0;0;0;1;0;1;0;0
02/06/2021;19:50:13;213;Acidente sem VITIMA;247,000;BR-386/RS;Norte;Queda de ribanceira;1;0;0;0;0;0;0;0;0;0;2;0;0;0;0
02/06/2021;21:40:57;231;Acidente sem VITIMA;227,000;BR-386/RS;Sul;Colisão - Lateral;2;0;0;0;0;0;0;0;0;0;3;0;0;0;0
03/06/2021;02:58:52;11;Acidente sem VITIMA;93,000;BR-290/RS;Leste;Colisão - Traseira;2;0;0;1;0;0;0;0;0;0;3;0;0;0;0
03/06/2021;16:29:51;132;Acidente sem VITIMA;18,000;BR-290/RS;Leste;Queda de ribanceira;1;0;0;0;0;1;0;0;0;0;3;0;0;0;0
03/06/2021;16:34:15;133;Acidente com VITIMA;371,000;BR-386/RS;Norte;Saída de pista;1;0;0;1;0;0;0;0;0;0;2;0;0;0;0
03/06/2021;16:58:36;140;Acidente sem VITIMA;19,000;BR-290/RS;Leste;Colisão - Traseira;1;0;0;0;0;0;0;0;0;0;1;0;0;0;0
03/06/2021;17:22:30;147;Acidente com VITIMA;374,000;BR-386/RS;Norte;Colisão - Traseira;1;0;0;0;0;0;0;0;0;0;2;0;0;0;0
03/06/2021;20:08:34;173;Acidente sem VITIMA;85,000;BR-290/RS;Oeste;Queda de moto;0;0;0;1;0;0;0;0;0;0;0;1;0;0;0
03/06/2021;21:08:20;182;Acidente sem VITIMA;306,000;BR-386/RS;Norte;Choque com objeto sobre a pista;2;0;0;0;0;0;0;0;0;0;5;0;0;0;0
03/06/2021;21:37:56;190;Acidente sem VITIMA;44,000;BR-101/RS;Norte;Colisão - Traseira;1;0;0;1;0;0;0;0;0;0;0;1;0;1;0
03/06/2021;09:02:50;60;Acidente sem VITIMA;424,000;BR-386/RS;Norte;Colisão - Traseira;1;0;0;1;0;0;0;0;0;0;3;0;0;0;0
03/06/2021;09:55:07;78;Acidente sem VITIMA;356,000;BR-386/RS;Norte;Colisão - Lateral;1;0;0;0;0;0;0;0;0;0;1;0;0;0;0
03/06/2021;11:52:43;96;Acidente sem VITIMA;79,000;BR-290/RS;Oeste;Queda de ribanceira;2;0;0;0;0;0;0;0;0;0;5;0;0;0;0
04/06/2021;15:04:14;163;Acidente sem VITIMA;80,000;BR-101/RS;Norte;Colisão - Traseira;2;0;0;0;0;0;0;0;0;0;2;0;0;0;0
04/06/2021;16:34:50;185;Acidente sem VITIMA;88,000;BR-290/RS;Leste;Colisão - Lateral;1;0;0;0;0;0;0;0;0;1;2;0;0;0;0
04/06/2021;19:31:46;227;Acidente sem VITIMA;70,000;BR-290/RS;Leste;;1;0;0;0;0;0;0;1;0;0;2;0;0;0;0
04/06/2021;20:25:29;236;Acidente sem VITIMA;5,000;BR-290/RS;Oeste;Queda de moto;0;0;0;1;0;0;0;0;0;0;2;0;0;0;0
04/06/2021;20:27:14;238;Acidente com VITIMA;405,000;BR-386/RS;Sul;Saída de pista;0;0;0;1;0;0;0;0;0;0;1;0;0;0;0
04/06/2021;21:49:03;249;Acidente sem VITIMA;92,000;BR-290/RS;Leste;Colisão - Lateral;1;0;0;0;0;0;0;0;0;0;0;0;1;0;0
04/06/2021;08:59:35;79;Acidente sem VITIMA;426,000;BR-386/RS;Sul;Colisão - Traseira;2;0;0;0;0;0;0;0;0;0;4;0;0;0;0
05/06/2021;16:40:06;177;Acidente sem VITIMA;80,000;BR-290/RS;Leste;;1;0;0;0;0;0;0;0;0;0;1;0;0;0;0
05/06/2021;17:31:35;189;Acidente com VITIMA;34,000;BR-101/RS;Norte;Colisão - Lateral;1;0;0;0;0;0;0;0;0;0;1;0;0;0;0
05/06/2021;18:30:12;199;Atropelamento;72,000;BR-101/RS;Norte;Atropelamento - Usuário;1;0;0;0;0;0;0;0;0;0;1;0;0;0;0
05/06/2021;19:32:38;210;Acidente sem VITIMA;405,000;BR-386/RS;Ambos;Saída de pista;0;0;0;2;0;0;0;0;0;0;0;2;0;0;0
05/06/2021;20:50:32;225;Acidente sem VITIMA;354,000;BR-386/RS;Norte;Saída de pista;1;0;0;0;0;0;0;0;0;0;1;1;0;0;0
05/06/2021;21:10:51;230;Acidente sem VITIMA;418,000;BR-386/RS;Norte;Saída de pista;1;0;0;0;0;0;0;0;0;0;2;0;0;0;0
05/06/2021;21:43:58;236;Acidente sem VITIMA;16,000;BR-290/RS;Oeste;Saída de pista;1;0;0;0;0;0;0;0;0;0;2;0;0;0;0
05/06/2021;21:51:08;238;Acidente sem VITIMA;77,000;BR-290/RS;Oeste;Choque Barreira;1;0;0;0;0;0;0;0;0;0;1;0;0;0;0
05/06/2021;22:17:59;242;Acidente sem VITIMA;11,000;BR-290/RS;Oeste;Saída de pista;2;0;0;0;0;0;0;0;0;0;6;0;0;0;0
05/06/2021;23:59:46;250;Acidente sem VITIMA;80,000;BR-290/RS;Leste;Queda de ribanceira;1;0;0;0;0;0;0;0;0;0;1;0;0;0;0
05/06/2021;07:03:34;38;Acidente sem VITIMA;307,000;BR-386/RS;Norte;Saída de pista;1;0;0;0;0;0;0;0;0;0;2;0;0;0;0
05/06/2021;00:37:18;4;Acidente sem VITIMA;223,000;BR-386/RS;Sul;Saída de pista;1;0;0;0;0;0;0;0;0;0;1;0;0;0;0
06/06/2021;17:14:10;113;Acidente sem VITIMA;61,000;BR-290/RS;Oeste;Queda de ribanceira;1;0;0;0;0;0;0;0;0;0;1;0;0;0;0
06/06/2021;20:45:24;152;Acidente sem VITIMA;80,000;BR-290/RS;Leste;Queda de ribanceira;2;0;0;0;0;0;0;0;0;0;0;1;3;1;0
06/06/2021;22:13:56;164;Acidente sem VITIMA;285,000;BR-386/RS;Norte;Colisão - Traseira;2;0;0;0;0;0;0;0;0;0;2;0;0;0;0
06/06/2021;05:51:53;21;Acidente com VITIMA;327,000;BR-386/RS;Ambos;Colisão - Frontal;0;0;0;0;0;0;0;0;0;1;1;0;0;0;0
06/06/2021;09:27:36;42;Acidente sem VITIMA;97,000;BR-290/RS;Leste;Colisão - Lateral;1;0;0;0;0;0;0;0;0;0;1;0;0;0;0
06/06/2021;00:51:57;5;Acidente sem VITIMA;347,000;BR-386/RS;Norte;Saída de pista;2;0;0;0;0;0;0;0;0;0;3;0;0;0;0
07/06/2021;12:17:23;130;Acidente com VITIMA;35,000;BR-290/RS;Oeste;Colisão - Traseira;0;0;0;1;0;0;0;0;0;0;0;1;0;0;0
07/06/2021;15:01:19;162;Acidente sem VITIMA;345,000;BR-386/RS;Norte;Colisão - Traseira;0;0;0;0;0;1;0;0;0;0;0;1;0;0;0
07/06/2021;18:24:06;190;Acidente com VITIMA;87,000;BR-290/RS;Leste;Colisão - Traseira;2;0;0;0;0;0;0;0;0;0;4;0;1;0;0
07/06/2021;19:17:03;196;Acidente sem VITIMA;344,000;BR-386/RS;Sul;Queda de moto;1;0;1;0;0;0;0;0;0;0;3;0;0;0;0
07/06/2021;06:24:41;24;Acidente com VITIMA;48,000;BR-290/RS;Oeste;Queda de moto;1;0;0;1;0;0;0;0;0;0;1;1;0;0;0
07/06/2021;10:04:35;96;Acidente com VITIMA;417,000;BR-386/RS;Sul;Tombamento;0;0;0;1;0;0;0;0;0;0;1;0;0;0;0
08/06/2021;12:30:06;121;Acidente sem VITIMA;82,000;BR-290/RS;Oeste;Choque Barreira;1;0;0;0;0;0;0;0;0;0;0;1;0;0;0
08/06/2021;13:31:51;131;Acidente sem VITIMA;95,000;BR-290/RS;Leste;Choque Barreira;4;0;0;0;0;0;0;0;0;0;4;0;0;0;0
08/06/2021;15:19:08;153;Acidente com VITIMA;5,000;BR-290/RS;Oeste;Queda de ribanceira;0;0;0;1;0;0;0;0;0;0;0;1;0;0;0
08/06/2021;06:37:32;16;Acidente sem VITIMA;75,000;BR-290/RS;Oeste;Engavetamento;1;0;0;0;0;0;0;0;0;0;1;0;0;0;0
08/06/2021;18:45:16;175;Acidente com VITIMA;52,000;BR-290/RS;Leste;Capotamento;1;0;0;0;0;0;0;0;0;0;1;0;0;0;0
08/06/2021;20:19:54;183;Acidente sem VITIMA;20,000;BR-448/RS;Sul;Saída de pista;1;0;0;0;0;0;0;0;0;0;0;0;1;0;0
08/06/2021;20:54:43;186;Acidente sem VITIMA;36,000;BR-101/RS;Norte;Queda de ribanceira;1;0;0;0;0;0;0;0;0;0;0;0;1;0;0
08/06/2021;07:27:17;33;Acidente com VITIMA;344,000;BR-386/RS;Norte;Saída de pista;1;0;0;0;0;0;0;0;0;0;2;0;0;0;0
08/06/2021;06:01:47;9;Acidente com VITIMA;331,000;BR-386/RS;Norte;Saída de pista;1;0;0;0;0;0;0;0;0;0;1;0;0;0;0
09/06/2021;11:20:52;106;Acidente com VITIMA;50,000;BR-290/RS;Leste;Queda de ribanceira;1;0;0;0;0;0;0;0;0;0;1;0;0;0;0
09/06/2021;12:59:03;115;Acidente com VITIMA;7,000;BR-290/RS;Leste;Capotamento;1;0;0;0;0;0;0;0;0;0;0;0;1;1;0
09/06/2021;13:02:11;117;Acidente com VITIMA;345,000;BR-386/RS;Sul;Colisão - Transversal;1;0;0;0;0;0;0;0;0;0;0;1;2;0;0
09/06/2021;14:41:58;132;Acidente sem VITIMA;262,000;BR-386/RS;Sul;;1;0;0;1;0;0;0;0;0;0;1;1;1;0;0
09/06/2021;15:14:52;138;Acidente com VITIMA;351,000;BR-386/RS;Norte;Colisão - Transversal;0;0;0;0;0;0;0;1;0;0;1;0;0;0;0
09/06/2021;15:34:31;144;Acidente sem VITIMA;2,000;BR-290/RS;Oeste;Colisão - Lateral;1;0;0;0;0;0;0;0;0;1;1;0;2;0;0
09/06/2021;18:00:10;165;Acidente sem VITIMA;89,000;BR-290/RS;Leste;Colisão - Traseira;0;0;2;0;0;0;0;0;0;0;2;0;0;0;0
09/06/2021;18:37:04;173;Acidente sem VITIMA;90,000;BR-290/RS;Leste;Queda de moto;2;0;0;0;0;0;0;0;0;0;2;0;0;0;0
09/06/2021;22:56:02;217;Acidente sem VITIMA;339,000;BR-386/RS;Norte;Choque Barreira;0;0;0;1;0;0;0;0;0;0;1;0;0;0;0
09/06/2021;08:20:01;57;Acidente sem VITIMA;440,000;BR-386/RS;Norte;;0;0;0;0;0;0;0;0;0;0;1;0;0;0;0
10/06/2021;12:17:45;100;Acidente sem VITIMA;4,000;BR-290/RS;Leste;Queda de ribanceira;1;0;0;0;0;0;0;0;0;0;1;0;0;0;0
10/06/2021;12:26:35;103;Acidente sem VITIMA;425,000;BR-386/RS;Sul;Capotamento;2;0;0;0;0;0;0;0;0;0;3;0;0;0;0
10/06/2021;12:32:27;105;Acidente sem VITIMA;440,000;BR-386/RS;Norte;Choque - Poste;1;0;0;0;0;0;0;0;0;0;2;0;0;0;0
10/06/2021;18:49:12;177;Acidente com VITIMA;434,000;BR-386/RS;Ambos;Colisão - Frontal;1;0;0;0;0;0;0;0;0;0;1;0;0;0;0
10/06/2021;08:08:31;48;Acidente sem VITIMA;48,000;BR-290/RS;Leste;Queda de ribanceira;2;0;0;0;0;0;0;0;0;0;4;0;0;0;0
10/06/2021;08:27:35;51;Acidente sem VITIMA;95,000;BR-290/RS;Oeste;Colisão - Traseira;2;0;0;0;0;0;0;0;0;0;5;0;0;0;0
10/06/2021;09:04:06;60;Acidente sem VITIMA;423,000;BR-386/RS;Sul;Queda de ribanceira;1;0;0;0;0;0;0;0;0;0;2;0;0;0;0
10/06/2021;09:45:02;68;Acidente sem VITIMA;32,000;BR-290/RS;Oeste;;1;0;0;0;0;0;0;0;0;0;1;0;0;0;0
10/06/2021;10:01:24;75;Acidente sem VITIMA;14,000;BR-448/RS;Norte;Choque Defensa;1;0;0;0;0;0;0;0;0;0;1;0;0;0;0
10/06/2021;10:50:08;85;Acidente sem VITIMA;372,000;BR-386/RS;Norte;Colisão - Lateral;0;0;1;0;1;0;0;0;0;0;1;0;1;1;0
11/06/2021;17:18:30;186;Acidente sem VITIMA;19,000;BR-448/RS;Sul;Colisão - Traseira;0;0;0;0;0;2;0;0;0;0;3;0;0;0;0
11/06/2021;17:34:09;192;Acidente sem VITIMA;75,000;BR-290/RS;Leste;Engavetamento;4;0;0;0;0;0;0;0;0;0;4;0;0;0;0
11/06/2021;18:05:23;200;Acidente com VITIMA;253,000;BR-386/RS;Norte;Colisão - Traseira;1;0;0;1;0;0;0;0;0;0;1;1;0;0;0
11/06/2021;18:56:40;216;Acidente sem VITIMA;19,000;BR-290/RS;Leste;Colisão - Traseira;2;0;0;0;0;0;0;0;0;0;2;0;0;0;0
11/06/2021;20:12:08;233;Acidente sem VITIMA;339,000;BR-386/RS;Norte;Saída de pista;1;0;0;0;0;0;0;0;0;0;1;0;0;0;0
11/06/2021;21:26:14;244;Acidente sem VITIMA;33,000;BR-101/RS;Norte;Saída de pista;1;0;0;0;0;1;0;0;0;0;3;0;0;0;0
12/06/2021;19:40:55;157;Acidente com VITIMA;367,000;BR-386/RS;Norte;Colisão - Transversal;1;0;0;1;0;0;0;0;0;0;4;0;1;0;0
12/06/2021;23:55:17;179;Acidente sem VITIMA;28,000;BR-290/RS;Oeste;Saída de pista;1;0;0;0;0;0;0;0;0;0;2;0;0;0;0
13/06/2021;15:37:36;109;Acidente sem VITIMA;6,000;BR-101/RS;Norte;Colisão - Transversal;2;0;0;0;0;0;0;0;0;0;4;0;0;0;0
13/06/2021;16:52:01;124;Acidente sem VITIMA;426,000;BR-386/RS;Sul;Colisão - Lateral;1;0;0;0;0;0;0;0;0;0;1;0;0;0;0
13/06/2021;18:42:18;135;Acidente sem VITIMA;81,000;BR-290/RS;Leste;Queda de moto;1;0;0;0;0;0;0;0;0;0;1;0;0;0;0
13/06/2021;18:58:11;139;Acidente sem VITIMA;216,000;BR-386/RS;Norte;Colisão - Traseira;2;0;0;0;0;0;0;0;0;0;2;0;0;0;0
13/06/2021;20:46:23;155;Acidente sem VITIMA;247,000;BR-386/RS;Sul;Atropelamento de Animal;2;0;0;0;0;0;0;0;0;0;8;0;0;0;0
13/06/2021;22:00:48;161;Acidente sem VITIMA;23,000;BR-290/RS;Leste;Colisão - Lateral;0;0;0;1;0;0;0;0;0;0;2;0;0;0;0
13/06/2021;00:02:58;2;Acidente sem VITIMA;65,000;BR-290/RS;Oeste;Colisão - Traseira;1;0;0;0;0;0;0;0;0;1;2;0;0;0;0
13/06/2021;08:56:14;31;Acidente sem VITIMA;75,000;BR-290/RS;Leste;Choque Defensa;1;0;0;0;0;0;0;0;0;0;1;0;0;0;0
13/06/2021;10:41:23;58;Acidente sem VITIMA;75,000;BR-290/RS;Leste;Colisão - Lateral;2;0;0;0;0;0;0;0;0;0;3;0;0;0;0
14/06/2021;10:23:05;115;Acidente sem VITIMA;290,000;BR-386/RS;Norte;Saída de pista;1;0;0;0;0;0;0;0;0;0;3;0;0;0;0
14/06/2021;11:22:57;131;Acidente sem VITIMA;18,000;BR-448/RS;Sul;Choque Barreira;1;0;0;1;0;0;0;0;0;0;1;0;0;1;0
14/06/2021;13:11:51;152;Acidente com VITIMA;371,000;BR-386/RS;Norte;Capotamento;1;0;0;0;0;0;0;0;0;0;2;0;0;0;0
14/06/2021;14:06:10;168;Acidente com VITIMA;92,000;BR-290/RS;Leste;Colisão - Traseira;1;0;0;0;0;0;0;0;0;0;1;0;0;0;0
14/06/2021;16:14:41;194;Acidente sem VITIMA;75,000;BR-101/RS;Sul;Queda de Carga;1;0;1;0;0;0;0;0;0;0;1;2;0;0;0
14/06/2021;18:32:20;214;Atropelamento Fatal;353,000;BR-386/RS;Sul;Atropelamento - Usuário;2;0;0;0;0;0;0;0;0;0;2;0;2;0;0
14/06/2021;18:33:25;215;Acidente sem VITIMA;87,000;BR-290/RS;Leste;Engavetamento;0;0;1;0;0;0;0;0;0;0;1;0;0;0;0
14/06/2021;21:08:23;236;Acidente com VITIMA FATAL;55,000;BR-290/RS;Leste;Colisão - Traseira;1;0;0;0;0;0;0;0;0;0;1;0;0;0;1
14/06/2021;06:45:06;28;Acidente com VITIMA;352,000;BR-386/RS;Sul;Colisão - Frontal;3;0;0;0;0;0;0;0;0;0;3;0;0;0;0
14/06/2021;00:49:37;8;Acidente sem VITIMA;12,000;BR-290/RS;Leste;Atropelamento de Animal;2;0;0;0;0;0;0;0;0;0;3;0;0;0;0
15/06/2021;03:23:45;17;Acidente sem VITIMA;28,000;BR-290/RS;Leste;Queda de ribanceira;0;0;1;0;0;0;0;0;0;0;1;0;0;0;0
15/06/2021;18:41:04;225;Acidente sem VITIMA;2,000;BR-290/RS;Leste;Choque com objeto sobre a pista;1;0;1;0;0;0;0;0;0;0;2;0;0;0;0
16/06/2021;05:50:27;11;Acidente sem VITIMA;57,000;BR-101/RS;Norte;Tombamento;0;0;0;0;0;0;0;1;0;0;1;0;0;0;0
16/06/2021;18:10:56;178;Acidente com VITIMA;20,000;BR-101/RS;Sul;Engavetamento;2;0;0;0;0;0;0;0;0;0;2;0;0;0;0