data;horario;n_da_ocorrencia;tipo_de_ocorrencia;km;trecho;sentido;tipo_de_acidente;automovel;bicicleta;caminhao;moto;onibus;outros;tracao_animal;transporte_de_cargas_especiais;trator_maquinas;utilitarios;ilesos;levemente_feridos;moderadamente_feridos;gravemente_feridos;mortos
16/06/2021;18:11:52;179;Acidente sem VITIMA;346,000;BR-386/RS;Norte;Outros;0;0;0;3;0;0;0;0;0;0;1;2;0;0;0
16/06/2021;19:00:02;188;Acidente sem VITIMA;85,000;BR-290/RS;Leste;Colisão - Traseira;0;0;0;2;0;0;0;0;0;0;2;0;0;0;0
16/06/2021;10:08:42;91;Acidente sem VITIMA;354,000;BR-386/RS;Norte;Outros;1;0;0;0;0;1;0;0;0;0;2;0;0;0;0
17/06/2021;10:20:08;104;Acidente sem VITIMA;318,000;BR-386/RS;Norte;Choque Defensa;0;0;0;0;0;1;0;0;0;0;0;0;1;0;0
17/06/2021;11:43:00;123;Acidente sem VITIMA;426,000;BR-386/RS;Norte;Colisão - Traseira;0;0;1;1;0;0;0;0;0;0;1;1;0;0;0
17/06/2021;11:56:11;125;Acidente com VITIMA;57,000;BR-290/RS;Leste;Colisão - Lateral;3;0;0;0;0;0;0;0;0;0;3;0;0;0;0
17/06/2021;14:58:22;152;Acidente sem VITIMA;62,000;BR-290/RS;Leste;Colisão - Lateral;2;0;0;0;0;0;0;0;0;0;2;0;0;0;0
17/06/2021;16:20:13;166;Acidente sem VITIMA;373,000;BR-386/RS;Norte;Choque Defensa;0;0;0;0;0;0;0;0;0;1;1;0;0;0;0
17/06/2021;16:23:07;167;Acidente sem VITIMA;293,000;BR-386/RS;Sul;Tombamento;2;0;0;0;0;0;0;0;0;0;4;0;0;0;0
17/06/2021;16:45:36;173;Acidente sem VITIMA;249,000;BR-386/RS;Sul;Colisão - Lateral;2;0;0;0;0;0;0;0;0;0;3;1;0;0;0
17/06/2021;17:10:55;184;Acidente sem VITIMA;418,000;BR-386/RS;Sul;Colisão - Traseira;1;0;1;0;0;0;0;0;0;0;2;0;0;0;0
17/06/2021;18:09:52;198;Atropelamento Fatal;95,000;BR-290/RS;Oeste;Atropelamento - Andarilho;1;0;0;0;0;0;0;0;0;0;1;0;0;0;0
17/06/2021;06:56:39;31;Acidente com VITIMA;349,000;BR-386/RS;Sul;Colisão - Traseira;0;0;0;0;0;0;0;1;0;0;1;0;0;0;0
17/06/2021;07:57:43;61;Acidente sem VITIMA;91,000;BR-290/RS;Oeste;Engavetamento;1;0;1;0;0;0;0;0;0;0;2;0;0;0;0
17/06/2021;01:15:28;7;Acidente com VITIMA;38,000;BR-290/RS;Oeste;Saída de pista;1;0;1;0;0;0;0;0;0;0;2;0;0;0;0
17/06/2021;09:28:28;92;Acidente com VITIMA FATAL;40,000;BR-101/RS;Sul;Colisão - Traseira;1;0;0;0;0;0;0;0;0;0;0;0;0;0;1
18/06/2021;03:04:53;11;Acidente sem VITIMA;210,000;BR-386/RS;Sul;Atropelamento de Animal;0;0;0;0;0;0;0;0;0;1;1;0;0;0;0
18/06/2021;11:35:36;119;Acidente sem VITIMA;22,000;BR-448/RS;Sul;Choque Defensa;1;0;0;1;0;0;0;0;0;0;1;0;0;0;0
18/06/2021;14:05:47;146;Acidente sem VITIMA;53,000;BR-290/RS;Leste;Choque - Canaleta;1;0;0;0;0;0;0;0;0;0;1;0;0;0;0
18/06/2021;14:48:29;158;Acidente com VITIMA;343,000;BR-386/RS;Ambos;Colisão - Lateral;1;0;0;0;0;0;0;0;0;0;1;0;0;0;0
18/06/2021;15:21:49;170;Acidente com VITIMA;223,000;BR-386/RS;Norte;Saída de pista;1;0;0;0;0;0;0;0;0;0;1;0;0;0;0
18/06/2021;15:26:35;171;Acidente sem VITIMA;367,000;BR-386/RS;Norte;Colisão - Lateral;2;0;0;0;0;0;0;0;0;0;2;0;1;0;0
18/06/2021;18:06:54;207;Acidente sem VITIMA;91,000;BR-290/RS;Leste;Colisão - Transversal;0;0;0;0;0;0;0;1;0;0;0;1;0;0;0
18/06/2021;18:27:42;210;Acidente sem VITIMA;86,000;BR-290/RS;Leste;Colisão - Traseira;1;0;1;0;0;0;0;0;0;0;3;0;0;0;0
18/06/2021;18:46:15;212;Acidente sem VITIMA;90,000;BR-290/RS;Leste;Colisão - Lateral;2;0;0;0;0;0;0;0;0;0;2;0;0;0;0
18/06/2021;18:50:45;214;Acidente com VITIMA;9,000;BR-448/RS;Norte;Choque Defensa;2;0;0;0;0;0;0;0;0;0;2;0;0;0;0
18/06/2021;19:58:40;227;Acidente sem VITIMA;215,000;BR-386/RS;Sul;Colisão - Traseira;3;0;0;0;0;0;0;0;0;0;3;0;0;0;0
18/06/2021;22:05:02;244;Acidente com VITIMA;398,000;BR-386/RS;Norte;Tombamento;1;0;0;0;0;0;0;0;0;0;3;1;0;0;0
18/06/2021;22:11:53;246;Acidente com VITIMA;51,000;BR-101/RS;Sul;Saída de pista;2;0;0;0;0;0;0;0;0;0;3;0;0;0;0
18/06/2021;07:37:41;48;Acidente sem VITIMA;86,000;BR-290/RS;Leste;Colisão - Lateral;0;0;1;0;0;0;0;0;0;0;0;1;0;0;0
18/06/2021;09:35:08;84;Acidente sem VITIMA;23,000;BR-290/RS;Leste;Atropelamento de Animal;1;0;0;0;0;0;0;0;0;0;0;0;1;0;0
19/06/2021;14:21:45;106;Acidente sem VITIMA;252,000;BR-386/RS;Sul;Tombamento;1;0;0;0;0;0;0;0;0;0;1;0;0;0;0
19/06/2021;16:08:11;127;Acidente sem VITIMA;369,000;BR-386/RS;Norte;Colisão - Lateral;1;0;0;0;0;0;0;0;0;0;1;0;0;0;0
19/06/2021;17:55:38;149;Acidente com VITIMA;62,000;BR-101/RS;Norte;Choque - Poste;2;0;0;0;0;0;0;0;0;0;4;0;0;0;0
19/06/2021;04:13:31;15;Acidente sem VITIMA;94,000;BR-290/RS;Oeste;Choque Barreira;1;0;0;0;0;0;0;1;0;0;4;0;0;0;0
19/06/2021;19:19:46;164;Acidente sem VITIMA;13,000;BR-101/RS;Sul;Saída de pista;1;0;0;0;0;0;0;0;0;0;4;0;0;0;0
19/06/2021;10:45:04;69;Acidente sem VITIMA;22,000;BR-448/RS;Sul;Choque Defensa;0;0;1;0;0;0;0;0;0;0;1;0;0;0;0
19/06/2021;10:52:24;71;Acidente sem VITIMA;73,000;BR-290/RS;Leste;Colisão - Traseira;2;0;0;0;0;0;0;0;0;0;3;0;0;0;0
19/06/2021;11:07:18;73;Acidente sem VITIMA;73,000;BR-290/RS;Leste;Colisão - Lateral;1;0;0;0;0;0;0;0;0;0;0;0;0;1;0
19/06/2021;12:19:32;85;Acidente sem VITIMA;405,000;BR-386/RS;Sul;Queda de ribanceira;1;0;0;0;0;0;0;0;0;0;1;0;0;0;0
20/06/2021;02:32:07;12;Acidente sem VITIMA;6,000;BR-290/RS;Leste;Saída de pista;1;0;0;0;0;0;0;0;0;0;3;0;0;0;0
20/06/2021;17:30:24;131;Acidente com VITIMA;37,000;BR-290/RS;Oeste;Queda de moto;1;0;0;0;0;0;0;0;0;0;2;0;0;0;0
20/06/2021;18:42:30;144;Acidente com VITIMA;37,000;BR-290/RS;Oeste;Colisão - Lateral;1;0;0;0;0;0;0;0;0;0;1;0;0;0;0
20/06/2021;21:24:25;172;Acidente sem VITIMA;178,000;BR-386/RS;Sul;Queda de ribanceira;1;0;0;0;0;0;0;0;0;0;1;0;0;0;0
20/06/2021;05:54:23;21;Acidente sem VITIMA;361,000;BR-386/RS;Sul;Queda de ribanceira;1;0;0;0;0;0;0;0;0;0;1;0;0;0;0
20/06/2021;10:06:03;46;Acidente sem VITIMA;22,000;BR-448/RS;Norte;Choque Barreira;2;0;0;0;0;0;0;0;0;0;2;0;0;0;0
20/06/2021;00:45:22;5;Acidente sem VITIMA;435,000;BR-386/RS;Sul;Queda de ribanceira;1;0;0;0;0;0;0;0;0;0;1;0;1;0;0
20/06/2021;10:32:06;52;Acidente sem VITIMA;305,000;BR-386/RS;Sul;Capotamento;2;0;0;0;0;0;0;0;0;0;4;1;0;0;0
20/06/2021;10:53:22;54;Acidente sem VITIMA;97,000;BR-290/RS;Oeste;Colisão - Traseira;1;0;0;0;0;0;0;0;0;0;1;0;0;0;0
21/06/2021;10:59:05;112;Acidente com VITIMA;295,000;BR-386/RS;Norte;Colisão - Traseira;1;0;0;0;0;1;0;0;0;0;2;0;0;0;0
21/06/2021;12:50:02;120;Acidente com VITIMA;21,000;BR-448/RS;Sul;Colisão - Lateral;0;0;0;0;0;0;0;2;0;0;1;2;1;1;0
21/06/2021;13:51:32;138;Acidente com VITIMA;426,000;BR-386/RS;Sul;Colisão - Traseira;1;0;0;1;0;0;0;0;0;0;1;1;0;0;0
21/06/2021;16:46:25;165;Acidente sem VITIMA;417,000;BR-386/RS;Sul;Queda de Carga;1;0;1;0;0;0;0;0;0;0;4;1;0;0;0
21/06/2021;16:47:11;166;Acidente com VITIMA;75,000;BR-290/RS;Oeste;Colisão - Lateral;0;0;0;0;0;0;0;1;0;0;1;0;0;0;0
21/06/2021;16:48:24;167;Acidente sem VITIMA;245,000;BR-386/RS;Sul;Colisão - Transversal;1;0;0;1;0;0;0;0;0;0;0;1;0;0;0
21/06/2021;17:54:41;181;Acidente sem VITIMA;83,000;BR-290/RS;Leste;Colisão - Lateral;2;0;0;0;0;0;0;0;0;0;5;0;0;0;0
21/06/2021;19:39:55;196;Acidente sem VITIMA;88,310;BR-290/RS;Leste;Colisão - Lateral;1;0;0;0;0;0;0;1;0;0;2;0;0;0;0
21/06/2021;00:30:03;3;Acidente sem VITIMA;58,000;BR-290/RS;Oeste;Colisão - Lateral;1;0;0;0;0;0;0;0;0;0;1;0;0;0;0
22/06/2021;19:32:25;203;Acidente sem VITIMA;375,000;BR-386/RS;Sul;Choque Praça - Cabine;0;0;0;0;0;0;0;1;0;0;1;0;0;0;0
23/06/2021;15:30:15;166;Acidente sem VITIMA;417,000;BR-386/RS;Norte;Queda de ribanceira;1;0;0;0;0;0;0;0;0;0;3;0;0;0;0
23/06/2021;18:30:23;191;Acidente com VITIMA;84,000;BR-290/RS;Leste;Engavetamento;3;0;0;0;0;0;0;0;0;1;4;0;2;0;0
24/06/2021;09:50:55;111;Acidente com VITIMA;302,000;BR-386/RS;Sul;Capotamento;0;0;0;0;0;0;0;1;0;0;2;0;0;0;0
24/06/2021;10:08:36;115;Acidente sem VITIMA;363,000;BR-386/RS;Sul;Queda de ribanceira;1;0;1;1;0;0;0;0;0;0;1;0;1;1;0
24/06/2021;11:25:48;131;Acidente sem VITIMA;75,000;BR-101/RS;Norte;Saída de pista;2;0;0;0;0;0;0;0;0;1;3;0;0;0;0
24/06/2021;11:31:14;133;Acidente sem VITIMA;13,000;BR-290/RS;Leste;Colisão - Lateral;3;0;0;0;0;0;0;0;0;0;5;0;0;0;0
24/06/2021;12:06:24;138;Acidente sem VITIMA;95,000;BR-290/RS;Oeste;Colisão - Lateral;1;0;0;0;0;0;0;0;0;0;0;0;2;0;0
24/06/2021;13:55:58;152;Acidente sem VITIMA;430,000;BR-386/RS;Norte;;1;0;0;0;0;0;0;0;0;0;1;0;0;0;0
24/06/2021;18:39:26;221;Acidente sem VITIMA;339,000;BR-386/RS;Sul;Atropelamento de Animal;1;0;0;0;0;0;0;0;0;0;1;0;0;0;0
24/06/2021;06:21:43;30;Acidente com VITIMA;358,000;BR-386/RS;Sul;Engavetamento;2;0;0;0;0;0;0;0;0;0;7;0;0;0;0
24/06/2021;01:11:25;6;Acidente sem VITIMA;272,000;BR-386/RS;Sul;Atropelamento de Animal;1;0;0;0;0;0;0;1;0;0;2;0;0;0;0
24/06/2021;08:34:04;85;Acidente sem VITIMA;350,000;BR-386/RS;Norte;Colisão - Lateral;0;0;1;0;0;0;0;0;0;0;1;0;0;0;0
24/06/2021;08:55:10;94;Acidente sem VITIMA;15,000;BR-448/RS;Norte;Colisão - Lateral;0;0;0;0;0;0;0;1;0;0;1;0;0;0;0
25/06/2021;13:53:34;136;Acidente sem VITIMA;79,000;BR-290/RS;Leste;Colisão - Traseira;1;0;1;0;0;0;0;0;0;0;1;0;0;1;0
25/06/2021;17:02:29;184;Acidente com VITIMA;433,000;BR-386/RS;Sul;Colisão - Traseira;3;0;0;0;0;0;0;0;0;0;2;1;0;0;0
25/06/2021;17:25:10;190;Acidente com VITIMA;444,000;BR-386/RS;Sul;Colisão - Lateral;2;0;0;0;0;0;0;0;0;0;2;0;0;0;0
25/06/2021;17:30:16;193;Acidente sem VITIMA;90,000;BR-290/RS;Leste;Colisão - Traseira;1;0;0;0;0;0;0;0;0;0;1;0;0;0;0
25/06/2021;17:57:02;199;Acidente sem VITIMA;345,000;BR-386/RS;Sul;Engavetamento;1;0;0;0;0;1;0;0;0;0;6;0;0;0;0
25/06/2021;18:20:35;206;Acidente com VITIMA;439,000;BR-386/RS;Sul;Engavetamento;1;0;0;0;0;0;0;0;0;1;2;1;0;0;0
25/06/2021;19:37:01;221;Acidente sem VITIMA;437,000;BR-386/RS;Sul;Colisão - Traseira;2;0;0;0;0;0;0;0;0;0;2;1;0;0;0
25/06/2021;22:03:22;249;Acidente com VITIMA;19,000;BR-448/RS;Norte;Colisão - Traseira;1;0;0;1;0;0;0;0;0;0;2;0;0;0;0
25/06/2021;07:57:44;46;Acidente com VITIMA;444,000;BR-386/RS;Sul;Colisão - Traseira;2;0;1;0;0;0;0;0;0;0;3;0;0;0;0
25/06/2021;08:38:48;67;Acidente com VITIMA;18,000;BR-448/RS;Sul;Engavetamento;4;0;0;0;0;0;0;0;0;0;3;0;1;0;0
25/06/2021;09:40:50;84;Acidente sem VITIMA;17,000;BR-448/RS;Sul;Colisão - Traseira;2;0;0;0;0;0;0;1;0;0;5;0;0;0;0
25/06/2021;09:55:41;87;Acidente sem VITIMA;17,000;BR-448/RS;Sul;Choque Defensa;1;0;0;1;0;0;0;0;0;0;1;0;1;0;0
26/06/2021;15:29:17;108;Acidente sem VITIMA;411,000;BR-386/RS;Sul;Queda de ribanceira;1;0;0;0;0;0;0;0;0;0;1;0;0;0;0
26/06/2021;16:08:23;111;Acidente sem VITIMA;345,000;BR-386/RS;Sul;;1;0;0;0;0;0;0;0;0;0;2;0;0;0;0
26/06/2021;18:17:28;125;Acidente sem VITIMA;343,000;BR-386/RS;Sul;Saída de pista;1;0;0;0;0;0;0;0;0;0;2;0;0;0;0
26/06/2021;18:41:25;131;Acidente sem VITIMA;353,000;BR-386/RS;Norte;Saída de pista;1;0;0;0;0;0;0;0;0;0;1;1;0;0;0
26/06/2021;18:54:14;133;Acidente sem VITIMA;25,000;BR-101/RS;Sul;Colisão - Traseira;1;0;0;0;0;0;0;0;0;0;2;0;0;0;0
26/06/2021;19:06:10;136;Acidente sem VITIMA;422,000;BR-386/RS;Sul;Saída de pista;2;0;0;0;0;0;0;0;0;0;4;1;0;0;0
26/06/2021;07:41:29;34;Acidente sem VITIMA;409,000;BR-386/RS;Norte;Saída de pista;1;0;0;0;0;0;0;0;0;0;1;0;0;0;0
26/06/2021;08:51:57;45;Acidente sem VITIMA;360,000;BR-386/RS;Norte;Choque Barreira;1;0;0;0;0;0;0;0;0;0;3;0;0;0;0
26/06/2021;09:10:55;47;Acidente com VITIMA;66,000;BR-290/RS;Oeste;Queda de ribanceira;1;0;0;0;0;0;0;0;0;0;1;0;0;0;0
26/06/2021;09:14:33;49;Acidente sem VITIMA;419,000;BR-386/RS;Sul;Queda de ribanceira;1;0;0;0;0;0;0;0;0;0;1;0;0;0;0
26/06/2021;10:10:49;58;Acidente com VITIMA;96,000;BR-290/RS;Oeste;Colisão - Traseira;1;0;0;0;0;0;0;0;0;0;1;1;0;0;0
26/06/2021;10:14:36;61;Acidente sem VITIMA;318,000;BR-386/RS;Norte;Choque Talude;1;0;0;0;0;0;0;0;0;0;1;0;0;0;0
26/06/2021;11:24:56;69;Acidente sem VITIMA;356,000;BR-386/RS;Norte;Saída de pista;1;0;0;0;0;0;0;0;0;0;0;1;0;0;0
26/06/2021;11:27:13;70;Acidente sem VITIMA;17,000;BR-448/RS;Norte;Choque Barreira;1;0;0;0;0;0;0;0;0;0;2;0;0;0;0
26/06/2021;12:02:37;74;Acidente sem VITIMA;410,000;BR-386/RS;Norte;Queda de ribanceira;1;0;0;0;0;0;0;1;0;0;2;0;0;0;0
26/06/2021;12:48:17;79;Acidente com VITIMA;361,000;BR-386/RS;Norte;Saída de pista;1;0;0;0;0;0;0;0;0;0;1;0;0;0;0
26/06/2021;13:19:59;83;Acidente sem VITIMA;16,000;BR-290/RS;Leste;Queda de ribanceira;1;0;0;0;0;0;0;0;0;0;1;0;0;0;0
26/06/2021;13:31:33;87;Acidente com VITIMA;414,000;BR-386/RS;Sul;;2;0;0;0;0;0;0;0;0;0;4;0;0;0;0
26/06/2021;02:43:39;9;Acidente sem VITIMA;269,000;BR-386/RS;Norte;Choque Talude;1;0;0;0;0;0;0;0;0;0;2;0;0;0;0
27/06/2021;17:56:14;124;Acidente com VITIMA FATAL;69,000;BR-290/RS;Oeste;Colisão - Lateral;1;0;0;0;0;0;0;0;0;1;1;0;0;0;1
27/06/2021;19:05:23;131;Acidente sem VITIMA;92,000;BR-290/RS;Leste;Colisão - Transversal;1;0;0;0;0;0;0;0;0;0;1;0;0;0;0
27/06/2021;20:03:06;145;Acidente sem VITIMA;26,000;BR-290/RS;Oeste;Colisão - Traseira;1;0;0;0;0;0;0;0;0;0;1;0;0;0;0
27/06/2021;21:00:30;154;Acidente com VITIMA;57,000;BR-101/RS;Norte;Queda de moto;1;0;0;0;0;0;0;0;0;0;1;0;0;0;0
27/06/2021;21:24:07;158;Acidente sem VITIMA;2,000;BR-101/RS;Sul;Choque - Poste;1;0;0;0;0;0;0;0;0;0;2;0;0;0;0
27/06/2021;06:29:50;23;Acidente sem VITIMA;90,000;BR-290/RS;Oeste;Choque Defensa;2;0;0;0;0;0;0;0;0;0;3;0;1;0;0
27/06/2021;06:48:53;24;Acidente sem VITIMA;90,000;BR-290/RS;Leste;;2;0;0;0;0;0;0;0;0;0;3;1;0;0;0
27/06/2021;08:17:01;36;Acidente sem VITIMA;10,000;BR-448/RS;Norte;Capotamento;1;0;0;1;0;0;0;0;0;0;2;0;0;0;0
27/06/2021;10:08:42;49;Acidente sem VITIMA;75,000;BR-290/RS;Leste;Choque Defensa;0;0;1;0;0;0;0;1;0;0;2;0;0;0;0
27/06/2021;13:38:09;82;Acidente com VITIMA;416,000;BR-386/RS;Norte;Colisão - Lateral;0;0;0;1;0;0;0;0;0;0;0;1;0;0;0
27/06/2021;00:52:04;9;Acidente com VITIMA FATAL;287,000;BR-386/RS;Norte;Colisão - Transversal;1;0;0;0;0;0;0;0;0;0;2;0;0;0;0
28/06/2021;04:34:15;14;Acidente sem VITIMA;339,000;BR-386/RS;Sul;Queda de ribanceira;1;0;0;0;0;0;0;0;0;0;1;0;0;0;0
28/06/2021;11:39:22;156;Acidente com VITIMA;10,000;BR-448/RS;Norte;Colisão - Lateral;1;0;0;0;0;0;0;0;0;0;1;0;0;0;0
28/06/2021;05:17:20;17;Acidente sem VITIMA;445,000;BR-386/RS;Norte;Atropelamento de Animal;1;0;1;0;0;0;0;0;0;0;2;0;0;0;0
28/06/2021;16:54:46;218;Acidente sem VITIMA;78,000;BR-101/RS;Ambos;Saída de pista;1;0;2;0;0;0;0;0;0;0;2;1;0;0;0
28/06/2021;19:22:06;244;Acidente sem VITIMA;270,080;BR-386/RS;Sul;Colisão - Traseira;0;0;0;0;0;0;0;1;0;0;1;0;0;0;0
28/06/2021;22:53:38;270;Acidente com VITIMA;388,000;BR-386/RS;Norte;Colisão - Lateral;0;0;0;0;0;1;0;0;0;1;2;0;0;0;0
28/06/2021;07:42:17;52;Acidente sem VITIMA;426,000;BR-386/RS;Sul;Colisão - Traseira;1;0;1;0;0;0;0;0;0;0;2;0;0;1;0
29/06/2021;16:45:49;220;Acidente sem VITIMA;341,000;BR-386/RS;Norte;Colisão - Lateral;0;0;0;1;0;0;0;0;0;0;1;0;0;0;0
29/06/2021;18:09:52;241;Acidente sem VITIMA;435,000;BR-386/RS;Norte;Colisão - Transversal;1;0;0;1;0;0;0;0;0;0;1;0;1;0;0
29/06/2021;18:46:03;247;Acidente sem VITIMA;2,000;BR-290/RS;Oeste;Colisão - Transversal;1;0;0;0;0;0;0;1;0;0;3;0;0;0;0
29/06/2021;07:37:59;50;Acidente com VITIMA;343,000;BR-386/RS;Norte;Colisão - Lateral;2;0;0;0;0;0;0;0;0;0;3;0;0;0;0
29/06/2021;07:56:13;62;Acidente sem VITIMA;26,000;BR-101/RS;Ambos;Capotamento;2;0;0;0;0;0;0;0;0;0;3;0;0;0;0
29/06/2021;01:24:36;7;Acidente sem VITIMA;7,000;BR-448/RS;Norte;Queda de moto;1;0;1;0;0;0;0;0;0;0;4;0;0;0;0
30/06/2021;13:01:56;120;Acidente com VITIMA;96,000;BR-290/RS;Leste;Queda de moto;0;0;0;0;0;1;0;0;0;0;1;0;0;0;0
30/06/2021;18:09:22;172;Acidente com VITIMA;352,000;BR-386/RS;Norte;Colisão - Traseira;0;0;0;0;0;1;0;0;0;0;1;0;0;0;0
30/06/2021;18:30:04;177;Acidente sem VITIMA;88,000;BR-290/RS;Leste;Colisão - Traseira;0;0;0;1;0;0;0;0;0;0;0;0;1;0;0
30/06/2021;06:56:00;28;Acidente sem VITIMA;225,000;BR-386/RS;Sul;Saída de pista;1;0;1;0;0;0;0;0;0;0;1;0;1;0;0
30/06/2021;08:08:39;52;Acidente sem VITIMA;375,000;BR-386/RS;Norte;Choque Praça - Cabine;1;0;0;1;0;0;0;0;0;0;3;0;0;0;0
01/07/2021;12:18:42;131;Acidente com VITIMA;13,000;BR-101/RS;Sul;Colisão - Transversal;1;0;0;1;0;0;0;0;0;0;1;0;1;0;0
01/07/2021;04:03:07;18;Acidente com VITIMA;70,000;BR-101/RS;Norte;Tombamento;0;0;1;0;0;0;0;0;0;0;1;0;1;0;0
01/07/2021;19:20:47;196;Acidente sem VITIMA;345,000;BR-386/RS;Sul;Capotamento;1;0;1;0;0;0;0;0;0;0;2;0;0;0;0
01/07/2021;05:33:27;21;Acidente sem VITIMA;415,000;BR-386/RS;Sul;;0;0;1;0;1;0;0;0;0;0;2;0;0;0;0
02/07/2021;04:38:22;14;Acidente sem VITIMA;86,000;BR-290/RS;Leste;Saída de pista;1;0;0;0;0;0;0;0;0;0;1;0;0;0;0
02/07/2021;06:10:31;15;Acidente sem VITIMA;293,000;BR-386/RS;Norte;Tombamento;0;0;0;0;0;0;0;0;0;1;1;0;0;0;0
02/07/2021;06:17:44;16;Acidente com VITIMA FATAL;14,000;BR-290/RS;Oeste;Queda de ribanceira;0;0;0;0;0;0;0;1;0;0;0;0;0;0;1
02/07/2021;18:16:54;240;Acidente sem VITIMA;344,000;BR-386/RS;Sul;;2;0;0;0;0;0;0;0;0;0;2;0;0;0;0
02/07/2021;18:44:58;243;Acidente sem VITIMA;19,000;BR-448/RS;Norte;Choque com veículo na faixa de rolamento;2;0;0;0;0;0;0;0;0;0;4;0;0;0;0
02/07/2021;19:16:13;250;Acidente com VITIMA;7,000;BR-290/RS;Leste;Capotamento;2;0;0;0;0;0;0;0;0;0;6;1;0;0;0
02/07/2021;21:01:28;270;Acidente sem VITIMA;417,000;BR-386/RS;Norte;Saída de pista;1;0;0;0;0;0;0;0;0;0;3;0;0;0;0
02/07/2021;22:24:56;282;Acidente sem VITIMA;386,000;BR-386/RS;Norte;Queda de ribanceira;1;0;0;0;0;0;0;0;0;0;3;0;0;0;0
02/07/2021;07:57:07;45;Acidente sem VITIMA;60,000;BR-290/RS;Leste;Colisão - Lateral;1;0;0;0;0;0;0;1;0;0;3;0;0;0;0
03/07/2021;15:21:10;135;Acidente sem VITIMA;22,000;BR-101/RS;Norte;Choque com objeto sobre a pista;1;0;0;0;0;0;0;1;0;0;5;0;0;0;0
03/07/2021;02:19:28;15;Acidente com VITIMA;82,000;BR-290/RS;Oeste;Capotamento;1;0;0;0;0;0;0;0;0;0;0;3;0;0;0
03/07/2021;02:38:38;17;Acidente com VITIMA;346,000;BR-386/RS;Norte;Saída de pista;1;0;0;0;0;0;0;0;0;0;3;1;0;0;0
03/07/2021;19:35:45;189;Acidente sem VITIMA;3,000;BR-101/RS;Sul;Capotamento;1;0;0;0;0;0;0;0;0;0;1;0;0;0;0
03/07/2021;23:32:36;215;Acidente sem VITIMA;52,000;BR-101/RS;Ambos;Saída de pista;1;0;0;0;0;0;0;0;0;0;1;0;0;0;0
03/07/2021;10:16:53;84;Acidente com VITIMA;82,000;BR-290/RS;Leste;Choque Barreira;1;0;0;0;0;0;0;0;0;0;0;2;0;0;0
04/07/2021;19:36:07;144;Acidente com VITIMA FATAL;14,000;BR-290/RS;Oeste;Capotamento;1;0;0;0;0;1;0;0;0;0;2;0;0;1;1
04/07/2021;04:48:46;15;Acidente sem VITIMA;435,000;BR-386/RS;Norte;Queda de ribanceira;1;0;0;0;0;0;0;0;0;0;2;0;0;0;0
04/07/2021;22:00:28;168;Acidente sem VITIMA;79,000;BR-290/RS;Oeste;Colisão - Traseira;2;0;0;0;0;0;0;0;0;0;3;0;0;0;0
04/07/2021;22:35:26;173;Acidente sem VITIMA;353,000;BR-386/RS;Norte;Saída de pista;0;0;0;0;0;0;0;1;0;0;1;0;0;0;0
04/07/2021;06:36:06;23;Acidente com VITIMA;73,000;BR-101/RS;Norte;Saída de pista;1;0;0;0;0;0;0;0;0;0;0;1;0;0;0
04/07/2021;12:09:59;60;Acidente sem VITIMA;354,000;BR-386/RS;Sul;Colisão - Lateral;1;0;0;1;0;0;0;0;0;0;2;0;0;0;0
05/07/2021;05:09:21;12;Acidente com VITIMA;371,000;BR-386/RS;Norte;Capotamento;1;0;0;0;0;0;0;0;0;0;0;1;0;0;0
05/07/2021;05:16:26;13;Acidente com VITIMA;439,000;BR-386/RS;Norte;;0;0;0;0;0;0;0;1;0;0;0;1;0;0;0
05/07/2021;05:29:49;15;Acidente com VITIMA FATAL;415,000;BR-386/RS;Norte;Colisão - Transversal;1;0;0;0;0;1;0;0;0;0;2;0;0;0;1
05/07/2021;15:52:40;177;Acidente sem VITIMA;250,000;BR-386/RS;Norte;Colisão - Traseira;1;0;0;0;0;1;0;0;0;0;4;0;0;0;0
05/07/2021;16:03:20;179;Acidente com VITIMA FATAL;440,000;BR-386/RS;Sul;Colisão - Traseira;0;0;0;1;0;1;0;0;0;0;1;0;0;0;1
05/07/2021;16:10:32;180;Acidente sem VITIMA;60,000;BR-290/RS;Leste;Colisão - Traseira;1;0;0;0;0;0;0;0;0;1;2;0;0;0;0
05/07/2021;17:55:56;202;Acidente sem VITIMA;35,000;BR-101/RS;Norte;Colisão - Traseira;1;0;0;0;0;1;0;0;0;0;2;0;0;0;0
05/07/2021;18:00:34;203;Acidente sem VITIMA;376,000;BR-386/RS;Sul;Saída de pista;1;0;0;0;0;0;0;0;0;0;1;0;0;0;0
05/07/2021;20:51:36;235;Acidente sem VITIMA;92,000;BR-290/RS;Leste;Colisão - Lateral;2;0;0;0;0;0;0;0;0;0;3;0;0;0;0
05/07/2021;07:34:08;40;Acidente sem VITIMA;86,000;BR-290/RS;Leste;Colisão - Traseira;2;0;0;0;0;0;0;0;0;0;1;0;0;0;0
05/07/2021;08:21:26;59;Acidente sem VITIMA;438,000;BR-386/RS;Sul;Colisão - Lateral;2;0;1;0;0;0;0;0;0;0;5;0;0;0;0