data;horario;n_da_ocorrencia;tipo_de_ocorrencia;km;trecho;sentido;tipo_de_acidente;automovel;bicicleta;caminhao;moto;onibus;outros;tracao_animal;transporte_de_cargas_especiais;trator_maquinas;utilitarios;ilesos;levemente_feridos;moderadamente_feridos;gravemente_feridos;mortos
28/07/2021;20:17:02;229;Acidente sem VITIMA;15,000;BR-290/RS;Ambos;Saída de pista;1;0;0;0;0;0;0;0;0;0;3;0;0;0;0
28/07/2021;20:31:35;230;Acidente sem VITIMA;14,000;BR-290/RS;Oeste;Capotamento;1;0;0;0;0;0;0;0;0;0;4;0;0;0;0
28/07/2021;21:36:02;232;Acidente sem VITIMA;371,000;BR-386/RS;Ambos;Saída de pista;1;0;0;0;0;0;0;0;0;0;3;0;0;0;0
28/07/2021;22:39:07;239;Acidente com VITIMA;369,000;BR-386/RS;Norte;Colisão - Traseira;0;0;0;2;0;0;0;0;0;0;1;1;0;0;0
28/07/2021;20:15:05;240;Acidente sem VITIMA;18,000;BR-290/RS;Leste;Saída de pista;1;0;0;0;0;0;0;0;0;0;2;0;0;0;0
28/07/2021;06:28:47;31;Acidente sem VITIMA;19,000;BR-290/RS;Leste;;0;0;1;0;0;0;0;1;0;0;2;0;0;0;0
28/07/2021;06:31:17;32;Acidente sem VITIMA;427,000;BR-386/RS;Norte;Saída de pista;1;0;0;0;0;0;0;0;0;0;1;0;0;0;0
28/07/2021;07:48:56;58;Acidente sem VITIMA;299,000;BR-386/RS;Sul;Queda de ribanceira;1;0;0;0;0;0;0;0;0;0;3;0;0;0;0
28/07/2021;08:48:50;79;Acidente sem VITIMA;91,000;BR-290/RS;Leste;Colisão - Lateral;0;0;0;1;0;0;0;0;0;0;1;0;0;0;0
28/07/2021;09:35:14;91;Acidente sem VITIMA;5,000;BR-101/RS;Sul;Colisão - Lateral;2;0;0;0;0;0;0;0;0;0;2;0;0;0;0
29/07/2021;06:37:02;264;Acidente sem VITIMA;351,000;BR-386/RS;Norte;Colisão - Traseira;2;0;0;0;0;0;0;0;0;0;2;0;0;0;0
29/07/2021;14:37:23;397;Acidente sem VITIMA;81,000;BR-101/RS;Sul;Queda de ribanceira;1;0;0;0;0;0;0;0;0;0;1;0;0;0;0
29/07/2021;14:38:29;398;Acidente com VITIMA;304,000;BR-386/RS;Sul;Colisão - Traseira;1;0;0;0;0;0;0;1;0;0;2;1;0;0;0
29/07/2021;15:20:09;408;Acidente com VITIMA;222,000;BR-386/RS;Norte;Colisão - Traseira;0;0;1;0;0;0;0;0;0;1;4;3;0;0;0
29/07/2021;15:22:13;409;Acidente sem VITIMA;79,000;BR-290/RS;Leste;Colisão - Traseira;2;0;0;0;0;0;0;0;0;0;2;0;0;0;0
29/07/2021;19:11:57;443;Acidente sem VITIMA;391,000;BR-386/RS;Sul;Colisão - Traseira;2;0;0;0;0;0;0;0;0;0;2;0;0;0;0
30/07/2021;00:00:27;1;Acidente sem VITIMA;76,000;BR-101/RS;Sul;Saída de pista;1;0;0;0;0;0;0;0;0;0;1;0;0;0;0
30/07/2021;10:06:52;122;Acidente sem VITIMA;333,000;BR-386/RS;Sul;Saída de pista;1;0;0;0;0;0;0;0;0;0;2;0;0;0;0
30/07/2021;17:13:10;224;Acidente com VITIMA;22,000;BR-448/RS;Sul;Colisão - Traseira;2;0;0;0;0;0;0;0;0;0;1;0;1;0;0
30/07/2021;04:25:18;24;Acidente sem VITIMA;52,000;BR-290/RS;Leste;Saída de pista;1;0;0;0;0;0;0;0;0;0;1;0;0;0;0
30/07/2021;18:46:57;244;Acidente sem VITIMA;89,000;BR-290/RS;Oeste;Choque Barreira;2;0;0;0;0;0;0;0;0;0;2;0;0;0;0
30/07/2021;21:17:37;284;Acidente sem VITIMA;22,000;BR-448/RS;Norte;Colisão - Traseira;2;0;0;0;0;0;0;0;0;0;2;0;0;0;0
30/07/2021;07:55:06;65;Acidente sem VITIMA;262,000;BR-386/RS;Sul;Colisão - Traseira;1;0;0;0;0;1;0;0;0;0;3;0;0;0;0
30/07/2021;08:33:12;80;Acidente com VITIMA;81,000;BR-290/RS;Oeste;Queda de moto;0;0;0;1;0;0;0;0;0;0;0;1;0;0;0
30/07/2021;08:39:57;84;Acidente sem VITIMA;43,000;BR-290/RS;Leste;Saída de pista;1;0;0;0;0;0;0;0;0;0;2;0;0;0;0
31/07/2021;15:51:02;151;Acidente sem VITIMA;17,100;BR-290/RS;Leste;Saída de pista;1;0;0;0;0;0;0;0;0;0;2;0;0;0;0
31/07/2021;16:10:32;153;Acidente sem VITIMA;427,000;BR-386/RS;Norte;Colisão - Lateral;2;0;0;0;0;0;0;0;0;0;2;0;0;0;0
31/07/2021;23:12:47;210;Acidente sem VITIMA;80,000;BR-290/RS;Leste;Queda de ribanceira;1;0;0;0;0;0;0;0;0;0;1;0;0;0;0
31/07/2021;23:15:23;211;Acidente sem VITIMA;401,000;BR-386/RS;Sul;Capotamento;1;0;0;0;0;0;0;0;0;0;1;0;0;0;0
01/08/2021;19:36:11;143;Acidente com VITIMA FATAL;323,000;BR-386/RS;Sul;Colisão - Frontal;1;0;0;1;0;0;0;0;0;0;2;0;0;0;1
01/08/2021;19:51:51;150;Atropelamento;348,000;BR-386/RS;Norte;Atropelamento - Usuário;1;0;0;0;0;0;0;0;0;0;1;0;0;1;0
01/08/2021;21:05:15;161;Acidente sem VITIMA;81,000;BR-290/RS;Leste;Queda de ribanceira;0;0;0;0;0;0;0;0;0;1;1;0;0;0;0
01/08/2021;21:42:41;163;Acidente sem VITIMA;81,000;BR-290/RS;Leste;Saída de pista;1;0;0;0;0;0;0;0;0;0;1;0;0;0;0
02/08/2021;12:30:11;117;Acidente sem VITIMA;409,000;BR-386/RS;Sul;Colisão - Traseira;1;0;0;0;0;0;0;1;0;0;2;0;0;0;0
02/08/2021;14:15:36;136;Acidente sem VITIMA;85,000;BR-290/RS;Leste;Colisão - Lateral;1;0;0;0;0;0;0;1;0;0;2;0;0;0;0
02/08/2021;15:02:03;146;Acidente com VITIMA;92,000;BR-290/RS;Oeste;;1;0;0;1;0;0;0;0;0;0;1;0;0;2;0
02/08/2021;17:37:35;174;Acidente sem VITIMA;98,000;BR-290/RS;Oeste;Colisão - Traseira;1;0;0;0;0;0;0;0;0;0;1;0;0;0;0
02/08/2021;04:37:34;22;Acidente sem VITIMA;54,000;BR-101/RS;Norte;Capotamento;1;0;0;0;0;0;0;0;0;0;1;0;0;0;0
02/08/2021;07:27:31;45;Acidente sem VITIMA;86,000;BR-290/RS;Oeste;Colisão - Lateral;1;0;0;0;0;0;0;1;0;0;4;0;0;0;0
02/08/2021;07:56:54;55;Acidente sem VITIMA;283,000;BR-386/RS;Norte;Saída de pista;1;0;0;0;0;0;0;0;0;0;1;0;0;0;0
02/08/2021;08:36:31;71;Acidente sem VITIMA;1,000;BR-290/RS;Leste;;1;0;0;0;0;0;0;0;0;0;1;0;0;0;0
02/08/2021;09:57:14;96;Acidente sem VITIMA;227,000;BR-386/RS;Sul;Colisão - Lateral;1;0;0;0;0;1;0;0;0;0;3;0;0;0;0
03/08/2021;18:17:10;172;Acidente com VITIMA;235,000;BR-386/RS;Sul;Colisão - Traseira;2;0;0;0;0;0;0;0;0;0;2;0;2;0;0
03/08/2021;19:10:28;182;Acidente com VITIMA;248,000;BR-386/RS;Norte;Colisão - Transversal;1;0;0;0;0;0;0;1;0;0;1;1;0;0;0
04/08/2021;15:36:01;165;Acidente sem VITIMA;89,000;BR-290/RS;Leste;;1;0;1;0;0;0;0;0;0;0;2;0;0;0;0
04/08/2021;16:49:30;181;Acidente sem VITIMA;85,000;BR-290/RS;Leste;Colisão - Lateral;1;0;0;0;0;0;0;1;0;0;4;0;0;0;0
04/08/2021;21:40:36;217;Acidente sem VITIMA;53,000;BR-290/RS;Leste;Tombamento;0;0;0;0;0;0;0;1;0;0;1;0;0;0;0
04/08/2021;21:44:49;218;Acidente sem VITIMA;246,000;BR-386/RS;Sul;Saída de pista;1;0;0;0;0;0;0;0;0;0;1;0;0;0;0
04/08/2021;07:45:12;49;Acidente sem VITIMA;227,000;BR-386/RS;Sul;Saída de pista;0;0;1;0;0;0;0;0;0;0;1;0;0;0;0
05/08/2021;02:55:27;11;Acidente sem VITIMA;203,000;BR-386/RS;Ambos;Queda de ribanceira;1;0;0;0;0;0;0;0;0;0;1;0;0;0;0
05/08/2021;13:27:10;151;Acidente sem VITIMA;13,000;BR-448/RS;Norte;Colisão - Traseira;1;0;0;0;0;0;0;1;0;0;5;0;0;0;0
05/08/2021;14:42:06;166;Acidente sem VITIMA;327,000;BR-386/RS;Sul;Engavetamento;1;0;1;0;0;0;0;0;0;1;4;0;0;0;0
05/08/2021;21:15:26;239;Acidente sem VITIMA;40,000;BR-101/RS;Sul;Saída de pista;1;0;0;0;0;0;0;0;0;0;5;0;0;0;0
05/08/2021;08:40:08;83;Acidente com VITIMA;340,000;BR-386/RS;Sul;Saída de pista;1;0;0;0;0;0;0;0;0;0;0;0;1;0;0
06/08/2021;05:47:09;22;Acidente sem VITIMA;228,000;BR-386/RS;Norte;Colisão - Lateral;1;0;0;0;0;0;0;1;0;0;3;0;0;0;0
06/08/2021;18:03:47;225;Acidente com VITIMA;436,000;BR-386/RS;Norte;Colisão - Transversal;0;0;1;1;0;0;0;0;0;0;1;0;1;0;0
06/08/2021;18:11:15;228;Acidente sem VITIMA;77,000;BR-290/RS;Leste;Colisão - Traseira;2;0;0;0;0;0;0;0;0;0;3;0;0;0;0
06/08/2021;06:21:17;25;Acidente sem VITIMA;351,000;BR-386/RS;Norte;Queda de ribanceira;1;0;0;0;0;0;0;0;0;0;1;0;0;0;0
06/08/2021;00:23:42;5;Acidente sem VITIMA;68,000;BR-290/RS;Oeste;Queda de ribanceira;1;0;0;0;0;0;0;0;0;0;1;0;0;0;0
06/08/2021;07:58:06;65;Acidente com VITIMA;78,000;BR-290/RS;Oeste;Colisão - Traseira;1;0;1;0;0;0;0;0;0;0;1;1;0;0;0
07/08/2021;02:30:45;10;Acidente com VITIMA;15,000;BR-448/RS;Sul;Outros;0;0;0;1;0;0;0;0;0;0;0;1;0;0;0
07/08/2021;15:50:48;135;Acidente sem VITIMA;220,000;BR-386/RS;Sul;Colisão - Transversal;2;0;0;0;0;0;0;0;0;0;5;0;0;0;0
07/08/2021;18:21:14;163;Acidente com VITIMA;84,000;BR-290/RS;Leste;Queda de moto;0;0;0;1;0;0;0;0;0;0;0;1;0;0;0
07/08/2021;19:11:40;178;Acidente com VITIMA;180,000;BR-386/RS;Norte;Choque Defensa;1;0;0;0;0;0;0;0;0;0;0;1;0;0;0
07/08/2021;05:16:16;19;Acidente sem VITIMA;255,000;BR-386/RS;Sul;Saída de pista;0;0;1;0;0;0;0;0;0;0;1;0;0;0;0
07/08/2021;20:25:58;192;Acidente com VITIMA;5,000;BR-101/RS;Norte;Atropelamento de Animal;1;0;0;1;0;0;0;0;0;0;2;1;0;0;0
07/08/2021;22:08:17;202;Acidente sem VITIMA;22,000;BR-290/RS;Ambos;Saída de pista;0;0;1;0;0;0;0;0;0;0;1;0;0;0;0
07/08/2021;22:54:48;206;Acidente sem VITIMA;70,000;BR-290/RS;Oeste;Saída de pista;1;0;0;0;0;1;0;0;0;0;2;0;0;0;0
07/08/2021;10:49:45;79;Acidente sem VITIMA;92,000;BR-290/RS;Ambos;Colisão - Traseira;2;0;0;0;0;0;0;0;0;0;2;0;0;0;0
07/08/2021;11:30:39;89;Acidente com VITIMA;352,000;BR-386/RS;Sul;Saída de pista;1;0;0;0;0;0;0;0;0;0;0;1;0;0;0
08/08/2021;05:44:07;12;Acidente sem VITIMA;92,000;BR-290/RS;Oeste;Queda de ribanceira;1;0;0;0;0;0;0;0;0;0;1;0;0;0;0
08/08/2021;19:54:41;161;Acidente com VITIMA;325,000;BR-386/RS;Norte;Colisão - Transversal;1;0;0;0;0;0;0;1;0;0;1;0;0;1;0
08/08/2021;20:00:47;163;Acidente sem VITIMA;86,000;BR-290/RS;Oeste;Colisão - Traseira;2;0;0;0;0;0;0;0;0;0;2;0;0;0;0
08/08/2021;22:57:35;194;Acidente sem VITIMA;69,000;BR-290/RS;Oeste;Queda de ribanceira;1;0;0;0;0;0;0;0;0;0;4;0;0;0;0
09/08/2021;10:34:11;115;Acidente sem VITIMA;13,000;BR-448/RS;Norte;Colisão - Lateral;1;0;0;0;0;1;0;0;0;0;5;0;0;0;0
09/08/2021;04:49:23;15;Acidente com VITIMA;344,000;BR-386/RS;Sul;Queda de moto;0;0;0;1;0;0;0;0;0;0;0;2;0;0;0
09/08/2021;13:28:31;153;Acidente sem VITIMA;13,000;BR-290/RS;Leste;Saída de pista;1;0;0;0;0;0;0;0;0;0;1;0;0;0;0
09/08/2021;14:01:35;160;Acidente com VITIMA;17,000;BR-448/RS;Sul;Colisão - Traseira;0;0;1;1;0;0;0;0;0;0;1;1;0;0;0
09/08/2021;14:16:58;163;Acidente sem VITIMA;375,000;BR-386/RS;Sul;Colisão - Traseira;2;0;0;0;0;0;0;0;0;0;2;0;0;0;0
09/08/2021;14:22:22;167;Acidente com VITIMA;352,000;BR-386/RS;Norte;Choque - Poste;1;0;0;0;0;0;0;0;0;0;1;2;0;0;0
09/08/2021;16:55:23;195;Acidente sem VITIMA;375,000;BR-386/RS;Sul;Colisão - Lateral;1;0;1;0;0;0;0;0;0;0;3;0;0;0;0
09/08/2021;05:45:44;22;Acidente sem VITIMA;86,000;BR-290/RS;Leste;Choque Defensa;1;0;0;0;0;0;0;0;0;0;1;0;0;0;0
09/08/2021;21:25:49;229;Acidente com VITIMA;50,000;BR-290/RS;Leste;Capotamento;1;0;0;0;0;0;0;0;0;0;0;1;0;0;0
09/08/2021;21:39:01;233;Acidente sem VITIMA;94,000;BR-290/RS;Oeste;Choque Barreira;1;0;0;0;0;0;0;0;0;0;1;0;0;0;0
09/08/2021;00:52:44;8;Acidente sem VITIMA;372,000;BR-386/RS;Sul;Choque - Meio Fio;1;0;0;0;0;0;0;0;0;0;1;0;0;0;0
09/08/2021;08:51:03;88;Acidente sem VITIMA;84,000;BR-290/RS;Leste;Queda de moto;0;0;0;1;0;0;0;0;0;0;1;0;0;0;0
10/08/2021;23:15:33;185;Acidente sem VITIMA;358,000;BR-386/RS;Ambos;Saída de pista;1;0;0;0;0;0;0;0;0;0;1;0;0;0;0
10/08/2021;06:46:30;25;Acidente sem VITIMA;334,000;BR-386/RS;Norte;Choque Defensa;0;0;1;0;0;0;0;0;0;0;1;0;0;0;0
10/08/2021;06:50:09;27;Acidente sem VITIMA;357,000;BR-386/RS;Norte;Queda de ribanceira;1;0;0;0;0;0;0;0;0;0;3;0;0;0;0
10/08/2021;07:38:33;48;Acidente sem VITIMA;90,000;BR-290/RS;Oeste;Colisão - Traseira;2;0;0;0;0;0;0;0;0;0;2;0;0;0;0
10/08/2021;08:13:52;57;Acidente sem VITIMA;40,000;BR-101/RS;Sul;Choque Barreira;1;0;0;0;0;0;0;0;0;0;1;0;0;0;0
10/08/2021;01:48:12;6;Acidente sem VITIMA;440,000;BR-386/RS;Norte;Queda de ribanceira;1;0;0;0;0;0;0;0;0;0;1;0;0;0;0
10/08/2021;09:03:52;67;Acidente sem VITIMA;84,000;BR-290/RS;Oeste;Choque Barreira;1;0;0;0;0;0;0;0;0;0;1;0;0;0;0
10/08/2021;11:13:25;91;Acidente com VITIMA;79,000;BR-290/RS;Oeste;Queda de ribanceira;1;0;0;0;0;0;0;0;0;0;0;0;1;0;0
11/08/2021;16:41:24;162;Acidente com VITIMA;86,000;BR-290/RS;Leste;Queda de Carga;1;0;1;0;0;0;0;0;0;0;1;0;1;0;0
11/08/2021;18:48:53;187;Acidente com VITIMA;1,000;BR-101/RS;Norte;Queda de moto;0;0;0;1;0;0;0;0;0;0;0;1;0;0;0
11/08/2021;19:30:58;193;Acidente sem VITIMA;228,000;BR-386/RS;Sul;Capotamento;1;0;0;0;0;0;0;0;0;0;1;0;0;0;0
11/08/2021;06:33:08;21;Acidente sem VITIMA;82,000;BR-290/RS;Leste;Queda de ribanceira;1;0;0;0;0;0;0;0;0;0;1;0;0;0;0
11/08/2021;00:49:31;4;Acidente sem VITIMA;411,000;BR-386/RS;Norte;Queda de ribanceira;1;0;0;0;0;0;0;0;0;0;1;0;0;0;0
11/08/2021;09:58:24;78;Acidente sem VITIMA;270,000;BR-386/RS;Norte;Colisão - Lateral;2;0;0;0;0;0;0;0;0;0;3;0;0;0;0
12/08/2021;02:22:25;11;Acidente sem VITIMA;358,000;BR-386/RS;Sul;Saída de pista;1;0;0;0;0;0;0;0;0;0;2;0;0;0;0
12/08/2021;19:28:20;210;Acidente sem VITIMA;68,000;BR-290/RS;Oeste;Atropelamento de Animal;1;0;0;0;0;0;0;0;0;0;1;0;0;0;0
12/08/2021;20:37:55;219;Acidente com VITIMA;58,000;BR-101/RS;Ambos;Saída de pista;1;0;0;0;0;0;0;0;0;0;0;1;0;0;0
12/08/2021;23:17:16;235;Acidente sem VITIMA;36,000;BR-290/RS;Oeste;Saída de pista;0;0;1;0;0;0;0;0;0;0;1;0;0;0;0
12/08/2021;07:49:00;59;Acidente sem VITIMA;425,000;BR-386/RS;Norte;Colisão - Lateral;1;0;1;0;0;0;0;0;0;0;2;0;0;0;0
12/08/2021;08:08:16;69;Acidente sem VITIMA;60,000;BR-290/RS;Oeste;Colisão - Lateral;2;0;0;0;0;0;0;0;0;0;2;0;0;0;0
13/08/2021;12:46:52;135;Acidente sem VITIMA;80,000;BR-290/RS;Oeste;Queda de ribanceira;1;0;0;0;0;0;0;0;0;0;1;0;0;0;0
13/08/2021;13:35:31;141;Acidente sem VITIMA;69,000;BR-290/RS;Oeste;Saída de pista;1;0;0;0;0;0;0;0;0;0;1;0;0;0;0
13/08/2021;06:54:36;17;Acidente sem VITIMA;442,000;BR-386/RS;Norte;Choque - Sinalização;1;0;0;0;0;0;0;0;0;0;1;0;0;0;0
13/08/2021;16:04:54;177;Acidente sem VITIMA;92,000;BR-290/RS;Oeste;Engavetamento;3;0;0;0;0;0;0;0;0;0;3;0;0;0;0
13/08/2021;19:52:09;221;Acidente sem VITIMA;346,000;BR-386/RS;Sul;Colisão - Traseira;2;0;0;0;0;0;0;0;0;0;8;0;0;0;0
13/08/2021;21:04:38;239;Acidente com VITIMA;354,000;BR-386/RS;Norte;Colisão - Transversal;1;0;0;0;0;0;0;1;0;0;1;0;1;1;0
14/08/2021;19:06:28;177;Acidente sem VITIMA;393,000;BR-386/RS;Sul;Queda de ribanceira;1;0;0;0;0;0;0;0;0;0;1;0;0;0;0
14/08/2021;19:17:24;178;Acidente sem VITIMA;417,000;BR-386/RS;Sul;Colisão - Transversal;1;0;0;1;0;0;0;0;0;0;2;0;0;0;0
14/08/2021;09:48:19;72;Acidente sem VITIMA;60,000;BR-290/RS;Leste;Colisão - Lateral;2;0;0;0;0;0;0;0;0;0;6;0;0;0;0
15/08/2021;15:28:57;100;Acidente com VITIMA;7,000;BR-101/RS;Sul;Colisão - Traseira;2;0;0;0;0;0;0;0;0;0;3;0;0;1;0
15/08/2021;06:59:42;25;Acidente com VITIMA;180,000;BR-386/RS;Sul;Saída de pista;1;0;0;0;0;0;0;0;0;0;0;0;1;0;0
15/08/2021;07:08:17;28;Acidente sem VITIMA;345,000;BR-386/RS;Ambos;Saída de pista;1;0;0;0;0;0;0;0;0;0;1;0;0;0;0
15/08/2021;12:25:02;74;Acidente sem VITIMA;330,000;BR-386/RS;Norte;Choque Barreira;1;0;0;0;0;0;0;0;0;0;1;0;0;0;0
16/08/2021;17:10:24;173;Acidente sem VITIMA;344,000;BR-386/RS;Sul;Colisão - Lateral;2;0;0;0;0;0;0;0;0;0;2;0;0;0;0
16/08/2021;18:38:56;186;Acidente sem VITIMA;387,000;BR-386/RS;Norte;Queda de moto;0;0;0;1;0;0;0;0;0;0;1;0;0;0;0
16/08/2021;07:59:22;47;Acidente sem VITIMA;270,000;BR-386/RS;Norte;Queda de ribanceira;1;0;0;0;0;0;0;0;0;0;1;0;0;0;0
16/08/2021;01:38:02;6;Acidente com VITIMA;72,000;BR-290/RS;Oeste;Queda de ribanceira;1;0;0;0;0;0;0;0;0;0;0;1;0;0;0
17/08/2021;14:08:57;125;Acidente sem VITIMA;82,000;BR-290/RS;Leste;Colisão - Lateral;1;0;0;0;0;0;0;0;0;0;1;0;0;0;0
17/08/2021;15:44:18;138;Acidente com VITIMA;344,000;BR-386/RS;Norte;Colisão - Lateral;1;0;0;1;0;0;0;0;0;0;1;1;0;0;0
17/08/2021;22:51:31;196;Acidente sem VITIMA;241,000;BR-386/RS;Norte;Saída de pista;1;0;0;0;0;0;0;0;0;0;1;0;0;0;0
17/08/2021;23:38:22;198;Acidente sem VITIMA;61,000;BR-290/RS;Leste;Saída de pista;1;0;0;0;0;0;0;0;0;0;1;0;0;0;0
18/08/2021;11:15:13;100;Acidente sem VITIMA;64,000;BR-290/RS;Leste;Colisão - Lateral;1;0;1;0;0;0;0;0;0;0;2;0;0;0;0
18/08/2021;13:20:23;121;Acidente sem VITIMA;23,000;BR-290/RS;Leste;Queda de ribanceira;1;0;0;0;0;0;0;0;0;0;3;0;0;0;0
18/08/2021;13:41:16;125;Acidente com VITIMA;342,000;BR-386/RS;Sul;Colisão - Lateral;1;0;0;1;0;0;0;0;0;0;2;1;0;0;0
18/08/2021;13:54:14;127;Acidente com VITIMA;21,000;BR-448/RS;Sul;Choque Barreira;1;0;0;0;0;0;0;0;0;0;0;1;0;0;0
18/08/2021;17:18:24;167;Acidente sem VITIMA;402,000;BR-386/RS;Sul;Tombamento;0;0;1;0;0;0;0;0;0;0;2;0;0;0;0
18/08/2021;06:42:03;22;Acidente sem VITIMA;74,000;BR-290/RS;Oeste;Colisão - Traseira;0;0;2;0;0;0;0;0;0;0;2;0;0;0;0
18/08/2021;06:46:38;24;Acidente sem VITIMA;411,000;BR-386/RS;Norte;Saída de pista;1;0;0;0;0;0;0;0;0;0;1;0;0;0;0
18/08/2021;10:26:11;86;Acidente sem VITIMA;1,000;BR-101/RS;Norte;Saída de pista;0;0;1;0;0;0;0;0;0;0;1;0;0;0;0
18/08/2021;10:45:03;94;Acidente com VITIMA;36,000;BR-101/RS;Sul;Saída de pista;1;0;0;0;0;0;0;0;0;0;0;0;1;0;0
18/08/2021;10:49:40;96;Acidente com VITIMA;63,000;BR-101/RS;Sul;Saída de pista;1;0;0;0;0;0;0;0;0;0;1;1;0;1;0
19/08/2021;10:35:27;118;Acidente sem VITIMA;247,000;BR-386/RS;Norte;Colisão - Lateral;2;0;0;0;0;0;0;0;0;0;4;0;0;0;0
19/08/2021;11:22:15;130;Acidente sem VITIMA;60,000;BR-290/RS;Leste;Colisão - Lateral;1;0;0;0;0;0;0;0;0;1;4;0;0;0;0
19/08/2021;12:30:16;148;Acidente com VITIMA;28,000;BR-101/RS;Sul;Engavetamento;3;0;0;0;0;0;0;0;0;0;3;1;0;0;0
19/08/2021;15:36:48;194;Acidente sem VITIMA;327,000;BR-386/RS;Sul;Colisão - Traseira;0;0;1;0;0;1;0;0;0;0;2;0;0;0;0
19/08/2021;17:47:33;231;Acidente sem VITIMA;96,000;BR-290/RS;Leste;Colisão - Traseira;2;0;0;0;0;0;0;0;0;0;4;0;0;0;0
19/08/2021;08:54:39;78;Acidente com VITIMA;353,000;BR-386/RS;Norte;Colisão - Traseira;1;0;1;0;0;0;0;0;0;0;2;2;0;0;0
19/08/2021;09:33:58;96;Acidente sem VITIMA;341,000;BR-386/RS;Norte;Colisão - Traseira;1;0;0;0;0;0;0;0;0;1;3;0;0;0;0
20/08/2021;01:38:16;11;Acidente sem VITIMA;57,000;BR-290/RS;Oeste;Saída de pista;1;0;0;0;0;0;0;0;0;0;1;0;0;0;0
20/08/2021;02:06:51;14;Acidente sem VITIMA;36,000;BR-290/RS;Leste;Tombamento;0;0;0;0;0;0;0;1;0;0;1;0;0;0;0
20/08/2021;15:34:13;190;Acidente sem VITIMA;277,000;BR-386/RS;Sul;Colisão - Traseira;2;0;0;0;0;1;0;0;0;0;3;0;0;0;0
20/08/2021;18:03:23;213;Acidente sem VITIMA;442,000;BR-386/RS;Ambos;Colisão - Traseira;2;0;0;0;0;1;0;0;0;0;3;0;0;0;0
20/08/2021;19:21:36;228;Acidente sem VITIMA;417,000;BR-386/RS;Norte;Choque - Meio Fio;2;0;0;0;0;0;0;0;0;0;5;0;0;0;0
20/08/2021;20:44:38;243;Acidente sem VITIMA;389,000;BR-386/RS;Norte;Colisão - Lateral;2;0;0;0;0;0;0;0;0;0;2;0;0;0;0
20/08/2021;22:54:42;262;Acidente sem VITIMA;421,000;BR-386/RS;Sul;Choque Defensa;1;0;0;0;0;0;0;0;0;0;1;0;0;0;0
20/08/2021;08:42:55;92;Acidente sem VITIMA;69,000;BR-290/RS;Oeste;Queda de ribanceira;1;0;0;0;0;0;0;0;0;0;1;0;0;0;0
21/08/2021;14:36:34;108;Acidente sem VITIMA;282,000;BR-386/RS;Norte;Colisão - Frontal;2;0;0;0;0;0;0;0;0;0;3;0;0;0;0
21/08/2021;15:44:25;119;Acidente sem VITIMA;60,000;BR-290/RS;Oeste;Colisão - Traseira;2;0;0;0;0;0;0;0;0;0;5;0;0;0;0
21/08/2021;01:59:29;12;Acidente sem VITIMA;228,000;BR-386/RS;Sul;Saída de pista;1;0;0;0;0;0;0;0;0;0;3;0;0;0;0
21/08/2021;16:33:26;123;Acidente sem VITIMA;19,000;BR-290/RS;Oeste;Colisão - Traseira;1;0;1;0;0;0;0;0;0;0;2;0;0;0;0
21/08/2021;18:00:23;138;Acidente sem VITIMA;78,000;BR-290/RS;Oeste;Choque Barreira;1;0;0;0;0;0;0;0;0;0;1;0;0;0;0
21/08/2021;19:29:44;147;Acidente com VITIMA;289,000;BR-386/RS;Norte;Colisão - Frontal;2;0;0;0;0;0;0;1;0;0;2;0;2;0;0
21/08/2021;04:40:21;19;Acidente sem VITIMA;75,000;BR-101/RS;Norte;Colisão - Traseira;2;0;0;0;0;0;0;0;0;0;2;0;0;0;0
21/08/2021;06:34:59;36;Acidente sem VITIMA;65,000;BR-101/RS;Norte;Engavetamento;3;0;0;0;0;0;0;0;0;0;5;0;0;0;0
21/08/2021;07:25:13;44;Acidente sem VITIMA;37,000;BR-101/RS;Sul;Saída de pista;1;0;0;0;0;0;0;0;0;0;1;0;0;0;0
21/08/2021;09:01:37;62;Acidente sem VITIMA;12,000;BR-101/RS;Ambos;Choque Barreira;1;0;0;0;0;0;0;1;0;0;2;0;0;0;0
21/08/2021;01:41:18;8;Acidente sem VITIMA;375,000;BR-386/RS;Sul;Colisão - Traseira;1;0;0;0;0;1;0;0;0;0;4;0;0;0;0
22/08/2021;16:31:32;130;Acidente sem VITIMA;372,000;BR-386/RS;Norte;Colisão - Traseira;1;0;0;0;0;0;0;0;0;1;3;0;0;0;0
22/08/2021;16:39:01;133;Acidente sem VITIMA;92,080;BR-290/RS;Oeste;Choque Defensa;1;0;0;0;0;0;0;0;0;0;3;0;0;0;0
22/08/2021;19:22:32;177;Acidente sem VITIMA;344,000;BR-386/RS;Norte;Saída de pista;1;0;0;0;0;0;0;0;0;0;1;0;0;0;0
22/08/2021;10:04:41;48;Acidente sem VITIMA;343,000;BR-386/RS;Sul;Saída de pista;1;0;0;0;0;0;0;0;0;0;1;0;0;0;0
22/08/2021;01:47:14;5;Acidente sem VITIMA;80,000;BR-290/RS;Leste;Saída de pista;1;0;0;0;0;0;0;0;0;0;3;0;0;0;0