data;horario;n_da_ocorrencia;tipo_de_ocorrencia;km;trecho;sentido;tipo_de_acidente;automovel;bicicleta;caminhao;moto;onibus;outros;tracao_animal;transporte_de_cargas_especiais;trator_maquinas;utilitarios;ilesos;levemente_feridos;moderadamente_feridos;gravemente_feridos;mortos
08/09/2021;09:40:39;83;Acidente sem VITIMA;307,000;BR-386/RS;Norte;Queda de ribanceira;1;0;0;0;0;0;0;0;0;0;1;0;0;0;0
08/09/2021;10:35:14;90;Acidente sem VITIMA;411,000;BR-386/RS;Norte;Saída de pista;1;0;0;0;0;0;0;0;0;0;3;0;0;0;0
08/09/2021;10:50:13;92;Acidente sem VITIMA;440,000;BR-386/RS;Norte;Saída de pista;2;0;0;0;0;0;0;0;0;0;2;0;0;0;0
08/09/2021;11:16:45;98;Acidente com VITIMA;62,000;BR-101/RS;Sul;Queda de ribanceira;1;0;0;0;0;0;0;0;0;0;1;1;0;0;0
08/09/2021;13:36:10;126;Acidente sem VITIMA;353,000;BR-386/RS;Sul;Saída de pista;1;0;0;0;0;0;0;0;0;0;1;0;0;0;0
08/09/2021;13:57:43;133;Acidente com VITIMA;71,000;BR-101/RS;Norte;Queda de ribanceira;1;0;0;0;0;0;0;0;0;0;0;1;0;0;0
08/09/2021;17:54:23;184;Acidente sem VITIMA;2,000;BR-101/RS;Sul;Colisão - Transversal;2;0;0;0;0;0;0;0;0;0;2;0;0;0;0
08/09/2021;23:11:19;223;Acidente sem VITIMA;357,000;BR-386/RS;Sul;Queda de ribanceira;1;0;0;0;0;0;0;0;0;0;1;0;0;0;0
09/09/2021;03:53:27;9;Acidente sem VITIMA;375,000;BR-386/RS;Norte;Atropelamento de Animal;1;0;0;0;0;0;0;0;0;0;1;0;0;0;0
09/09/2021;06:34:50;26;Acidente sem VITIMA;86,000;BR-290/RS;Oeste;;1;0;0;0;0;0;0;0;0;0;1;0;0;0;0
09/09/2021;16:41:45;168;Acidente com VITIMA;398,000;BR-386/RS;Norte;Tombamento;0;0;1;0;0;0;0;0;0;0;3;1;1;0;0
09/09/2021;17:25:32;175;Acidente sem VITIMA;327,000;BR-386/RS;Sul;Colisão - Transversal;1;0;0;1;0;0;0;0;0;0;2;0;0;0;0
09/09/2021;17:45:39;178;Acidente sem VITIMA;440,000;BR-386/RS;Sul;Saída de pista;1;0;0;0;0;0;0;0;0;0;1;0;0;0;0
09/09/2021;17:58:14;182;Acidente sem VITIMA;87,000;BR-290/RS;Leste;Colisão - Traseira;2;0;0;0;0;0;0;0;0;0;3;0;0;0;0
09/09/2021;20:16:13;195;Acidente sem VITIMA;92,000;BR-290/RS;Leste;Atropelamento - Esportista;1;0;0;0;0;0;0;0;0;0;2;0;0;0;0
09/09/2021;22:07:01;209;Acidente sem VITIMA;46,000;BR-290/RS;Oeste;Saída de pista;1;0;0;0;0;0;0;0;0;0;1;0;0;0;0
10/09/2021;08:58:05;89;Acidente sem VITIMA;78,000;BR-101/RS;Sul;Colisão - Traseira;0;0;0;0;0;0;0;2;0;0;2;0;0;0;0
10/09/2021;09:33:36;97;Acidente com VITIMA;88,000;BR-290/RS;Oeste;Queda de moto;0;0;0;1;0;0;0;0;0;0;0;0;1;0;0
10/09/2021;11:23:17;131;Acidente com VITIMA;44,000;BR-290/RS;Oeste;Queda de ribanceira;1;0;0;0;0;0;0;0;0;0;1;0;2;0;0
10/09/2021;15:37:47;193;Acidente sem VITIMA;348,000;BR-386/RS;Norte;Saída de pista;1;0;1;0;0;0;0;0;0;0;2;0;0;0;0
10/09/2021;18:50:15;241;Acidente sem VITIMA;92,000;BR-290/RS;Leste;Colisão - Traseira;2;0;0;0;0;0;0;0;0;0;2;0;0;0;0
10/09/2021;19:03:52;246;Atropelamento Fatal;70,000;BR-290/RS;Oeste;Atropelamento - Usuário;1;0;0;0;0;0;0;0;0;0;1;0;0;0;1
11/09/2021;02:44:28;8;Acidente sem VITIMA;32,000;BR-101/RS;Sul;;0;0;1;0;0;0;0;0;0;0;1;0;0;0;0
11/09/2021;03:14:00;11;Acidente sem VITIMA;347,000;BR-386/RS;Sul;Saída de pista;1;0;0;0;0;0;0;0;0;0;1;0;0;0;0
11/09/2021;09:24:24;92;Atropelamento;72,000;BR-290/RS;Oeste;Atropelamento - Esportista;0;0;0;0;0;1;0;0;0;0;0;1;0;0;0
11/09/2021;10:02:36;106;Acidente com VITIMA;327,000;BR-386/RS;Norte;Queda de moto;1;0;0;0;0;0;0;0;0;0;0;1;0;0;0
11/09/2021;12:52:20;148;Acidente sem VITIMA;75,000;BR-290/RS;Oeste;Queda de ribanceira;1;0;0;0;0;0;0;0;0;0;1;0;0;0;0
11/09/2021;19:27:12;220;Acidente sem VITIMA;220,000;BR-386/RS;Ambos;Colisão - Transversal;2;0;0;0;0;0;0;0;0;0;2;0;0;0;0
11/09/2021;19:59:45;225;Acidente sem VITIMA;15,000;BR-448/RS;Norte;Saída de pista;1;0;0;0;0;0;0;0;0;0;1;0;0;0;0
12/09/2021;06:07:47;23;Acidente sem VITIMA;372,000;BR-386/RS;Norte;Saída de pista;1;0;0;0;0;0;0;0;0;0;1;0;0;0;0
12/09/2021;09:22:57;67;Acidente com VITIMA;91,000;BR-290/RS;Leste;Queda de ribanceira;0;0;0;1;0;0;0;0;0;0;0;0;0;1;0
12/09/2021;16:07:50;121;Acidente com VITIMA;267,000;BR-386/RS;Sul;Colisão - Lateral;2;0;0;0;0;0;0;0;0;0;6;1;1;0;0
12/09/2021;16:13:18;123;Acidente sem VITIMA;80,000;BR-290/RS;Leste;Queda de ribanceira;1;0;0;0;0;0;0;0;0;0;2;0;0;0;0
12/09/2021;17:03:52;138;Atropelamento Fatal;87,000;BR-101/RS;Norte;Atropelamento - Andarilho;0;0;0;0;0;0;0;0;0;1;1;0;0;0;1
12/09/2021;18:15:50;160;Acidente sem VITIMA;10,000;BR-448/RS;Norte;Saída de pista;1;0;0;0;0;0;0;0;0;0;1;0;0;0;0
12/09/2021;19:52:42;180;Acidente com VITIMA;343,000;BR-386/RS;Ambos;Colisão - Lateral;1;0;0;1;0;0;0;0;0;0;2;0;2;0;0
12/09/2021;20:07:13;183;Acidente com VITIMA;362,000;BR-386/RS;Sul;Queda de moto;2;0;0;0;0;0;0;0;0;0;1;0;1;0;0
12/09/2021;23:53:18;219;Acidente sem VITIMA;26,000;BR-290/RS;Leste;Saída de pista;1;0;0;0;0;0;0;0;0;0;2;0;0;0;0
13/09/2021;05:10:31;29;Acidente sem VITIMA;350,000;BR-386/RS;Norte;Colisão - Lateral;2;0;0;0;0;0;0;0;0;0;2;0;0;0;0
13/09/2021;07:03:42;46;Acidente sem VITIMA;76,000;BR-290/RS;Leste;Choque Barreira;1;0;0;0;0;0;0;0;0;0;1;0;0;0;0
13/09/2021;07:30:53;56;Acidente sem VITIMA;88,000;BR-290/RS;Oeste;Colisão - Traseira;3;0;0;0;0;0;0;0;0;0;7;0;0;0;0
13/09/2021;07:56:03;66;Acidente com VITIMA;85,000;BR-290/RS;Oeste;Colisão - Lateral;1;0;0;1;0;0;0;0;0;0;1;1;0;0;0
13/09/2021;08:37:17;80;Acidente sem VITIMA;50,000;BR-290/RS;Oeste;Queda de ribanceira;1;0;0;0;0;0;0;0;0;0;1;0;0;0;0
13/09/2021;09:55:42;98;Acidente com VITIMA;23,000;BR-290/RS;Leste;Queda de ribanceira;1;0;0;0;0;0;0;0;0;0;0;0;2;0;0
13/09/2021;11:20:34;119;Acidente sem VITIMA;382,000;BR-386/RS;Sul;Saída de pista;0;0;0;0;0;0;0;0;0;1;3;0;0;0;0
13/09/2021;11:22:33;120;Acidente sem VITIMA;358,000;BR-386/RS;Sul;Saída de pista;1;0;0;0;0;0;0;0;0;0;2;0;0;0;0
13/09/2021;11:35:12;121;Acidente sem VITIMA;64,000;BR-290/RS;Oeste;Saída de pista;1;0;0;0;0;0;0;0;0;0;1;0;0;0;0
13/09/2021;13:32:38;136;Acidente com VITIMA;10,000;BR-290/RS;Leste;Queda de ribanceira;1;0;0;0;0;0;0;0;0;0;0;1;0;0;0
13/09/2021;15:03:46;145;Acidente sem VITIMA;7,000;BR-290/RS;Leste;Queda de ribanceira;1;0;0;0;0;0;0;0;0;0;1;0;0;0;0
13/09/2021;15:30:56;151;Acidente com VITIMA;8,000;BR-290/RS;Ambos;Queda de ribanceira;1;0;0;0;0;0;0;0;0;0;0;1;2;0;0
13/09/2021;17:07:52;169;Acidente sem VITIMA;22,000;BR-448/RS;Sul;Choque Barreira;1;0;0;0;0;0;0;0;0;0;2;0;0;0;0
13/09/2021;18:30:12;185;Acidente sem VITIMA;440,000;BR-386/RS;Norte;Choque Defensa;1;0;0;0;0;0;0;0;0;0;1;0;0;0;0
13/09/2021;21:58:23;225;Acidente com VITIMA;316,000;BR-386/RS;Norte;Saída de pista;0;0;1;0;0;0;0;0;0;0;0;1;0;0;0
13/09/2021;22:32:28;230;Acidente sem VITIMA;5,000;BR-290/RS;Oeste;Saída de pista;1;0;0;0;0;0;0;0;0;0;2;0;0;0;0
14/09/2021;05:12:04;16;Acidente sem VITIMA;375,000;BR-386/RS;Sul;Atropelamento de Animal;0;0;0;0;0;0;0;1;0;1;2;0;0;0;0
14/09/2021;07:18:29;38;Acidente sem VITIMA;4,000;BR-101/RS;Norte;;1;0;0;0;0;0;0;0;0;0;4;0;0;0;0
14/09/2021;14:03:37;153;Acidente sem VITIMA;92,000;BR-290/RS;Oeste;Colisão - Lateral;1;0;1;0;0;0;0;0;0;0;2;0;0;0;0
14/09/2021;22:42:36;229;Acidente com VITIMA;47,000;BR-290/RS;Leste;Capotamento;1;0;0;0;0;0;0;0;0;0;0;1;0;0;0
15/09/2021;07:40:09;54;Acidente com VITIMA;90,000;BR-290/RS;Oeste;Colisão - Traseira;2;0;0;0;0;0;0;0;0;0;1;1;0;0;0
15/09/2021;08:55:20;87;Acidente sem VITIMA;84,000;BR-101/RS;Norte;Colisão - Traseira;2;0;0;0;0;0;0;0;0;0;2;0;0;0;0
15/09/2021;11:31:39;135;Acidente com VITIMA;344,000;BR-386/RS;Sul;Colisão - Traseira;1;0;0;1;0;0;0;0;0;0;1;1;0;0;0
15/09/2021;12:06:47;144;Acidente sem VITIMA;343,000;BR-386/RS;Sul;Queda de moto;0;0;0;1;0;0;0;0;0;0;1;0;0;0;0
15/09/2021;17:51:57;221;Acidente sem VITIMA;390,000;BR-386/RS;Sul;Saída de pista;2;0;0;0;0;0;0;0;0;0;2;0;0;0;0
16/09/2021;04:59:42;24;Acidente sem VITIMA;373,000;BR-386/RS;Sul;Colisão - Traseira;0;0;0;0;0;0;0;1;0;1;3;0;0;0;0
16/09/2021;05:31:36;29;Acidente sem VITIMA;94,000;BR-290/RS;Leste;Queda de moto;1;0;0;0;0;0;0;0;0;0;1;0;0;0;0
16/09/2021;06:14:53;38;Acidente sem VITIMA;391,000;BR-386/RS;Norte;Colisão - Traseira;0;0;0;0;0;0;0;0;0;2;3;0;0;0;0
16/09/2021;07:35:14;78;Acidente sem VITIMA;91,000;BR-290/RS;Oeste;Engavetamento;4;0;0;0;0;0;0;0;0;0;4;0;0;0;0
16/09/2021;07:52:10;86;Acidente sem VITIMA;88,000;BR-290/RS;Oeste;Choque Barreira;3;0;0;0;0;0;0;0;0;0;6;0;0;0;0
16/09/2021;12:54:01;160;Atropelamento;83,000;BR-290/RS;Oeste;;0;0;0;0;0;0;0;0;0;1;0;0;0;1;0
16/09/2021;14:31:11;186;Acidente com VITIMA;350,000;BR-386/RS;Sul;Colisão - Traseira;1;0;0;1;0;0;0;0;0;0;1;0;1;0;0
16/09/2021;15:57:03;205;Acidente com VITIMA;47,000;BR-101/RS;Sul;Colisão - Traseira;1;0;0;0;0;0;0;0;0;1;1;1;0;0;0
16/09/2021;15:58:26;206;Acidente sem VITIMA;97,000;BR-290/RS;Leste;Colisão - Traseira;3;0;0;0;0;0;0;0;0;0;9;0;0;0;0
16/09/2021;19:05:26;258;Acidente sem VITIMA;344,000;BR-386/RS;Norte;Colisão - Traseira;2;0;0;0;0;0;0;0;0;0;2;0;0;0;0
16/09/2021;19:53:33;269;Acidente sem VITIMA;344,000;BR-386/RS;Norte;Colisão - Traseira;2;0;0;0;0;0;0;0;0;0;2;0;0;0;0
17/09/2021;00:21:21;1;Acidente sem VITIMA;423,000;BR-386/RS;Norte;Saída de pista;0;0;0;0;0;0;0;1;0;0;1;0;0;0;0
17/09/2021;08:10:37;91;Acidente com VITIMA;344,000;BR-386/RS;Sul;Colisão - Transversal;2;0;0;0;0;0;0;0;0;0;1;1;0;0;0
17/09/2021;11:41:31;142;Acidente com VITIMA;296,000;BR-386/RS;Sul;Tombamento;0;0;0;0;0;0;0;1;0;0;0;1;0;0;0
17/09/2021;14:20:34;179;Acidente sem VITIMA;330,000;BR-386/RS;Sul;Colisão - Traseira;1;0;0;0;0;1;0;0;0;0;2;0;0;0;0
17/09/2021;14:24:16;180;Acidente sem VITIMA;275,000;BR-386/RS;Norte;Saída de pista;0;0;0;0;0;1;0;0;0;0;1;0;0;0;0
17/09/2021;14:58:44;187;Acidente sem VITIMA;69,000;BR-290/RS;Leste;Colisão - Lateral;2;0;0;0;0;0;0;1;0;0;3;0;0;0;0
17/09/2021;15:08:27;189;Acidente com VITIMA;417,000;BR-386/RS;Sul;Colisão - Transversal;0;0;1;0;0;0;0;0;0;1;1;0;1;0;0
17/09/2021;15:08:38;190;Acidente sem VITIMA;334,000;BR-386/RS;Norte;Engavetamento;3;0;1;0;0;0;0;0;0;0;13;0;0;0;0
17/09/2021;15:51:46;198;Acidente sem VITIMA;21,000;BR-448/RS;Norte;Choque Barreira;1;0;0;0;0;0;0;0;0;0;1;0;0;0;0
17/09/2021;15:58:55;202;Acidente sem VITIMA;91,000;BR-290/RS;Oeste;Colisão - Lateral;1;0;0;0;0;0;0;0;0;0;3;0;0;0;0
17/09/2021;16:47:19;211;Acidente sem VITIMA;346,000;BR-386/RS;Sul;Colisão - Traseira;1;0;0;1;0;0;0;0;0;0;2;0;0;0;0
17/09/2021;17:22:50;219;Acidente sem VITIMA;56,000;BR-290/RS;Leste;Saída de pista;1;0;0;0;0;0;0;0;0;0;2;0;0;0;0
17/09/2021;17:24:28;220;Acidente com VITIMA;2,000;BR-448/RS;Sul;Colisão - Frontal;2;0;0;0;0;0;0;0;0;0;3;1;0;0;0
17/09/2021;17:35:34;222;Acidente sem VITIMA;26,000;BR-290/RS;Oeste;Capotamento;1;0;0;0;0;0;0;0;0;0;2;0;0;0;0
17/09/2021;18:57:02;236;Acidente sem VITIMA;35,000;BR-101/RS;Norte;Colisão - Lateral;2;0;0;0;0;0;0;0;0;0;2;0;0;0;0
17/09/2021;20:25:51;260;Acidente sem VITIMA;70,000;BR-290/RS;Leste;Colisão - Lateral;1;0;0;0;1;0;0;0;0;0;4;0;0;0;0
18/09/2021;08:57:36;77;Acidente sem VITIMA;43,000;BR-290/RS;Leste;Queda de moto;0;0;0;1;0;0;0;0;0;0;2;0;0;0;0
18/09/2021;10:40:30;106;Acidente com VITIMA;13,000;BR-101/RS;Sul;Queda de ribanceira;1;0;0;0;0;0;0;0;0;0;2;3;0;0;0
18/09/2021;10:44:02;107;Acidente sem VITIMA;343,000;BR-386/RS;Sul;Engavetamento;6;0;0;0;0;0;0;0;0;0;14;0;0;0;0
18/09/2021;11:17:50;114;Acidente com VITIMA;60,000;BR-290/RS;Leste;Colisão - Traseira;2;0;0;0;0;0;0;0;0;0;1;1;0;0;0
18/09/2021;13:54:52;153;Acidente sem VITIMA;246,000;BR-386/RS;Sul;Colisão - Traseira;2;0;0;0;0;0;0;0;0;0;2;0;0;0;0
18/09/2021;14:48:36;171;Acidente sem VITIMA;248,000;BR-386/RS;Norte;Colisão - Traseira;2;0;0;0;0;0;0;0;0;0;5;0;0;0;0
18/09/2021;19:37:37;233;Acidente sem VITIMA;196,130;BR-386/RS;Sul;Outros;1;0;0;0;0;0;0;0;0;0;1;0;0;0;0
18/09/2021;19:56:37;239;Acidente sem VITIMA;74,000;BR-290/RS;Oeste;Choque com objeto sobre a pista;1;0;0;1;0;1;0;0;0;0;2;0;0;0;0
18/09/2021;23:14:55;261;Acidente com VITIMA FATAL;66,000;BR-290/RS;Oeste;Capotamento;1;0;0;0;0;0;0;0;0;0;1;0;0;0;1
19/09/2021;07:36:16;34;Acidente sem VITIMA;350,000;BR-386/RS;Sul;Colisão - Lateral;2;0;0;0;0;0;0;0;0;0;2;0;0;0;0
19/09/2021;07:39:47;35;Acidente sem VITIMA;74,000;BR-290/RS;Leste;Choque Defensa;1;0;0;0;0;0;0;0;0;0;1;0;0;0;0
19/09/2021;19:45:04;171;Acidente com VITIMA;66,000;BR-290/RS;Oeste;Tombamento;0;0;0;0;0;0;0;0;0;1;0;12;2;0;0
19/09/2021;20:21:21;180;Acidente sem VITIMA;18,000;BR-290/RS;Oeste;Saída de pista;1;0;0;0;0;0;0;0;0;0;1;0;0;0;0
19/09/2021;20:53:58;191;Acidente sem VITIMA;38,000;BR-101/RS;Norte;Saída de pista;1;0;0;0;0;0;0;0;0;0;1;0;0;0;0
20/09/2021;02:41:06;14;Acidente sem VITIMA;30,000;BR-290/RS;Oeste;Saída de pista;1;0;0;0;0;0;0;0;0;0;1;0;0;0;0
20/09/2021;07:26:46;33;Acidente com VITIMA;10,000;BR-448/RS;Norte;Queda de moto;0;0;0;1;0;0;0;0;0;0;0;1;0;0;0
20/09/2021;09:06:22;55;Acidente com VITIMA;64,000;BR-290/RS;Leste;Colisão - Lateral;1;0;0;0;0;0;0;0;0;1;2;0;1;0;0
20/09/2021;16:18:48;171;Acidente sem VITIMA;60,000;BR-290/RS;Oeste;Engavetamento;3;0;0;0;0;0;0;0;0;0;4;0;0;0;0
20/09/2021;17:09:12;183;Acidente com VITIMA;27,000;BR-290/RS;Leste;Queda de ribanceira;1;0;0;0;0;0;0;0;0;0;0;1;0;0;0
20/09/2021;19:48:23;226;Acidente sem VITIMA;391,000;BR-386/RS;Sul;Saída de pista;1;0;0;0;0;0;0;0;0;0;2;0;0;0;0
20/09/2021;20:05:19;231;Acidente sem VITIMA;17,000;BR-290/RS;Oeste;Queda de moto;2;0;0;1;0;0;0;0;0;0;7;0;0;0;0
21/09/2021;02:55:36;19;Acidente sem VITIMA;393,000;BR-386/RS;Sul;Tombamento;0;0;0;0;1;0;0;0;0;0;1;0;0;0;0
21/09/2021;17:01:41;221;Acidente sem VITIMA;407,000;BR-386/RS;Sul;Choque Defensa;1;0;0;0;0;0;0;0;0;0;1;0;0;0;0
22/09/2021;03:21:06;13;Acidente sem VITIMA;69,000;BR-290/RS;Oeste;Capotamento;1;0;0;0;0;0;0;0;0;0;2;0;0;0;0
22/09/2021;17:15:20;212;Acidente com VITIMA;420,000;BR-386/RS;Norte;Tombamento;0;0;0;0;0;0;0;1;0;0;0;1;0;0;0
22/09/2021;19:20:58;242;Acidente sem VITIMA;28,000;BR-290/RS;Ambos;Tombamento;0;0;0;0;0;0;0;0;0;1;2;0;0;0;0
23/09/2021;05:29:10;18;Acidente com VITIMA;343,000;BR-386/RS;Norte;Colisão - Transversal;1;0;1;0;0;0;0;0;0;0;1;1;0;0;0
23/09/2021;07:12:46;29;Acidente sem VITIMA;342,000;BR-386/RS;Norte;Colisão - Transversal;2;0;0;0;0;0;0;0;0;0;2;0;0;0;0
23/09/2021;08:37:52;98;Acidente sem VITIMA;439,000;BR-386/RS;Norte;Engavetamento;2;0;0;0;0;0;0;0;0;1;3;0;0;0;0
23/09/2021;10:55:47;139;Acidente com VITIMA;442,000;BR-386/RS;Sul;Colisão - Traseira;1;0;1;0;0;0;0;0;0;0;2;1;0;0;0
23/09/2021;13:42:00;167;Acidente sem VITIMA;91,000;BR-290/RS;Leste;Engavetamento;4;0;0;0;0;0;0;1;0;0;6;0;0;0;0
23/09/2021;20:21:56;250;Acidente sem VITIMA;365,000;BR-386/RS;Norte;Colisão - Traseira;0;0;0;0;0;0;0;1;0;1;2;0;0;0;0
24/09/2021;00:05:29;2;Acidente sem VITIMA;16,000;BR-290/RS;Leste;Saída de pista;1;0;0;0;0;0;0;0;0;0;3;0;0;0;0
24/09/2021;00:41:04;6;Acidente com VITIMA;350,000;BR-386/RS;Norte;Choque - Poste;1;0;0;0;0;0;0;0;0;0;0;1;0;0;0
24/09/2021;10:37:05;127;Acidente sem VITIMA;304,000;BR-386/RS;Sul;Colisão - Lateral;2;0;0;0;0;0;0;0;0;0;5;0;0;0;0
24/09/2021;14:13:49;169;Acidente sem VITIMA;294,480;BR-386/RS;Norte;Colisão - Lateral;1;0;0;0;0;0;0;1;0;0;3;0;0;0;0
24/09/2021;15:56:03;191;Acidente sem VITIMA;328,000;BR-386/RS;Norte;Saída de pista;0;0;0;0;0;0;0;0;0;1;4;0;0;0;0
25/09/2021;12:43:36;119;Acidente com VITIMA;368,000;BR-386/RS;Norte;Queda de moto;0;0;0;1;0;0;0;0;0;0;0;0;2;0;0
25/09/2021;17:33:07;166;Acidente sem VITIMA;86,000;BR-290/RS;Oeste;Choque Defensa;1;0;0;0;0;0;0;0;0;0;1;0;0;0;0
25/09/2021;18:56:54;188;Acidente com VITIMA;342,000;BR-386/RS;Norte;Colisão - Lateral;0;0;0;1;0;0;0;0;0;1;1;1;0;0;0
25/09/2021;21:07:04;215;Acidente sem VITIMA;88,000;BR-290/RS;Leste;Engavetamento;3;0;0;0;0;0;0;0;0;0;4;0;0;0;0
26/09/2021;01:35:59;7;Acidente sem VITIMA;435,000;BR-386/RS;Norte;Colisão - Frontal;1;0;0;0;0;0;0;0;0;0;1;0;0;0;0
26/09/2021;05:14:30;17;Acidente sem VITIMA;75,000;BR-290/RS;Leste;Colisão - Traseira;2;0;0;0;0;0;0;0;0;0;2;0;0;0;0
26/09/2021;08:12:52;64;Acidente sem VITIMA;396,000;BR-386/RS;Norte;Queda de ribanceira;1;0;0;0;0;0;0;0;0;0;1;0;0;0;0
26/09/2021;09:01:42;72;Acidente sem VITIMA;431,000;BR-386/RS;Sul;Colisão - Lateral;2;0;0;0;0;0;0;0;0;0;2;0;0;0;0
26/09/2021;11:27:25;102;Acidente sem VITIMA;270,000;BR-386/RS;Sul;Colisão - Lateral;2;0;0;0;0;0;0;0;0;0;2;0;0;0;0
27/09/2021;09:47:13;103;Acidente com VITIMA;256,000;BR-386/RS;Norte;Capotamento;1;0;0;0;0;0;0;0;0;0;1;0;2;0;0
27/09/2021;12:12:58;134;Acidente com VITIMA;9,000;BR-101/RS;Sul;Colisão - Traseira;1;0;0;1;0;0;0;0;0;0;1;1;0;0;0
27/09/2021;16:38:30;202;Acidente sem VITIMA;85,000;BR-290/RS;Leste;Colisão - Lateral;2;0;0;0;0;0;0;0;0;0;2;0;0;0;0
27/09/2021;18:56:09;242;Acidente sem VITIMA;53,500;BR-101/RS;Ambos;Colisão - Traseira;1;0;0;0;0;0;0;1;0;0;4;0;0;0;0
28/09/2021;02:06:57;9;Acidente com VITIMA;10,000;BR-290/RS;Oeste;Choque - Canaleta;1;0;0;0;0;0;0;0;0;0;0;1;0;0;0
28/09/2021;15:40:44;171;Acidente sem VITIMA;426,000;BR-386/RS;Norte;Choque com veículo na faixa de rolamento;1;0;0;0;0;0;0;0;0;1;2;0;0;0;0
28/09/2021;16:57:30;180;Acidente sem VITIMA;417,000;BR-386/RS;Norte;Saída de pista;1;0;0;0;0;0;0;0;0;0;2;0;0;0;0
28/09/2021;17:02:57;181;Acidente sem VITIMA;349,000;BR-386/RS;Sul;Colisão - Traseira;2;0;1;0;0;0;0;0;0;0;3;0;0;0;0
28/09/2021;18:43:04;204;Acidente com VITIMA;9,000;BR-448/RS;Norte;Colisão - Traseira;3;0;0;0;0;0;0;0;0;0;3;1;0;0;0
29/09/2021;08:16:15;61;Acidente sem VITIMA;60,000;BR-290/RS;Oeste;Choque Praça - Cabine;0;0;0;0;0;1;0;1;0;0;2;0;0;0;0
29/09/2021;16:25:04;171;Acidente sem VITIMA;22,000;BR-448/RS;Norte;Colisão - Lateral;2;0;0;0;0;0;0;0;0;0;3;0;0;0;0
29/09/2021;17:29:30;178;Acidente sem VITIMA;60,000;BR-290/RS;Oeste;;1;0;0;0;0;0;0;0;0;0;1;0;0;0;0
29/09/2021;19:38:30;200;Acidente sem VITIMA;96,030;BR-290/RS;Leste;Colisão - Traseira;2;0;0;0;0;0;0;0;0;0;2;0;0;0;0
30/09/2021;02:10:30;237;Acidente sem VITIMA;13,000;BR-101/RS;Norte;Colisão - Lateral;0;0;2;0;0;0;0;0;0;0;2;0;0;0;0
30/09/2021;06:23:20;257;Acidente sem VITIMA;277,000;BR-386/RS;Sul;Saída de pista;1;0;0;0;0;0;0;0;0;0;1;0;0;0;0
30/09/2021;07:38:55;291;Acidente com VITIMA;86,000;BR-290/RS;Oeste;Colisão - Traseira;1;0;0;1;0;0;0;0;0;0;1;1;0;0;0
30/09/2021;08:41:04;323;Acidente sem VITIMA;83,000;BR-290/RS;Oeste;Colisão - Traseira;2;0;0;0;0;0;0;0;0;0;2;0;0;0;0
30/09/2021;09:06:27;332;Acidente sem VITIMA;85,000;BR-290/RS;Oeste;Engavetamento;3;0;0;0;0;0;0;0;0;0;6;0;0;0;0
30/09/2021;09:07:59;333;Acidente sem VITIMA;87,000;BR-290/RS;Oeste;Colisão - Traseira;2;0;0;0;0;0;0;0;0;0;2;0;0;0;0
30/09/2021;09:09:54;334;Acidente sem VITIMA;19,000;BR-101/RS;Norte;Colisão - Lateral;1;0;0;0;0;0;0;1;0;0;2;0;0;0;0
30/09/2021;18:46:37;476;Acidente sem VITIMA;16,000;BR-290/RS;Leste;Choque Defensa;1;0;0;0;0;0;0;0;0;0;1;0;0;0;0
30/09/2021;19:00:04;479;Acidente sem VITIMA;408,000;BR-386/RS;Sul;Saída de pista;1;0;0;0;0;0;0;0;0;0;2;0;0;0;0
30/09/2021;19:20:41;485;Acidente sem VITIMA;93,000;BR-290/RS;Oeste;;1;0;0;0;0;0;0;0;0;0;1;0;0;0;0
30/09/2021;19:32:03;490;Acidente sem VITIMA;22,000;BR-448/RS;Sul;Choque Barreira;1;0;0;0;0;0;0;0;0;0;1;0;0;0;0
30/09/2021;22:57:23;515;Acidente sem VITIMA;81,000;BR-290/RS;Oeste;Choque Barreira;1;0;0;0;0;0;0;0;0;0;1;0;0;0;0
01/10/2021;00:21:46;4;Acidente com VITIMA;235,000;BR-386/RS;Norte;Saída de pista;0;1;0;1;0;0;0;0;0;0;3;0;0;0;0
01/10/2021;02:04:48;17;Atropelamento Fatal;83,000;BR-290/RS;Leste;Atropelamento - Andarilho;1;1;0;0;0;0;0;1;0;0;1;0;0;0;0
01/10/2021;04:06:50;27;Acidente com VITIMA;58,000;BR-290/RS;Oeste;Queda de ribanceira;0;0;0;2;0;0;0;0;0;0;2;0;0;0;0
01/10/2021;10:58:48;120;Acidente sem VITIMA;19,000;BR-290/RS;Leste;Colisão - Traseira;0;2;0;0;0;0;0;4;0;0;4;0;0;0;0
01/10/2021;11:07:15;123;Acidente com VITIMA;55,000;BR-290/RS;Leste;Colisão - Lateral;0;1;0;1;0;0;0;1;0;0;1;0;0;0;0
01/10/2021;14:47:08;164;Atropelamento;80,000;BR-101/RS;Sul;Atropelamento - Andarilho;0;0;1;0;0;0;0;1;0;0;2;0;0;0;0
01/10/2021;14:58:16;168;Acidente com VITIMA;92,000;BR-290/RS;Oeste;Atropelamento - Esportista;0;1;1;0;0;0;0;1;0;0;2;0;0;0;0