data;horario;n_da_ocorrencia;tipo_de_ocorrencia;km;trecho;sentido;tipo_de_acidente;automovel;bicicleta;caminhao;moto;onibus;outros;tracao_animal;transporte_de_cargas_especiais;trator_maquinas;utilitarios;ilesos;levemente_feridos;moderadamente_feridos;gravemente_feridos;mortos
22/10/2021;19:39:08;316;Acidente sem VITIMA;280,000;BR-386/RS;Sul;Saída de pista;0;1;0;0;0;0;0;2;0;0;1;0;0;0;0
22/10/2021;20:35:03;330;Acidente sem VITIMA;247,000;BR-386/RS;Sul;Colisão - Transversal;0;1;0;0;0;0;0;2;0;0;2;0;0;0;0
22/10/2021;21:00:47;338;Acidente sem VITIMA;23,000;BR-290/RS;Leste;Choque com objeto sobre a pista;0;1;0;0;0;0;0;3;0;0;5;0;0;1;0
23/10/2021;03:59:22;15;Atropelamento;412,000;BR-386/RS;Sul;Atropelamento - Usuário;0;1;0;0;1;0;0;1;0;0;1;0;0;0;0
23/10/2021;05:36:28;24;Acidente sem VITIMA;10,180;BR-101/RS;Norte;Choque Defensa;0;1;0;0;0;0;0;1;0;0;2;0;0;0;0
23/10/2021;06:02:48;31;Acidente sem VITIMA;426,000;BR-386/RS;Sul;Colisão - Traseira;0;0;0;0;0;0;0;36;2;0;1;0;0;0;0
23/10/2021;14:46:13;159;Acidente sem VITIMA;10,000;BR-448/RS;Norte;Saída de pista;0;1;0;0;0;0;0;1;0;0;2;0;0;0;0
23/10/2021;20:00:28;212;Acidente sem VITIMA;357,000;BR-386/RS;Norte;Saída de pista;0;1;0;0;0;0;0;1;0;0;1;0;0;0;0
23/10/2021;21:39:12;222;Acidente com VITIMA;343,000;BR-386/RS;Sul;Colisão - Lateral;0;1;0;1;1;0;0;1;0;0;0;0;0;1;0
23/10/2021;21:48:49;223;Acidente sem VITIMA;22,000;BR-448/RS;Sul;Choque Barreira;0;1;0;0;0;0;0;5;0;0;1;0;0;0;0
24/10/2021;00:05:42;2;Acidente sem VITIMA;216,000;BR-386/RS;Norte;Engavetamento;0;3;0;0;0;0;0;3;0;0;1;0;0;0;0
24/10/2021;04:50:23;13;Acidente com VITIMA;231,000;BR-386/RS;Norte;Capotamento;0;1;0;1;0;0;0;1;0;0;1;0;0;0;0
24/10/2021;13:56:17;116;Acidente com VITIMA;12,000;BR-448/RS;Sul;Colisão - Traseira;0;2;0;1;0;0;0;1;0;0;0;0;0;0;0
24/10/2021;18:30:16;177;Acidente sem VITIMA;87,000;BR-290/RS;Leste;Queda de moto;0;1;0;0;0;0;0;2;0;0;2;0;0;0;0
24/10/2021;19:38:03;196;Acidente sem VITIMA;5,000;BR-290/RS;Oeste;Choque com objeto sobre a pista;0;1;0;0;0;0;0;4;0;0;4;0;0;0;0
24/10/2021;20:28:21;210;Acidente sem VITIMA;5,530;BR-290/RS;Oeste;Colisão - Traseira;0;1;0;0;0;0;0;3;0;0;0;0;0;1;0
25/10/2021;08:50:30;83;Acidente sem VITIMA;385,000;BR-386/RS;Norte;Choque Defensa;0;1;0;0;0;0;0;1;0;0;2;0;0;0;0
25/10/2021;20:19:59;254;Acidente sem VITIMA;60,000;BR-290/RS;Leste;Atropelamento de Animal;0;1;0;0;0;0;0;1;0;0;7;0;0;0;0
25/10/2021;22:39:31;261;Acidente sem VITIMA;77,000;BR-290/RS;Oeste;Colisão - Traseira;0;0;0;0;0;0;0;2;0;0;1;0;2;0;0
26/10/2021;11:01:03;130;Acidente com VITIMA;46,000;BR-101/RS;Sul;Engavetamento;0;2;0;0;1;0;0;5;0;0;1;0;0;0;0
26/10/2021;13:45:56;157;Acidente sem VITIMA;347,000;BR-386/RS;Sul;Colisão - Lateral;0;1;0;0;0;0;0;2;0;0;2;0;0;1;0
26/10/2021;13:56:14;162;Acidente sem VITIMA;69,000;BR-290/RS;Oeste;Colisão - Traseira;0;1;0;0;0;0;0;2;1;0;0;0;0;0;0
26/10/2021;15:35:02;183;Acidente sem VITIMA;359,000;BR-386/RS;Norte;Capotamento;0;1;0;0;0;0;0;1;0;0;2;0;0;0;0
26/10/2021;17:37:34;215;Acidente sem VITIMA;75,000;BR-290/RS;Oeste;Colisão - Traseira;0;1;0;0;0;0;0;2;0;0;1;0;0;0;1
26/10/2021;18:52:46;234;Acidente sem VITIMA;425,000;BR-386/RS;Sul;Colisão - Transversal;0;2;0;0;0;0;0;2;0;0;2;0;0;0;0
26/10/2021;20:31:31;255;Acidente sem VITIMA;19,000;BR-290/RS;Oeste;Colisão - Traseira;0;2;0;0;0;0;0;3;1;0;3;0;0;0;0
27/10/2021;02:13:08;15;Acidente sem VITIMA;62,000;BR-101/RS;Norte;Colisão - Traseira;0;1;0;0;0;0;0;2;0;0;2;1;0;0;0
27/10/2021;07:05:25;55;Acidente sem VITIMA;86,000;BR-290/RS;Leste;Colisão - Traseira;0;1;0;0;0;0;0;2;0;0;6;0;0;1;0
27/10/2021;07:33:20;75;Acidente sem VITIMA;86,000;BR-290/RS;Leste;Colisão - Traseira;0;2;0;0;0;0;0;3;0;0;2;0;0;0;0
27/10/2021;08:02:52;93;Acidente com VITIMA;86,000;BR-290/RS;Leste;;0;1;0;2;0;0;0;1;0;0;3;0;1;0;0
27/10/2021;13:44:11;185;Acidente sem VITIMA;84,000;BR-101/RS;Norte;Colisão - Transversal;0;2;0;0;0;0;0;3;0;0;0;0;0;0;0
27/10/2021;17:14:28;241;Acidente sem VITIMA;96,000;BR-290/RS;Oeste;Engavetamento;0;3;0;0;0;0;0;8;0;0;5;0;0;0;0
28/10/2021;03:00:42;22;Acidente sem VITIMA;72,000;BR-101/RS;Sul;Colisão - Traseira;0;0;0;0;0;0;0;2;0;0;3;0;0;2;0
28/10/2021;05:24:40;31;Acidente sem VITIMA;72,000;BR-101/RS;Sul;Tombamento;0;0;0;0;0;0;0;1;0;0;4;0;0;1;0
28/10/2021;07:15:06;62;Acidente com VITIMA;435,000;BR-386/RS;Norte;Queda de moto;0;1;0;1;0;0;0;1;0;0;0;0;1;0;0
28/10/2021;07:48:52;92;Acidente com VITIMA;86,000;BR-290/RS;Oeste;Engavetamento;0;4;0;1;0;0;0;7;0;0;1;0;0;0;0
28/10/2021;07:50:03;95;Acidente sem VITIMA;345,000;BR-386/RS;Norte;Engavetamento;0;3;0;0;0;0;0;3;0;0;1;0;0;0;0
28/10/2021;07:56:13;97;Acidente com VITIMA;342,000;BR-386/RS;Sul;Colisão - Traseira;0;1;0;1;0;0;1;3;0;0;4;0;1;0;0
28/10/2021;08:51:47;127;Acidente sem VITIMA;326,000;BR-386/RS;Norte;Queda de moto;0;0;0;0;0;0;0;1;0;0;1;0;1;0;0
29/10/2021;00:49:10;5;Acidente sem VITIMA;92,000;BR-290/RS;Leste;Queda de ribanceira;0;1;0;0;0;0;0;1;0;0;2;0;0;0;0
29/10/2021;02:26:51;14;Acidente sem VITIMA;77,000;BR-101/RS;Norte;Atropelamento de Animal;0;0;0;0;0;0;0;2;1;0;1;0;0;0;0
29/10/2021;09:16:19;114;Acidente sem VITIMA;87,000;BR-290/RS;Oeste;Colisão - Lateral;0;1;0;0;0;0;0;2;1;0;2;0;0;0;0
29/10/2021;11:12:50;141;Acidente sem VITIMA;70,000;BR-101/RS;Norte;Colisão - Traseira;0;2;0;0;0;0;0;2;0;0;2;0;0;0;0
29/10/2021;11:27:37;149;Acidente sem VITIMA;59,000;BR-101/RS;Norte;Queda de ribanceira;0;1;0;0;0;0;0;2;0;0;1;0;0;0;0
29/10/2021;11:40:36;152;Acidente sem VITIMA;91,000;BR-290/RS;Leste;Colisão - Lateral;0;1;0;0;0;0;0;2;0;0;1;0;0;0;0
29/10/2021;17:58:23;249;Acidente sem VITIMA;90,000;BR-290/RS;Leste;Engavetamento;0;3;0;0;0;0;0;5;0;0;2;0;0;0;0
29/10/2021;18:05:23;251;Acidente sem VITIMA;293,000;BR-386/RS;Sul;Engavetamento;0;3;0;0;0;0;0;7;0;0;4;0;0;0;0
29/10/2021;19:01:04;265;Acidente com VITIMA;94,000;BR-290/RS;Leste;Colisão - Traseira;0;1;0;1;0;0;0;1;0;0;0;0;1;0;0
29/10/2021;19:58:55;277;Acidente com VITIMA;274,000;BR-386/RS;Norte;Colisão - Traseira;0;0;1;0;0;0;0;1;0;0;2;0;1;0;1
29/10/2021;23:07:20;322;Acidente sem VITIMA;68,000;BR-290/RS;Leste;Atropelamento de Animal;0;1;0;0;0;0;0;5;0;0;2;0;0;0;0
30/10/2021;00:19:58;3;Atropelamento Fatal;368,000;BR-386/RS;Sul;Atropelamento - Usuário;1;0;0;0;0;0;0;1;0;0;3;1;0;0;0
30/10/2021;02:50:04;15;Acidente com VITIMA;350,000;BR-386/RS;Sul;Choque Defensa;0;2;0;0;1;0;0;2;0;0;3;0;0;0;0
30/10/2021;10:20:44;95;Acidente com VITIMA;60,000;BR-290/RS;Oeste;Colisão - Lateral;0;2;0;0;2;0;0;2;0;0;2;0;0;0;0
30/10/2021;11:50:27;125;Acidente sem VITIMA;19,000;BR-101/RS;Norte;Colisão - Lateral;0;2;0;0;0;0;0;2;0;0;3;0;0;0;0
30/10/2021;19:21:04;237;Acidente sem VITIMA;346,000;BR-386/RS;Ambos;Saída de pista;0;1;0;0;0;0;0;1;0;0;1;0;0;0;0
31/10/2021;04:17:59;19;Acidente sem VITIMA;212,000;BR-386/RS;Norte;Saída de pista;0;1;0;0;0;0;0;1;0;0;2;0;0;0;0
31/10/2021;08:19:27;62;Acidente sem VITIMA;412,000;BR-386/RS;Norte;Colisão - Lateral;0;2;0;0;0;0;0;6;0;0;2;0;0;0;0
31/10/2021;11:35:43;97;Acidente sem VITIMA;60,000;BR-290/RS;Leste;Colisão - Traseira;0;2;0;0;0;0;0;3;0;0;1;0;0;0;0
31/10/2021;15:57:37;145;Acidente sem VITIMA;60,000;BR-290/RS;Leste;Colisão - Lateral;0;2;0;0;0;0;0;7;0;0;1;0;0;0;0
31/10/2021;19:55:15;226;Acidente sem VITIMA;19,000;BR-290/RS;Leste;Colisão - Traseira;0;2;0;0;0;0;0;5;0;0;2;0;0;0;0
31/10/2021;21:15:04;250;Acidente sem VITIMA;270,000;BR-386/RS;Norte;Colisão - Traseira;0;2;0;0;0;0;0;8;0;0;6;0;0;0;0
31/10/2021;21:45:07;257;Acidente com VITIMA;80,000;BR-290/RS;Oeste;Queda de ribanceira;0;1;0;0;1;0;0;0;0;0;2;0;0;0;0
31/10/2021;22:28:15;261;Acidente sem VITIMA;90,000;BR-290/RS;Leste;Colisão - Traseira;0;1;0;0;0;0;0;3;0;0;2;1;0;0;0
01/11/2021;16:08:23;214;Sem vítima;331,000;BR-386/RS;Decrescente;Colisão traseira;0;0;0;0;1;0;0;0;0;0;1;0;0;0;0
02/11/2021;13:48:20;130;Sem vítima;49,000;BR-290/RS;Decrescente;Colisão lateral no mesmo sentido;1;0;0;0;0;0;0;0;0;0;1;0;0;0;0
03/11/2021;23:36:52;262;Sem vítima;77,000;BR-101/RS;Decrescente;Atropelamento de animal;0;0;0;0;0;0;0;0;0;1;1;0;0;0;0
05/11/2021;09:40:27;140;Sem vítima;307,000;BR-386/RS;Crescente;Choque;0;0;1;0;0;0;0;0;0;0;1;0;0;0;0
06/11/2021;03:55:10;17;Sem vítima;382,000;BR-386/RS;Crescente;Acidentes de outra natureza;0;0;0;1;0;0;0;0;0;0;1;0;0;0;0
06/11/2021;07:33:19;45;Sem vítima;234,000;BR-386/RS;Decrescente;Colisão frontal;1;0;0;1;1;0;0;0;0;0;2;0;0;0;0
06/11/2021;08:02:26;51;Sem vítima;347,000;BR-386/RS;Crescente;Capotamento;1;0;0;0;0;0;0;0;0;0;0;0;0;0;0
06/11/2021;09:32:54;74;Sem vítima;89,000;BR-290/RS;Crescente;Colisão lateral no mesmo sentido;1;0;0;0;0;0;0;0;0;0;0;0;0;0;0
06/11/2021;11:34:04;95;Sem vítima;8,000;BR-290/RS;Crescente;Choque;1;0;0;0;0;0;0;0;0;0;1;0;0;0;0
06/11/2021;12:12:43;103;Sem vítima;410,000;BR-386/RS;Decrescente;Acidentes de outra natureza;1;0;0;0;0;0;0;0;0;0;0;0;0;0;0
06/11/2021;14:13:11;132;Sem vítima;97,000;BR-290/RS;Crescente;Colisão lateral no mesmo sentido;3;0;0;0;0;0;0;0;0;0;2;0;0;0;0
06/11/2021;14:51:04;140;Sem vítima;397,000;BR-386/RS;Decrescente;Capotamento;1;0;0;0;0;0;0;0;0;0;0;0;0;0;0
06/11/2021;15:51:47;149;Sem vítima;396,000;BR-386/RS;Decrescente;Capotamento;1;0;0;0;0;0;0;0;0;0;0;0;0;0;0
06/11/2021;17:23:07;166;Sem vítima;92,000;BR-290/RS;Crescente;Colisão traseira;2;0;0;0;0;0;0;0;0;0;1;0;0;0;0
06/11/2021;20:43:27;197;Com vítima;240,000;BR-386/RS;Crescente;Capotamento;1;0;0;0;0;0;0;0;0;0;1;1;0;0;0
06/11/2021;23:57:18;221;Com vítima;29,000;BR-101/RS;Crescente;Acidentes de outra natureza;2;0;0;0;0;0;0;0;0;0;0;2;0;0;0
07/11/2021;09:57:11;54;Sem vítima;80,000;BR-290/RS;Crescente;Acidentes de outra natureza;1;0;0;0;0;0;0;0;0;0;1;0;0;0;0
07/11/2021;11:39:09;68;Sem vítima;19,100;BR-290/RS;Decrescente;Acidentes de outra natureza;3;0;0;0;0;0;0;0;0;0;2;0;0;0;0
07/11/2021;15:02:44;97;Com vítima;270,000;BR-386/RS;Decrescente;Colisão traseira;2;0;0;0;0;0;0;0;0;0;0;1;0;0;0
07/11/2021;19:17:42;145;Sem vítima;416,000;BR-386/RS;Decrescente;Colisão traseira;2;0;0;0;0;0;0;0;0;0;2;0;0;0;0
07/11/2021;19:56:08;158;Sem vítima;38,000;BR-290/RS;Decrescente;Colisão lateral no mesmo sentido;0;0;0;0;0;0;0;0;0;0;0;0;0;0;0
07/11/2021;22:43:23;187;Sem vítima;7,000;BR-290/RS;Crescente;Acidentes de outra natureza;1;0;0;0;0;0;0;0;0;0;1;0;0;0;0
09/11/2021;19:42:01;270;Com vítima;336,000;BR-386/RS;Decrescente;Queda de moto;0;0;0;1;0;0;0;0;0;0;0;1;0;0;0
11/11/2021;09:05:52;115;Sem vítima;236,000;BR-386/RS;Crescente;Colisão traseira;0;0;0;0;0;0;0;0;0;0;0;0;0;0;0
12/11/2021;17:38:40;251;Sem vítima;85,000;BR-290/RS;Decrescente;Colisão traseira;2;0;0;0;0;0;0;0;0;0;8;0;0;0;0
12/11/2021;20:00:44;283;Com vítima;19,000;BR-290/RS;Decrescente;Queda de moto;1;0;0;0;0;0;0;0;0;0;1;1;0;0;0
13/11/2021;08:13:08;77;Sem vítima;216,000;BR-386/RS;Decrescente;Colisão traseira;1;0;1;0;0;0;0;0;0;0;3;0;0;0;0
13/11/2021;12:42:23;153;Sem vítima;98,000;BR-290/RS;Crescente;Colisão lateral no mesmo sentido;2;0;0;0;0;0;0;0;0;0;0;0;0;0;0
13/11/2021;13:53:33;168;Sem vítima;90,000;BR-290/RS;Decrescente;Colisão lateral no mesmo sentido;1;0;1;0;0;0;0;0;0;0;0;0;0;0;0
14/11/2021;01:42:01;22;Sem vítima;378,000;BR-386/RS;Crescente;Acidentes de outra natureza;1;0;0;0;0;0;0;0;0;0;1;0;0;0;0
14/11/2021;06:25:28;37;Com vítima;382,000;BR-386/RS;Decrescente;Acidentes de outra natureza;1;0;0;0;0;0;0;0;0;0;0;0;1;0;0
14/11/2021;06:28:25;38;Sem vítima;376,000;BR-386/RS;Crescente;Acidentes de outra natureza;0;0;0;0;0;0;0;0;0;0;0;0;0;0;0
15/11/2021;17:56:23;271;Sem vítima;89,000;BR-290/RS;Crescente;Colisão traseira;0;0;0;1;0;0;0;0;0;0;4;0;0;0;0
16/11/2021;00:34:31;3;Sem vítima;42,000;BR-290/RS;Crescente;Queda de moto;1;0;0;0;0;0;0;0;0;0;2;0;0;0;0
17/11/2021;08:14:35;67;Sem vítima;426,000;BR-386/RS;Decrescente;Choque;0;0;0;0;0;1;0;0;0;0;1;0;0;0;0
18/11/2021;12:40:48;137;Com vítima;331,000;BR-386/RS;Crescente;Colisão transversal;1;0;0;0;0;1;0;0;0;0;1;0;1;0;0
18/11/2021;13:50:49;151;Sem vítima;247,000;BR-386/RS;Decrescente;Colisão lateral no mesmo sentido;0;0;0;0;0;2;0;0;0;0;2;0;0;0;0
19/11/2021;18:13:40;235;Com vítima;398,000;BR-386/RS;Crescente;Capotamento;1;0;0;0;0;0;0;0;0;0;0;0;1;0;0
20/11/2021;00:28:57;3;Sem vítima;35,000;BR-290/RS;Decrescente;Choque;0;0;1;0;0;0;0;0;0;0;1;0;0;0;0
20/11/2021;07:22:40;46;Sem vítima;92,000;BR-290/RS;Crescente;Colisão traseira;1;0;0;0;1;0;0;0;0;0;0;0;0;0;0
20/11/2021;07:51:50;63;Com vítima;50,000;BR-101/RS;Decrescente;Choque;1;0;0;0;0;0;0;0;0;0;0;0;3;0;0
20/11/2021;15:49:29;171;Sem vítima;249,000;BR-386/RS;Crescente;Acidentes de outra natureza;1;0;0;0;0;0;0;0;0;0;1;0;0;0;0
21/11/2021;05:43:18;31;Com vítima;87,000;BR-290/RS;Decrescente;Capotamento;1;0;0;0;0;0;0;0;0;0;0;1;0;0;0
21/11/2021;19:41:31;223;Com vítima;81,000;BR-290/RS;Decrescente;Acidentes de outra natureza;1;0;0;0;0;0;0;0;0;0;1;1;0;0;0
22/11/2021;07:13:00;40;Sem vítima;248,000;BR-386/RS;Decrescente;Acidentes de outra natureza;1;0;0;0;0;0;0;0;0;0;0;0;0;0;0
22/11/2021;07:58:15;67;Com vítima;96,000;BR-290/RS;Crescente;Colisão transversal;2;0;0;0;0;0;0;0;0;0;0;2;0;0;0
22/11/2021;10:53:49;134;Sem vítima;426,000;BR-386/RS;Crescente;Colisão traseira;2;0;0;0;0;0;0;0;0;0;5;0;0;0;0
23/11/2021;11:09:23;148;Com vítima;320,000;BR-386/RS;Decrescente;Capotamento;1;0;0;0;0;0;0;0;0;0;0;1;0;0;0
23/11/2021;16:44:46;217;Com vítima;343,000;BR-386/RS;Decrescente;Colisão traseira;1;0;0;1;0;0;0;0;0;0;1;1;0;0;0
23/11/2021;16:59:08;220;Sem vítima;202,000;BR-386/RS;Decrescente;Choque;0;0;1;0;0;0;0;0;0;0;1;0;0;0;0
23/11/2021;21:45:51;283;Sem vítima;40,000;BR-101/RS;Crescente;Colisão traseira;2;0;0;0;0;0;0;0;0;0;1;0;0;0;0
24/11/2021;15:07:01;232;Sem vítima;434,000;BR-386/RS;Decrescente;Colisão traseira;1;0;0;0;0;0;0;0;0;0;0;0;0;0;0
24/11/2021;17:37:20;278;Sem vítima;352,000;BR-386/RS;Decrescente;Colisão lateral no mesmo sentido;2;0;0;0;0;0;0;0;0;0;1;0;0;0;0
24/11/2021;18:10:20;282;Sem vítima;19,000;BR-290/RS;Crescente;Colisão traseira;1;0;0;0;0;0;0;0;0;0;4;0;0;0;0
25/11/2021;05:58:29;23;Sem vítima;248,000;BR-386/RS;Crescente;Colisão lateral no mesmo sentido;0;0;1;0;0;0;0;0;0;0;0;0;0;0;0
25/11/2021;15:51:00;219;Sem vítima;41,000;BR-101/RS;Crescente;Tombamento;0;0;0;0;0;0;0;0;0;1;1;0;0;0;0
25/11/2021;17:59:41;258;Com vítima;396,230;BR-386/RS;Crescente;Colisão frontal;2;0;0;0;0;0;0;0;0;0;3;0;4;1;0
25/11/2021;18:51:25;275;Sem vítima;11,000;BR-101/RS;Decrescente;Acidentes de outra natureza;1;0;0;0;0;0;0;0;0;0;1;0;0;0;0
25/11/2021;19:15:36;281;Sem vítima;25,000;BR-101/RS;Crescente;Colisão lateral no mesmo sentido;2;0;0;0;0;0;0;0;0;0;5;0;0;0;0
25/11/2021;19:22:35;282;Sem vítima;92,000;BR-290/RS;Crescente;Acidentes de outra natureza;1;0;0;0;0;0;0;0;0;0;1;0;0;0;0
25/11/2021;20:15:33;291;Sem vítima;81,000;BR-290/RS;Decrescente;Acidentes de outra natureza;1;0;0;0;0;0;0;0;0;0;2;0;0;0;0
26/11/2021;13:26:06;141;Sem vítima;253,000;BR-386/RS;Decrescente;Acidentes de outra natureza;0;0;0;0;1;0;0;0;0;0;0;0;0;0;0
26/11/2021;15:31:36;173;Sem vítima;354,000;BR-386/RS;Decrescente;Acidentes de outra natureza;0;0;1;0;0;0;0;0;0;0;1;0;0;0;0
26/11/2021;22:23:17;263;Sem vítima;57,000;BR-290/RS;Crescente;Acidentes de outra natureza;0;0;1;0;0;0;0;0;0;0;1;0;0;0;0
28/11/2021;05:46:55;36;Sem vítima;413,000;BR-386/RS;Decrescente;Queda de moto;0;0;0;1;0;0;0;0;0;0;1;0;0;0;0
29/11/2021;09:43:43;135;Sem vítima;92,270;BR-290/RS;Crescente;Colisão lateral no mesmo sentido;1;0;1;0;0;0;0;0;0;0;2;0;0;0;0
29/11/2021;15:46:11;243;Sem vítima;22,000;BR-101/RS;Decrescente;Choque;1;0;0;0;0;0;0;0;0;0;1;0;0;0;0
29/11/2021;20:08:45;304;Sem vítima;68,000;BR-290/RS;Decrescente;Colisão lateral no mesmo sentido;2;0;0;0;0;0;0;0;0;0;2;0;0;0;0
30/11/2021;07:35:26;91;Sem vítima;438,000;BR-386/RS;Decrescente;Atropelamento de animal;0;0;0;1;0;0;0;0;0;0;0;0;0;0;0
30/11/2021;11:39:30;160;Sem vítima;367,000;BR-386/RS;Crescente;Colisão lateral no mesmo sentido;2;0;0;0;0;0;0;0;0;0;6;0;0;0;0
30/11/2021;17:14:58;258;Sem vítima;19,210;BR-290/RS;Decrescente;Colisão lateral no mesmo sentido;0;0;1;0;0;0;0;0;0;0;0;0;0;0;0
01/12/2021;08:35:27;79;Sem vítima;231,000;BR-386/RS;Decrescente;Acidentes de outra natureza;1;0;0;0;0;0;0;0;0;0;1;0;0;0;0
02/12/2021;07:02:50;48;Sem vítima;11,000;BR-101/RS;Crescente;Atropelamento de animal;1;0;0;0;0;0;0;0;0;0;1;0;0;0;0
02/12/2021;14:08:16;182;Sem vítima;381,000;BR-386/RS;Crescente;Capotamento;1;0;0;0;0;0;0;0;0;0;1;0;0;0;0
02/12/2021;17:47:20;224;Sem vítima;388,000;BR-386/RS;Decrescente;Colisão transversal;1;0;1;0;0;0;0;0;0;0;4;0;0;0;0
03/12/2021;07:39:44;65;Com vítima;88,000;BR-290/RS;Crescente;Engavetamento;1;0;0;3;0;0;0;0;0;0;2;2;0;0;0
03/12/2021;08:08:43;82;Com vítima;85,000;BR-290/RS;Crescente;Colisão lateral no mesmo sentido;0;0;0;2;0;0;0;0;0;0;1;2;0;0;0
03/12/2021;13:56:21;196;Sem vítima;38,470;BR-290/RS;Decrescente;Colisão traseira;2;0;0;0;0;0;0;0;0;0;2;0;0;0;0
04/12/2021;23:28:57;312;Sem vítima;295,000;BR-386/RS;Crescente;Acidentes de outra natureza;1;0;0;0;0;0;0;0;0;0;0;0;0;0;0
05/12/2021;03:26:43;19;Sem vítima;430,000;BR-386/RS;Decrescente;Acidentes de outra natureza;1;0;0;0;0;0;0;0;0;0;1;0;0;0;0
06/12/2021;06:45:25;56;Sem vítima;424,000;BR-386/RS;Crescente;Acidentes de outra natureza;1;0;0;0;0;0;0;0;0;0;1;0;0;0;0
06/12/2021;08:06:43;78;Sem vítima;419,000;BR-386/RS;Crescente;Acidentes de outra natureza;1;0;0;0;0;0;0;0;0;0;1;0;0;0;0
06/12/2021;08:08:32;79;Sem vítima;300,000;BR-386/RS;Crescente;Acidentes de outra natureza;1;0;0;0;0;0;0;0;0;0;3;0;0;0;0
06/12/2021;13:57:09;188;Com vítima;373,000;BR-386/RS;Crescente;Queda de moto;0;0;0;1;0;0;0;0;0;0;0;1;0;0;0
06/12/2021;23:48:12;281;Sem vítima;382,000;BR-386/RS;Decrescente;Colisão lateral no mesmo sentido;0;0;2;0;0;0;0;0;0;0;3;0;0;0;0
08/12/2021;22:58:37;298;Sem vítima;73,000;BR-290/RS;Crescente;Colisão traseira;1;0;0;0;1;0;0;0;0;0;2;0;0;0;0
09/12/2021;16:00:23;228;Sem vítima;241,000;BR-386/RS;Decrescente;Colisão transversal;2;0;0;0;0;0;0;0;0;0;2;0;0;0;0
11/12/2021;05:00:07;18;Com vítima;355,000;BR-386/RS;Crescente;Colisão traseira;0;0;0;1;0;0;0;0;0;0;0;1;0;0;0
11/12/2021;05:49:18;24;Sem vítima;70,000;BR-101/RS;Crescente;Atropelamento de pedestre;1;0;0;0;0;0;0;0;0;0;1;0;0;0;0
11/12/2021;10:45:48;89;Sem vítima;19,000;BR-290/RS;Decrescente;Colisão traseira;1;0;0;0;0;0;0;0;0;0;1;0;0;0;0
12/12/2021;15:13:41;123;Sem vítima;343,000;BR-386/RS;Decrescente;Colisão lateral no mesmo sentido;1;0;0;1;0;0;0;0;0;0;1;0;0;0;0
13/12/2021;01:51:07;14;Sem vítima;95,000;BR-290/RS;Crescente;Choque;1;0;0;0;0;0;0;0;0;0;1;0;0;0;0
13/12/2021;18:55:40;333;Sem vítima;425,000;BR-386/RS;Crescente;Colisão lateral no mesmo sentido;0;0;0;0;1;0;0;0;0;0;1;0;0;0;0
14/12/2021;13:16:23;136;Sem vítima;283,000;BR-386/RS;Crescente;Acidentes de outra natureza;2;0;0;0;0;0;0;0;0;0;2;0;0;0;0
14/12/2021;13:34:59;137;Sem vítima;22,000;BR-101/RS;Crescente;Choque;1;0;0;0;0;0;0;0;0;0;1;0;0;0;0
14/12/2021;20:36:31;235;Sem vítima;424,000;BR-386/RS;Crescente;Colisão traseira;1;0;0;0;0;0;0;0;0;1;2;0;0;0;0
14/12/2021;20:43:31;238;Sem vítima;36,000;BR-101/RS;Decrescente;Choque;1;0;0;0;0;0;0;0;0;0;2;0;0;0;0
15/12/2021;17:48:37;189;Com vítima;75,000;BR-290/RS;Decrescente;Engavetamento;2;0;0;0;0;0;0;0;0;0;4;1;0;0;0
17/12/2021;07:21:26;68;Sem vítima;87,000;BR-290/RS;Crescente;Colisão traseira;2;0;0;1;0;0;0;0;0;0;5;0;0;0;0
17/12/2021;14:05:47;231;Com vítima;90,000;BR-290/RS;Decrescente;Capotamento;1;0;0;0;0;0;0;0;0;0;0;0;1;0;0
17/12/2021;15:41:34;263;Sem vítima;368,000;BR-386/RS;Decrescente;Colisão traseira;2;0;0;0;0;0;0;0;0;0;3;0;0;0;0
17/12/2021;16:44:16;278;Sem vítima;430,000;BR-386/RS;Crescente;Acidentes de outra natureza;0;0;0;0;1;0;0;0;0;0;1;0;0;0;0
18/12/2021;01:35:09;9;Sem vítima;68,000;BR-290/RS;Crescente;Acidentes de outra natureza;1;0;0;0;0;0;0;0;0;0;1;0;0;0;0