data;horario;n_da_ocorrencia;tipo_de_ocorrencia;km;trecho;sentido;tipo_de_acidente;automovel;bicicleta;caminhao;moto;onibus;outros;tracao_animal;transporte_de_cargas_especiais;trator_maquinas;utilitarios;ilesos;levemente_feridos;moderadamente_feridos;gravemente_feridos;mortos
30/01/2022;22:23:09;228;Com vítima;280,000;BR-386/RS;Decrescente;Capotamento;1;0;0;0;0;0;0;0;0;0;2;1;1;0;0
31/01/2022;07:01:07;38;Sem vítima;92,000;BR-290/RS;Crescente;Colisão traseira;2;0;0;0;0;0;0;0;0;0;2;0;0;0;0
31/01/2022;08:08:19;65;Sem vítima;84,000;BR-290/RS;Crescente;Colisão traseira;2;0;0;0;0;0;0;0;0;0;2;0;0;0;0
31/01/2022;20:11:01;270;Sem vítima;96,000;BR-290/RS;Decrescente;Atropelamento de pedestre;0;0;0;0;0;0;0;0;0;0;1;0;0;0;0
31/01/2022;20:24:56;276;Com vítima;94,000;BR-290/RS;Decrescente;Queda de moto;0;0;0;1;0;0;0;0;0;0;0;2;0;0;0
01/02/2022;11:52:31;143;Sem vítima;35,000;BR-101/RS;Decrescente;Colisão traseira;1;0;0;0;0;0;0;0;0;0;1;0;0;0;0
01/02/2022;16:17:08;194;Sem vítima;249,000;BR-386/RS;Crescente;Colisão traseira;2;0;0;0;0;0;0;0;0;0;3;0;0;0;0
02/02/2022;01:11:49;4;Sem vítima;73,000;BR-101/RS;Decrescente;Acidentes de outra natureza;1;0;0;0;0;0;0;0;0;0;1;0;0;0;0
02/02/2022;10:11:07;104;Com vítima;443,000;BR-386/RS;Decrescente;Queda de moto;0;0;0;1;0;0;0;0;0;0;0;0;1;0;0
02/02/2022;10:37:43;116;Sem vítima;15,000;BR-290/RS;Decrescente;Capotamento;1;0;0;0;0;0;0;0;0;0;1;0;0;0;0
02/02/2022;16:55:58;232;Sem vítima;7,000;BR-290/RS;Decrescente;Acidentes de outra natureza;1;0;0;0;0;0;0;0;0;0;2;0;0;0;0
02/02/2022;20:43:07;295;Sem vítima;77,000;BR-290/RS;Crescente;Colisão lateral no mesmo sentido;2;0;0;0;0;0;0;0;0;0;6;0;0;0;0
03/02/2022;08:03:34;102;Sem vítima;92,000;BR-290/RS;Crescente;Engavetamento;5;0;0;0;0;0;0;0;0;0;6;0;0;0;0
03/02/2022;08:58:05;131;Sem vítima;327,000;BR-386/RS;Decrescente;Acidentes de outra natureza;0;0;1;0;0;0;0;0;0;0;1;0;0;0;0
03/02/2022;11:06:18;177;Sem vítima;319,000;BR-386/RS;Crescente;Acidentes de outra natureza;1;0;0;0;0;0;0;0;0;0;2;0;0;0;0
03/02/2022;15:26:56;248;Sem vítima;19,000;BR-290/RS;Decrescente;Colisão traseira;1;0;0;0;0;0;0;0;0;0;2;0;0;0;0
03/02/2022;19:21:00;351;Sem vítima;35,000;BR-101/RS;Decrescente;Choque;0;0;0;0;0;1;0;0;0;0;1;0;0;0;0
03/02/2022;20:48:09;318;Sem vítima;393,000;BR-386/RS;Crescente;Acidentes de outra natureza;1;0;0;0;0;0;0;0;0;0;2;0;0;0;0
04/02/2022;07:33:05;64;Com vítima;444,000;BR-386/RS;Decrescente;Colisão transversal;3;0;0;0;0;0;0;0;0;0;0;0;1;1;0
04/02/2022;11:28:38;150;Sem vítima;277,000;BR-386/RS;Decrescente;Acidentes de outra natureza;0;0;0;0;1;0;0;0;0;0;1;0;0;0;0
04/02/2022;12:10:13;158;Sem vítima;292,000;BR-386/RS;Decrescente;Choque;0;0;1;0;0;0;0;0;0;0;1;0;0;0;0
04/02/2022;16:52:01;220;Sem vítima;19,000;BR-290/RS;Decrescente;Choque;1;0;0;0;0;0;0;0;0;0;2;0;0;0;0
04/02/2022;17:27:39;227;Com vítima;73,000;BR-290/RS;Decrescente;Colisão frontal;4;0;0;0;0;0;0;0;0;0;5;0;1;3;2
04/02/2022;20:16:08;277;Com vítima;389,000;BR-386/RS;Decrescente;Colisão transversal;1;0;0;1;0;0;0;0;0;0;2;1;0;0;0
04/02/2022;20:38:12;287;Sem vítima;43,000;BR-290/RS;Decrescente;Colisão traseira;1;0;0;0;0;1;0;0;0;0;5;0;0;0;0
04/02/2022;22:00:15;305;Sem vítima;345,000;BR-386/RS;Decrescente;Acidentes de outra natureza;1;0;0;0;0;0;0;0;0;0;1;0;0;0;0
05/02/2022;05:42:27;36;Sem vítima;55,000;BR-290/RS;Decrescente;Capotamento;1;0;0;0;0;0;0;0;0;0;1;0;0;0;0
05/02/2022;06:14:25;42;Sem vítima;429,000;BR-386/RS;Decrescente;Choque;1;0;0;0;0;0;0;0;0;0;3;0;0;0;0
05/02/2022;07:44:43;64;Com vítima;215,000;BR-386/RS;Crescente;Colisão lateral no mesmo sentido;1;0;0;1;0;0;0;0;0;0;2;0;1;0;0
05/02/2022;10:50:08;104;Sem vítima;435,000;BR-386/RS;Crescente;Colisão transversal;1;0;0;0;0;0;0;0;0;0;2;0;0;0;0
05/02/2022;11:10:16;112;Com vítima;19,000;BR-290/RS;Crescente;Colisão transversal;1;0;0;0;0;0;0;0;0;0;3;1;0;0;0
05/02/2022;13:29:55;143;Sem vítima;410,000;BR-386/RS;Decrescente;Acidentes de outra natureza;1;0;0;0;0;0;0;0;0;0;2;0;0;0;0
05/02/2022;14:20:18;155;Sem vítima;14,000;BR-290/RS;Crescente;Acidentes de outra natureza;1;0;0;0;0;0;0;0;0;0;2;0;0;0;0
05/02/2022;14:22:33;156;Sem vítima;49,000;BR-290/RS;Decrescente;Capotamento;1;0;0;0;0;0;0;0;0;0;1;0;0;0;0
06/02/2022;06:28:10;41;Com vítima;18,000;BR-290/RS;Crescente;Acidentes de outra natureza;0;0;0;0;0;0;0;0;0;0;0;0;0;0;0
06/02/2022;06:57:10;52;Sem vítima;86,000;BR-290/RS;Crescente;Acidentes de outra natureza;1;0;0;0;0;0;0;0;0;0;1;0;0;0;0
06/02/2022;12:18:00;124;Sem vítima;70,000;BR-290/RS;Crescente;Engavetamento;2;0;0;0;0;1;0;0;0;0;4;0;0;0;0
06/02/2022;17:09:49;175;Sem vítima;11,000;BR-290/RS;Crescente;Colisão traseira;1;0;0;0;0;0;0;0;0;0;1;0;0;0;0
06/02/2022;20:08:21;219;Sem vítima;76,000;BR-101/RS;Decrescente;Acidentes de outra natureza;1;0;0;0;0;0;0;0;0;0;1;0;0;0;0
06/02/2022;22:54:02;249;Com vítima;26,000;BR-290/RS;Crescente;Capotamento;1;0;0;0;0;0;0;0;0;0;4;1;0;0;0
07/02/2022;03:42:09;359;Sem vítima;436,000;BR-386/RS;Decrescente;Acidentes de outra natureza;1;0;0;0;0;0;0;0;0;0;2;0;0;0;0
07/02/2022;07:27:28;394;Com vítima;89,000;BR-290/RS;Crescente;Engavetamento;0;0;0;3;0;0;0;0;0;0;4;0;1;0;0
07/02/2022;09:43:02;472;Sem vítima;347,000;BR-386/RS;Decrescente;Colisão traseira;1;0;0;1;0;0;0;0;0;0;2;0;0;0;0
07/02/2022;10:37:49;492;Com vítima;350,000;BR-386/RS;Decrescente;Queda de moto;0;0;0;1;0;0;0;0;0;0;0;1;0;0;0
07/02/2022;10:49:01;497;Sem vítima;435,000;BR-386/RS;Decrescente;Colisão lateral no mesmo sentido;2;0;0;0;0;0;0;0;0;0;2;0;0;0;0
07/02/2022;15:29:00;579;Sem vítima;417,000;BR-386/RS;Decrescente;Colisão traseira;1;0;0;0;1;0;0;0;0;0;5;0;0;0;0
07/02/2022;16:16:09;592;Sem vítima;248,000;BR-386/RS;Crescente;Acidentes de outra natureza;0;0;0;0;0;0;0;0;0;0;1;0;0;0;0
07/02/2022;17:36:21;613;Com vítima;342,000;BR-386/RS;Decrescente;Colisão transversal;0;0;0;1;0;0;0;0;0;0;0;1;0;0;0
07/02/2022;20:22:32;648;Sem vítima;438,000;BR-386/RS;Decrescente;Colisão lateral no mesmo sentido;1;0;0;0;0;0;0;0;0;0;2;0;0;0;0
07/02/2022;21:02:31;658;Sem vítima;185,000;BR-386/RS;Decrescente;Colisão traseira;2;0;0;0;0;0;0;0;0;0;2;0;0;0;0
08/02/2022;00:05:33;1;Sem vítima;304,000;BR-386/RS;Decrescente;Colisão lateral no mesmo sentido;0;0;1;0;0;0;0;0;0;0;1;0;0;0;0
08/02/2022;09:47:20;132;Sem vítima;58,000;BR-290/RS;Decrescente;Acidentes de outra natureza;4;0;0;0;0;0;0;0;0;0;7;0;0;0;0
08/02/2022;11:07:12;149;Com vítima;355,000;BR-386/RS;Decrescente;Capotamento;1;0;0;0;0;0;0;0;0;0;0;1;0;0;0
08/02/2022;17:23:14;227;Sem vítima;426,000;BR-386/RS;Crescente;Colisão traseira;1;0;1;0;0;0;0;0;0;0;3;0;0;0;0
08/02/2022;19:03:50;256;Sem vítima;19,000;BR-290/RS;Crescente;Choque;0;0;0;0;0;0;0;0;0;0;0;0;0;0;0
09/02/2022;00:27:34;2;Sem vítima;431,000;BR-386/RS;Crescente;Acidentes de outra natureza;1;0;0;0;0;0;0;0;0;0;2;0;0;0;0
09/02/2022;07:26:29;50;Sem vítima;83,000;BR-290/RS;Decrescente;Queda de moto;1;0;0;0;0;0;0;0;0;0;1;0;0;0;0
09/02/2022;11:58:19;132;Com vítima;41,000;BR-290/RS;Decrescente;Capotamento;1;0;0;0;0;0;0;0;0;0;0;1;0;0;0
09/02/2022;13:42:21;163;Sem vítima;91,000;BR-290/RS;Decrescente;Acidentes de outra natureza;1;0;0;0;0;0;0;0;0;0;1;0;0;0;0
10/02/2022;01:14:17;17;Sem vítima;348,000;BR-386/RS;Decrescente;Colisão traseira;1;0;0;0;0;0;0;0;0;0;1;0;0;0;0
10/02/2022;09:42:36;127;Sem vítima;307,000;BR-386/RS;Crescente;Colisão traseira;1;0;0;0;0;0;0;0;0;0;1;0;0;0;0
10/02/2022;12:56:37;168;Sem vítima;92,000;BR-290/RS;Decrescente;Queda de moto;0;0;0;1;0;0;0;0;0;0;2;0;0;0;0
10/02/2022;17:18:44;235;Com vítima;90,000;BR-290/RS;Decrescente;Acidentes de outra natureza;2;0;0;0;1;0;0;0;0;0;3;3;0;0;0
10/02/2022;17:59:05;244;Com vítima;92,000;BR-290/RS;Decrescente;Queda de moto;1;0;0;1;0;0;0;0;0;0;1;1;0;0;0
10/02/2022;18:02:03;246;Sem vítima;264,000;BR-386/RS;Crescente;Acidentes de outra natureza;1;0;0;0;0;0;0;0;0;0;2;0;0;0;0
10/02/2022;18:17:15;248;Sem vítima;308,000;BR-386/RS;Decrescente;Acidentes de outra natureza;1;0;0;0;0;0;0;0;0;0;1;0;0;0;0
10/02/2022;23:02:34;304;Sem vítima;373,000;BR-386/RS;Crescente;Atropelamento de animal;0;0;0;0;0;0;0;0;0;0;0;0;0;0;0
11/02/2022;01:31:02;8;Sem vítima;37,000;BR-290/RS;Crescente;Choque;1;0;0;0;0;0;0;0;0;0;1;0;0;0;0
11/02/2022;08:39:36;93;Sem vítima;91,000;BR-290/RS;Crescente;Colisão lateral no mesmo sentido;1;0;0;0;0;0;0;0;0;0;1;0;0;0;0
11/02/2022;09:55:05;122;Com vítima;60,000;BR-290/RS;Decrescente;Choque;1;0;0;0;0;0;0;0;0;0;0;0;0;2;0
11/02/2022;10:09:04;127;Sem vítima;93,000;BR-290/RS;Crescente;Colisão lateral no mesmo sentido;2;0;0;0;0;0;0;0;0;0;2;0;0;0;0
11/02/2022;13:24:10;191;Com vítima;295,000;BR-386/RS;Decrescente;Colisão lateral no mesmo sentido;1;0;0;1;0;0;0;0;0;0;1;0;0;2;0
11/02/2022;14:53:53;211;Sem vítima;81,000;BR-290/RS;Decrescente;Choque;1;0;0;0;0;0;0;0;0;0;1;0;0;0;0
11/02/2022;18:21:59;281;Sem vítima;438,000;BR-386/RS;Decrescente;Colisão transversal;1;0;0;0;0;0;0;0;0;0;1;0;0;0;0
11/02/2022;20:55:50;318;Sem vítima;18,000;BR-290/RS;Crescente;Acidentes de outra natureza;1;0;0;0;0;0;0;0;0;0;4;0;0;0;0
11/02/2022;21:06:46;321;Sem vítima;386,000;BR-386/RS;Decrescente;Acidentes de outra natureza;1;0;0;0;0;0;0;0;0;0;1;0;0;0;0
11/02/2022;23:16:10;345;Sem vítima;414,000;BR-386/RS;Decrescente;Acidentes de outra natureza;0;0;0;0;0;0;0;0;0;0;0;0;0;0;0
12/02/2022;09:25:10;95;Sem vítima;307,000;BR-386/RS;Crescente;Colisão lateral no mesmo sentido;1;0;0;0;0;0;0;0;0;0;4;0;0;0;0
12/02/2022;13:53:11;172;Com vítima;77,000;BR-290/RS;Crescente;Colisão traseira;2;0;0;0;0;0;0;0;0;0;0;1;1;0;0
12/02/2022;16:00:23;217;Sem vítima;330,000;BR-386/RS;Crescente;Colisão traseira;2;0;0;0;0;0;0;0;0;0;4;0;0;0;0
12/02/2022;16:33:19;226;Sem vítima;359,000;BR-386/RS;Crescente;Acidentes de outra natureza;1;0;0;0;0;0;0;0;0;0;2;0;0;0;0
12/02/2022;23:18:19;312;Sem vítima;73,000;BR-290/RS;Decrescente;Colisão traseira;2;0;0;0;0;0;0;0;0;0;2;0;0;0;0
13/02/2022;00:40:50;7;Sem vítima;415,000;BR-386/RS;Decrescente;Colisão traseira;1;0;0;0;0;0;0;0;0;0;1;0;0;0;0
13/02/2022;01:45:32;10;Com vítima;92,000;BR-290/RS;Decrescente;Queda de moto;1;0;0;0;0;0;0;0;0;0;0;1;0;0;0
13/02/2022;02:41:34;15;Com vítima;347,000;BR-386/RS;Decrescente;Acidentes de outra natureza;1;0;0;0;0;0;0;0;0;0;0;0;1;0;0
13/02/2022;20:15:50;208;Sem vítima;83,000;BR-101/RS;Crescente;Colisão traseira;2;0;0;0;0;0;0;0;0;0;3;0;0;0;0
14/02/2022;03:14:22;16;Sem vítima;13,000;BR-290/RS;Crescente;Atropelamento de animal;1;0;0;0;0;0;0;0;0;0;1;0;0;0;0
14/02/2022;06:28:16;45;Sem vítima;364,000;BR-386/RS;Decrescente;Colisão traseira;2;0;0;0;0;0;0;0;0;0;2;0;0;0;0
14/02/2022;07:25:11;58;Sem vítima;89,000;BR-290/RS;Crescente;Colisão traseira;1;0;0;0;0;0;0;0;0;0;1;0;0;0;0
14/02/2022;09:27:52;110;Sem vítima;96,000;BR-290/RS;Crescente;Colisão traseira;2;0;0;0;0;0;0;0;0;0;2;0;0;0;0
14/02/2022;10:47:05;127;Sem vítima;264,000;BR-386/RS;Decrescente;Colisão traseira;1;0;0;0;0;0;0;0;0;0;1;0;0;0;0
14/02/2022;12:25:55;164;Com vítima;337,000;BR-386/RS;Decrescente;Acidentes de outra natureza;0;0;1;0;0;0;0;0;0;0;0;1;0;0;0
14/02/2022;13:11:47;176;Sem vítima;279,000;BR-386/RS;Decrescente;Acidentes de outra natureza;1;0;0;0;0;0;0;0;0;0;1;0;0;0;0
14/02/2022;16:47:56;241;Com vítima;356,000;BR-386/RS;Crescente;Queda de moto;0;0;0;1;0;0;0;0;0;0;1;0;1;0;0
14/02/2022;18:40:07;264;Com vítima;15,000;BR-101/RS;Crescente;Colisão traseira;1;0;0;1;0;0;0;0;0;0;1;2;0;0;0
15/02/2022;07:39:45;53;Sem vítima;19,000;BR-290/RS;Decrescente;Colisão traseira;1;0;0;0;0;0;0;0;0;0;1;0;0;0;0
15/02/2022;11:17:16;140;Sem vítima;94,000;BR-290/RS;Decrescente;Colisão traseira;2;0;0;0;0;0;0;0;0;0;5;0;0;0;0
16/02/2022;06:56:42;29;Sem vítima;402,000;BR-386/RS;Crescente;Acidentes de outra natureza;1;0;0;0;0;0;0;0;0;0;1;0;0;0;0
16/02/2022;07:52:19;50;Sem vítima;91,000;BR-290/RS;Crescente;Engavetamento;3;0;0;0;0;0;0;0;0;0;4;0;0;0;0
16/02/2022;08:10:33;62;Sem vítima;426,000;BR-386/RS;Crescente;Choque;0;0;0;0;0;0;0;0;0;0;0;0;0;0;0
16/02/2022;08:40:55;74;Sem vítima;307,000;BR-386/RS;Decrescente;Colisão traseira;2;0;0;0;0;0;0;0;0;0;2;0;0;0;0
16/02/2022;09:25:20;100;Com vítima;32,000;BR-290/RS;Decrescente;Acidentes de outra natureza;1;0;0;0;0;0;0;0;0;0;0;0;1;0;0
16/02/2022;11:15:00;139;Sem vítima;60,000;BR-290/RS;Decrescente;Colisão traseira;2;0;0;0;0;0;0;0;0;0;3;0;0;0;0
16/02/2022;14:44:28;197;Sem vítima;26,000;BR-290/RS;Crescente;Queda de moto;0;0;0;1;0;0;0;0;0;0;1;0;0;0;0
16/02/2022;15:31:28;219;Sem vítima;92,000;BR-290/RS;Decrescente;Engavetamento;4;0;0;0;0;0;0;0;0;0;4;0;0;0;0
16/02/2022;16:16:07;230;Sem vítima;23,000;BR-290/RS;Decrescente;Engavetamento;4;0;0;0;0;0;0;0;0;0;4;0;0;0;0
16/02/2022;17:52:03;258;Sem vítima;53,000;BR-290/RS;Decrescente;Acidentes de outra natureza;1;0;0;0;0;0;0;0;0;0;1;0;0;0;0
17/02/2022;02:22:19;16;Sem vítima;235,000;BR-386/RS;Decrescente;Capotamento;1;0;0;0;0;0;0;0;0;0;2;0;0;0;0
17/02/2022;07:30:26;51;Com vítima;55,000;BR-290/RS;Decrescente;Capotamento;1;0;0;0;0;0;0;0;0;0;0;0;0;1;1
17/02/2022;09:48:11;118;Sem vítima;35,000;BR-101/RS;Decrescente;Acidentes de outra natureza;1;0;0;0;0;0;0;0;0;0;1;0;0;0;0
17/02/2022;10:45:17;144;Com vítima;52,000;BR-101/RS;Decrescente;Colisão frontal;1;0;0;0;0;0;0;0;0;0;1;0;0;0;0
17/02/2022;15:06:00;215;Sem vítima;87,000;BR-290/RS;Crescente;Colisão lateral no mesmo sentido;1;0;0;0;0;0;0;0;0;0;2;0;0;0;0
17/02/2022;18:18:31;262;Sem vítima;92,000;BR-290/RS;Decrescente;Colisão lateral no mesmo sentido;1;0;0;1;0;0;0;0;0;0;2;0;0;0;0
17/02/2022;20:57:49;299;Sem vítima;332,000;BR-386/RS;Decrescente;Colisão lateral no mesmo sentido;1;0;1;0;0;0;0;0;0;0;2;0;0;0;0
17/02/2022;22:17:06;306;Com vítima;11,000;BR-101/RS;Crescente;Acidentes de outra natureza;0;0;0;0;0;0;0;0;0;0;0;0;1;0;0
17/02/2022;22:49:22;310;Com vítima;81,000;BR-290/RS;Decrescente;Acidentes de outra natureza;1;0;0;0;0;0;0;0;0;0;0;1;0;0;0
18/02/2022;03:51:25;20;Com vítima;68,000;BR-290/RS;Decrescente;Acidentes de outra natureza;1;0;0;0;0;0;0;0;0;0;0;1;0;0;0
18/02/2022;08:37:36;90;Sem vítima;424,000;BR-386/RS;Decrescente;Choque;1;0;0;0;0;0;0;0;0;0;1;0;0;0;0
18/02/2022;10:08:50;118;Sem vítima;362,000;BR-386/RS;Crescente;Colisão lateral no mesmo sentido;0;0;0;0;2;0;0;0;0;0;2;0;0;0;0
18/02/2022;20:37:12;277;Com vítima;351,000;BR-386/RS;Decrescente;Colisão traseira;1;0;0;0;0;0;0;0;0;0;0;0;1;0;0
19/02/2022;10:25:22;113;Com vítima;64,000;BR-290/RS;Decrescente;Capotamento;1;0;0;0;0;0;0;0;0;0;0;4;0;0;0
19/02/2022;15:50:01;181;Sem vítima;180,000;BR-386/RS;Crescente;Tombamento;0;0;0;0;0;1;0;0;0;0;1;0;0;0;0
19/02/2022;18:02:03;210;Sem vítima;58,000;BR-290/RS;Decrescente;Acidentes de outra natureza;1;0;0;0;0;0;0;0;0;0;1;0;0;0;0
19/02/2022;18:30:19;214;Sem vítima;37,000;BR-290/RS;Crescente;Choque;2;0;0;0;0;0;0;0;0;0;3;0;0;0;0
19/02/2022;20:42:24;245;Sem vítima;426,000;BR-386/RS;Crescente;Atropelamento de animal;1;0;0;0;0;0;0;0;0;0;3;0;0;0;0
19/02/2022;23:19:09;272;Com vítima;41,000;BR-290/RS;Crescente;Tombamento;0;0;0;0;0;0;0;0;0;0;0;0;0;0;0
20/02/2022;05:47:30;32;Sem vítima;86,000;BR-290/RS;Decrescente;Choque;1;0;0;0;0;0;0;0;0;0;1;0;0;0;0
20/02/2022;06:05:19;36;Sem vítima;414,000;BR-386/RS;Decrescente;Choque;1;0;0;0;0;0;0;0;0;0;1;0;0;0;0
21/02/2022;01:25:28;10;Sem vítima;356,000;BR-386/RS;Crescente;Acidentes de outra natureza;1;0;0;0;0;0;0;0;0;0;1;0;0;0;0
21/02/2022;05:11:19;28;Sem vítima;26,000;BR-290/RS;Decrescente;Choque;1;0;0;0;0;0;0;0;0;0;1;0;0;0;0
21/02/2022;07:48:51;65;Sem vítima;310,000;BR-386/RS;Crescente;Acidentes de outra natureza;0;0;0;0;0;0;0;0;0;0;0;0;0;0;0
21/02/2022;07:49:21;132;Sem vítima;310,000;BR-386/RS;Crescente;Choque;0;0;1;0;0;0;0;0;0;0;2;0;0;0;0
21/02/2022;08:11:51;87;Sem vítima;352,000;BR-386/RS;Decrescente;Colisão traseira;2;0;0;0;0;0;0;0;0;0;2;0;0;0;0
21/02/2022;08:22:51;91;Com vítima;15,000;BR-101/RS;Crescente;Choque;1;0;0;0;0;0;0;0;0;0;0;1;0;0;0
21/02/2022;08:51:43;105;Sem vítima;358,000;BR-386/RS;Decrescente;Acidentes de outra natureza;1;0;0;0;0;0;0;0;0;0;1;0;0;0;0
21/02/2022;09:39:13;118;Sem vítima;318,000;BR-386/RS;Decrescente;Engavetamento;3;0;0;0;0;0;0;0;0;0;6;0;0;0;0
21/02/2022;14:16:12;183;Sem vítima;16,000;BR-290/RS;Crescente;Choque;1;0;0;0;0;0;0;0;0;0;3;0;0;0;0
21/02/2022;15:10:28;198;Sem vítima;361,000;BR-386/RS;Decrescente;Capotamento;1;0;0;0;0;0;0;0;0;0;1;0;0;0;0
21/02/2022;15:32:22;204;Sem vítima;361,000;BR-386/RS;Decrescente;Capotamento;1;0;0;0;0;0;0;0;0;0;1;0;0;0;0
21/02/2022;18:03:36;252;Sem vítima;86,000;BR-290/RS;Decrescente;Engavetamento;2;0;0;0;1;0;0;0;0;0;3;0;0;0;0
21/02/2022;19:16:19;270;Sem vítima;425,000;BR-386/RS;Decrescente;Colisão traseira;2;0;0;0;0;0;0;0;0;0;5;0;0;0;0
21/02/2022;21:18:23;287;Com vítima;9,000;BR-290/RS;Decrescente;Queda de moto;0;0;0;1;0;0;0;0;0;0;1;1;0;0;0
21/02/2022;22:39:47;300;Sem vítima;75,000;BR-290/RS;Crescente;Acidentes de outra natureza;1;0;0;0;0;0;0;0;0;0;1;0;0;0;0
21/02/2022;22:48:16;301;Com vítima;65,000;BR-290/RS;Crescente;Colisão traseira;2;0;0;0;0;0;0;0;0;0;3;2;0;0;0
22/02/2022;09:47:43;123;Com vítima;82,000;BR-290/RS;Crescente;Colisão traseira;2;0;0;0;0;0;0;0;0;0;0;2;0;0;0
22/02/2022;12:52:58;176;Com vítima;353,000;BR-386/RS;Crescente;Capotamento;1;0;0;0;0;0;0;0;0;0;0;1;0;0;0
23/02/2022;03:27:00;19;Com vítima;31,000;BR-290/RS;Decrescente;Tombamento;0;0;1;0;0;0;0;0;0;0;0;1;0;0;0
23/02/2022;06:21:56;29;Sem vítima;412,000;BR-386/RS;Decrescente;Choque;1;0;0;0;0;0;0;0;0;0;1;0;0;0;0
23/02/2022;06:41:30;31;Sem vítima;252,000;BR-386/RS;Decrescente;Acidentes de outra natureza;0;0;0;0;0;0;0;0;0;0;0;0;0;0;0
23/02/2022;07:37:01;48;Sem vítima;86,000;BR-290/RS;Crescente;Engavetamento;2;0;0;0;0;0;0;0;0;0;3;0;0;0;0
23/02/2022;14:06:54;178;Com vítima;418,000;BR-386/RS;Decrescente;Colisão frontal;1;0;0;0;0;0;0;0;0;0;0;0;1;0;0
23/02/2022;14:10:49;180;Sem vítima;18,000;BR-290/RS;Crescente;Acidentes de outra natureza;1;0;0;0;0;0;0;0;0;0;1;0;0;0;0
23/02/2022;23:19:06;267;Sem vítima;25,000;BR-290/RS;Crescente;Acidentes de outra natureza;1;0;0;0;0;0;0;0;0;0;1;0;0;0;0
24/02/2022;00:41:30;5;Sem vítima;439,000;BR-386/RS;Decrescente;Choque;1;0;0;0;0;0;0;0;0;0;2;0;0;0;0
24/02/2022;07:14:26;48;Sem vítima;354,000;BR-386/RS;Crescente;Acidentes de outra natureza;1;0;0;0;0;0;0;0;0;0;1;0;0;0;0
24/02/2022;09:14:51;102;Com vítima;17,000;BR-290/RS;Decrescente;Acidentes de outra natureza;1;0;0;0;0;0;0;0;0;0;0;2;2;0;0
24/02/2022;16:18:28;199;Sem vítima;60,000;BR-290/RS;Decrescente;Colisão traseira;1;0;1;0;0;0;0;0;0;0;2;0;0;0;0
24/02/2022;17:17:19;208;Com vítima;345,000;BR-386/RS;Decrescente;Engavetamento;1;0;0;0;0;0;0;0;0;0;0;0;2;0;0
24/02/2022;19:56:39;250;Sem vítima;83,000;BR-101/RS;Decrescente;Atropelamento de animal;2;0;0;0;0;0;0;0;0;0;3;0;0;0;0
24/02/2022;20:23:46;261;Sem vítima;70,000;BR-290/RS;Crescente;Colisão traseira;2;0;0;0;0;0;0;0;0;0;2;0;0;0;0
25/02/2022;02:32:42;8;Com vítima;82,000;BR-290/RS;Crescente;Acidentes de outra natureza;0;0;0;0;0;0;0;0;0;0;0;0;0;0;0
25/02/2022;05:43:36;22;Sem vítima;375,000;BR-386/RS;Decrescente;Choque;0;0;0;0;0;0;0;0;0;0;0;0;0;0;0
25/02/2022;07:55:28;50;Sem vítima;337,000;BR-386/RS;Decrescente;Colisão lateral no mesmo sentido;1;0;0;0;1;0;0;0;0;0;5;0;0;0;0
25/02/2022;10:24:05;124;Sem vítima;221,000;BR-386/RS;Decrescente;Engavetamento;1;0;0;0;0;0;0;0;0;0;2;0;0;0;0
25/02/2022;10:52:19;133;Sem vítima;69,000;BR-290/RS;Decrescente;Choque;1;0;0;0;0;0;0;0;0;0;2;0;0;0;0
25/02/2022;12:35:33;162;Sem vítima;434,000;BR-386/RS;Crescente;Colisão traseira;1;0;0;0;0;0;0;0;0;0;1;0;0;0;0
25/02/2022;14:10:10;192;Sem vítima;27,000;BR-290/RS;Decrescente;Colisão traseira;1;0;0;0;0;0;0;0;0;0;1;0;0;0;0
25/02/2022;15:33:02;223;Sem vítima;84,150;BR-290/RS;Decrescente;Colisão traseira;1;0;0;0;0;0;0;0;0;0;1;0;0;0;0
25/02/2022;15:39:59;225;Com vítima;226,000;BR-386/RS;Decrescente;Capotamento;1;0;0;0;0;0;0;0;0;0;0;0;1;0;0