data;horario;n_da_ocorrencia;tipo_de_ocorrencia;km;trecho;sentido;tipo_de_acidente;automovel;bicicleta;caminhao;moto;onibus;outros;tracao_animal;transporte_de_cargas_especiais;trator_maquinas;utilitarios;ilesos;levemente_feridos;moderadamente_feridos;gravemente_feridos;mortos
04/05/2022;09:47:48;104;Sem vítima;14,000;BR-290/RS;Decrescente;Colisão traseira;1;0;0;0;1;0;0;0;0;0;2;0;0;0;0
04/05/2022;10:36:19;120;Sem vítima;232,000;BR-386/RS;Decrescente;Acidentes de outra natureza;1;0;0;0;0;0;0;0;0;0;1;0;0;0;0
04/05/2022;11:38:21;139;Com vítima;35,000;BR-101/RS;Decrescente;Choque;1;0;0;0;0;0;0;0;0;0;0;0;1;0;0
04/05/2022;14:30:39;169;Sem vítima;88,000;BR-290/RS;Crescente;Choque;1;0;0;0;0;0;0;0;0;0;0;0;0;0;0
04/05/2022;15:13:14;177;Sem vítima;407,000;BR-386/RS;Crescente;Acidentes de outra natureza;1;0;0;0;0;0;0;0;0;0;3;0;0;0;0
04/05/2022;20:43:43;235;Com vítima;342,000;BR-386/RS;Decrescente;Colisão lateral no mesmo sentido;1;0;0;1;0;0;0;0;0;0;1;0;1;0;0
05/05/2022;07:31:05;39;Sem vítima;228,000;BR-386/RS;Decrescente;Colisão lateral no mesmo sentido;0;0;2;0;0;1;0;0;0;0;4;0;0;0;0
05/05/2022;08:57:20;77;Sem vítima;15,000;BR-101/RS;Decrescente;Queda de moto;0;0;0;1;0;0;0;0;0;0;2;0;0;0;0
05/05/2022;12:42:57;149;Sem vítima;89,000;BR-290/RS;Decrescente;Colisão traseira;2;0;0;0;0;0;0;0;0;0;2;0;0;0;0
05/05/2022;15:16:50;196;Sem vítima;6,000;BR-290/RS;Decrescente;Tombamento;0;0;1;0;0;0;0;0;0;0;1;0;0;0;0
05/05/2022;15:17:13;197;Sem vítima;53,000;BR-290/RS;Crescente;Colisão lateral no mesmo sentido;1;0;1;0;0;0;0;0;0;0;1;0;0;0;0
05/05/2022;16:04:40;211;Sem vítima;42,000;BR-101/RS;Decrescente;Colisão traseira;1;0;1;0;0;0;0;0;0;0;2;0;0;0;0
05/05/2022;17:04:26;227;Sem vítima;432,000;BR-386/RS;Decrescente;Colisão traseira;0;0;0;1;1;0;0;0;0;0;1;0;0;0;0
05/05/2022;20:50:34;289;Com vítima;419,000;BR-386/RS;Decrescente;Colisão transversal;1;0;0;1;0;0;0;0;0;0;4;0;0;0;1
05/05/2022;22:05:44;298;Com vítima;54,000;BR-290/RS;Crescente;Colisão traseira;1;0;1;0;0;0;0;0;0;0;1;1;0;0;0
06/05/2022;07:03:28;37;Sem vítima;374,000;BR-386/RS;Decrescente;Tombamento;0;0;1;0;0;0;0;0;0;0;2;0;0;0;0
06/05/2022;08:14:35;59;Sem vítima;95,000;BR-290/RS;Crescente;Colisão traseira;1;0;0;1;0;0;0;0;0;0;1;0;0;0;0
06/05/2022;17:20:07;225;Sem vítima;60,000;BR-290/RS;Crescente;Choque;1;0;0;0;0;0;0;0;0;0;1;0;0;0;0
06/05/2022;19:51:28;260;Sem vítima;401,000;BR-386/RS;Crescente;Acidentes de outra natureza;0;0;1;0;0;0;0;0;0;0;1;0;0;0;0
06/05/2022;21:40:59;280;Com vítima;86,000;BR-290/RS;Decrescente;Queda de moto;0;0;0;1;0;0;0;0;0;0;1;0;0;1;0
07/05/2022;00:15:15;5;Com vítima;373,000;BR-386/RS;Decrescente;Choque;1;0;0;0;0;0;0;0;0;0;0;0;1;0;0
07/05/2022;04:42:26;24;Sem vítima;365,000;BR-386/RS;Crescente;Acidentes de outra natureza;1;0;0;0;0;0;0;0;0;0;3;0;0;0;0
07/05/2022;17:01:55;177;Com vítima;435,000;BR-386/RS;Decrescente;Queda de moto;0;0;0;1;0;0;0;0;0;0;0;0;1;0;0
08/05/2022;08:12:09;48;Sem vítima;92,000;BR-290/RS;Decrescente;Acidentes de outra natureza;1;0;0;0;0;0;0;0;0;0;2;0;0;0;0
08/05/2022;08:20:41;49;Com vítima;95,000;BR-290/RS;Decrescente;Colisão traseira;1;0;0;1;0;0;0;0;0;0;3;1;0;1;0
08/05/2022;14:51:07;107;Sem vítima;84,000;BR-101/RS;Crescente;Colisão lateral no mesmo sentido;1;0;0;0;0;1;0;0;0;0;2;0;0;0;0
08/05/2022;16:17:44;116;Sem vítima;393,000;BR-386/RS;Decrescente;Colisão traseira;2;0;0;0;0;0;0;0;0;0;3;0;0;0;0
08/05/2022;16:29:21;120;Sem vítima;93,000;BR-290/RS;Crescente;Colisão traseira;1;0;0;1;0;0;0;0;0;0;4;0;0;0;0
08/05/2022;18:51:02;168;Sem vítima;439,000;BR-386/RS;Crescente;Engavetamento;3;0;0;0;0;0;0;0;0;0;4;0;0;0;0
08/05/2022;20:34:47;195;Sem vítima;273,000;BR-386/RS;Decrescente;Atropelamento de pedestre;1;0;0;0;0;0;0;0;0;0;1;0;0;0;0
08/05/2022;21:20:03;205;Com vítima;283,000;BR-386/RS;Crescente;Colisão frontal;2;0;0;0;0;0;0;0;0;0;0;1;1;2;0
08/05/2022;23:43:57;218;Com vítima;270,000;BR-386/RS;Crescente;Queda de moto;0;0;0;1;0;0;0;0;0;0;0;1;0;0;0
09/05/2022;02:22:12;11;Sem vítima;358,000;BR-386/RS;Crescente;Acidentes de outra natureza;1;0;0;0;0;0;0;0;0;0;1;0;0;0;0
09/05/2022;03:46:13;17;Sem vítima;75,000;BR-290/RS;Decrescente;Acidentes de outra natureza;1;0;0;0;0;0;0;0;0;0;2;0;0;0;0
09/05/2022;03:59:41;20;Sem vítima;46,000;BR-290/RS;Crescente;Choque;0;0;1;0;0;0;0;0;0;0;0;0;0;0;0
09/05/2022;07:58:00;61;Com vítima;362,000;BR-386/RS;Crescente;Colisão traseira;0;0;1;1;0;0;0;0;0;0;1;0;1;0;0
09/05/2022;08:28:15;76;Sem vítima;95,000;BR-290/RS;Crescente;Engavetamento;3;0;0;0;0;0;0;0;0;0;3;0;0;0;0
09/05/2022;09:07:13;99;Sem vítima;77,000;BR-290/RS;Crescente;Choque;1;0;0;0;0;0;0;0;0;0;1;0;0;0;0
09/05/2022;09:59:01;112;Sem vítima;282,000;BR-386/RS;Decrescente;Colisão lateral no mesmo sentido;2;0;0;0;0;0;0;0;0;0;2;0;0;0;0
09/05/2022;19:38:14;237;Sem vítima;235,000;BR-386/RS;Crescente;Acidentes de outra natureza;1;0;0;0;0;0;0;0;0;0;2;0;0;0;0
09/05/2022;20:28:22;246;Sem vítima;438,000;BR-386/RS;Crescente;Acidentes de outra natureza;0;0;1;0;0;0;0;0;0;0;1;0;0;0;0
10/05/2022;06:23:49;23;Com vítima;396,000;BR-386/RS;Crescente;Choque;0;0;0;1;0;0;0;0;0;0;0;0;0;0;1
10/05/2022;06:28:17;24;Sem vítima;61,000;BR-290/RS;Crescente;Tombamento;0;0;0;0;1;0;0;0;0;0;1;0;0;0;0
10/05/2022;11:44:14;119;Sem vítima;60,000;BR-290/RS;Decrescente;Choque;0;0;0;0;1;0;0;0;0;0;1;0;0;0;0
10/05/2022;16:26:47;164;Com vítima;7,000;BR-290/RS;Crescente;Acidentes de outra natureza;1;0;0;0;0;0;0;0;0;0;1;0;1;0;0
10/05/2022;18:37:24;183;Sem vítima;427,000;BR-386/RS;Crescente;Tombamento;0;0;1;0;0;0;0;0;0;0;0;0;0;0;0
10/05/2022;23:38:33;228;Sem vítima;356,000;BR-386/RS;Decrescente;Acidentes de outra natureza;1;0;0;0;0;0;0;0;0;0;1;0;0;0;0
11/05/2022;00:44:51;3;Sem vítima;333,000;BR-386/RS;Decrescente;Colisão traseira;2;0;0;0;0;0;0;0;0;0;4;0;0;0;0
11/05/2022;06:13:52;23;Sem vítima;57,000;BR-290/RS;Crescente;Acidentes de outra natureza;0;0;1;0;0;0;0;0;0;0;1;0;0;0;0
11/05/2022;13:46:51;152;Sem vítima;345,000;BR-386/RS;Decrescente;Colisão transversal;1;0;1;0;0;0;0;0;0;0;2;0;0;0;0
11/05/2022;16:22:34;188;Sem vítima;388,000;BR-386/RS;Crescente;Colisão transversal;2;0;0;0;0;0;0;0;0;0;2;0;0;0;0
11/05/2022;19:59:02;226;Sem vítima;399,000;BR-386/RS;Crescente;Acidentes de outra natureza;1;0;0;0;0;0;0;0;0;0;3;0;0;0;0
11/05/2022;20:55:49;234;Sem vítima;428,000;BR-386/RS;Crescente;Atropelamento de animal;0;0;1;0;0;0;0;0;0;0;1;0;0;0;0
12/05/2022;02:29:37;18;Sem vítima;73,000;BR-290/RS;Decrescente;Acidentes de outra natureza;1;0;0;0;0;0;0;0;0;0;2;0;0;0;0
12/05/2022;09:16:01;98;Sem vítima;349,000;BR-386/RS;Decrescente;Colisão lateral no mesmo sentido;2;0;0;0;0;0;0;0;0;0;2;0;0;0;0
12/05/2022;10:25:49;121;Sem vítima;4,000;BR-101/RS;Crescente;Capotamento;1;0;0;0;0;0;0;0;0;0;0;0;0;0;0
12/05/2022;15:36:44;208;Sem vítima;372,000;BR-386/RS;Crescente;Capotamento;1;0;0;0;0;0;0;0;0;0;1;0;0;0;0
12/05/2022;16:22:09;217;Sem vítima;333,000;BR-386/RS;Crescente;Engavetamento;3;0;0;0;0;0;0;0;0;0;4;0;0;0;0
12/05/2022;18:24:22;252;Sem vítima;350,000;BR-386/RS;Crescente;Acidentes de outra natureza;1;0;0;0;0;0;0;0;0;0;1;0;0;0;0
12/05/2022;18:42:32;260;Sem vítima;344,000;BR-386/RS;Crescente;Colisão traseira;2;0;0;0;0;0;0;0;0;0;2;0;0;0;0
13/05/2022;04:06:16;12;Com vítima;345,000;BR-386/RS;Crescente;Acidentes de outra natureza;1;0;0;0;0;0;0;0;0;0;0;0;1;0;0
13/05/2022;06:35:16;23;Sem vítima;371,000;BR-386/RS;Crescente;Acidentes de outra natureza;1;0;0;0;0;0;0;0;0;0;1;0;0;0;0
13/05/2022;11:21:13;135;Sem vítima;378,000;BR-386/RS;Decrescente;Choque;1;0;0;0;0;0;0;0;0;0;1;0;0;0;0
13/05/2022;11:41:14;139;Sem vítima;78,000;BR-290/RS;Decrescente;Acidentes de outra natureza;1;0;0;0;0;0;0;0;0;0;0;0;0;0;0
13/05/2022;12:18:01;145;Sem vítima;87,000;BR-290/RS;Decrescente;Colisão lateral no mesmo sentido;1;0;0;0;1;0;0;0;0;0;2;0;0;0;0
13/05/2022;12:29:50;148;Sem vítima;237,050;BR-386/RS;Decrescente;Acidentes de outra natureza;1;0;0;0;0;0;0;0;0;0;1;0;0;0;0
13/05/2022;15:49:09;186;Sem vítima;375,000;BR-386/RS;Crescente;Acidentes de outra natureza;0;0;1;0;0;0;0;0;0;0;0;0;0;0;0
13/05/2022;17:26:21;204;Sem vítima;345,000;BR-386/RS;Decrescente;Colisão traseira;1;0;1;0;0;0;0;0;0;0;3;0;0;0;0
13/05/2022;17:38:13;207;Sem vítima;345,000;BR-386/RS;Decrescente;Colisão traseira;1;0;1;0;0;0;0;0;0;0;4;0;0;0;0
13/05/2022;18:07:09;214;Sem vítima;64,000;BR-290/RS;Crescente;Colisão lateral no mesmo sentido;1;0;1;0;0;0;0;0;0;0;3;0;0;0;0
13/05/2022;18:20:27;217;Sem vítima;17,000;BR-290/RS;Crescente;Colisão lateral no mesmo sentido;1;0;0;0;0;1;0;0;0;0;2;0;0;0;0
13/05/2022;19:32:44;235;Sem vítima;338,000;BR-386/RS;Crescente;Acidentes de outra natureza;1;0;0;0;0;0;0;0;0;0;0;0;0;0;0
13/05/2022;22:23:44;257;Sem vítima;83,000;BR-290/RS;Crescente;Colisão traseira;2;0;0;0;0;0;0;0;0;0;2;0;0;0;0
14/05/2022;00:33:34;2;Sem vítima;91,000;BR-290/RS;Decrescente;Acidentes de outra natureza;1;0;0;0;0;0;0;0;0;0;3;0;0;0;0
14/05/2022;04:26:36;13;Sem vítima;363,000;BR-386/RS;Crescente;Acidentes de outra natureza;1;0;0;0;0;0;0;0;0;0;2;0;0;0;0
14/05/2022;12:09:16;119;Sem vítima;397,000;BR-386/RS;Crescente;Acidentes de outra natureza;1;0;0;0;0;0;0;0;0;0;1;0;0;0;0
14/05/2022;21:03:06;180;Sem vítima;441,000;BR-386/RS;Crescente;Acidentes de outra natureza;1;0;0;0;0;0;0;0;0;0;2;0;0;0;0
15/05/2022;04:44:34;13;Sem vítima;86,000;BR-290/RS;Decrescente;Acidentes de outra natureza;1;0;0;0;0;0;0;0;0;0;0;0;0;0;0
15/05/2022;05:20:08;15;Sem vítima;88,000;BR-290/RS;Decrescente;Acidentes de outra natureza;1;0;0;0;0;0;0;0;0;0;1;0;0;0;0
15/05/2022;06:05:46;23;Sem vítima;86,000;BR-290/RS;Crescente;Colisão lateral no mesmo sentido;2;0;0;0;0;0;0;0;0;0;2;0;0;0;0
15/05/2022;06:33:57;24;Com vítima;14,000;BR-290/RS;Crescente;Choque;0;0;1;0;0;0;0;0;0;0;0;1;0;0;0
15/05/2022;07:16:08;31;Sem vítima;76,000;BR-290/RS;Crescente;Acidentes de outra natureza;1;0;0;0;0;0;0;0;0;0;1;0;0;0;0
15/05/2022;08:01:31;37;Sem vítima;370,000;BR-386/RS;Decrescente;Acidentes de outra natureza;1;0;0;0;0;0;0;0;0;0;0;0;0;0;0
15/05/2022;10:57:11;58;Sem vítima;440,000;BR-386/RS;Decrescente;Acidentes de outra natureza;1;0;0;0;0;0;0;0;0;0;2;0;0;0;0
15/05/2022;13:51:48;84;Com vítima;279,000;BR-386/RS;Decrescente;Acidentes de outra natureza;1;0;0;0;0;0;0;0;0;0;0;1;1;0;0
15/05/2022;14:31:23;89;Sem vítima;90,000;BR-290/RS;Decrescente;Acidentes de outra natureza;1;0;0;0;0;0;0;0;0;0;1;0;0;0;0
15/05/2022;15:14:01;100;Sem vítima;226,000;BR-386/RS;Decrescente;Acidentes de outra natureza;1;0;0;0;0;0;0;0;0;0;3;0;0;0;0
15/05/2022;18:17:51;135;Sem vítima;270,120;BR-386/RS;Decrescente;Colisão frontal;2;0;0;0;0;0;0;0;0;0;5;0;0;0;0
15/05/2022;18:19:15;136;Sem vítima;441,000;BR-386/RS;Decrescente;Acidentes de outra natureza;1;0;0;0;0;0;0;0;0;0;1;0;0;0;0
15/05/2022;19:57:40;152;Sem vítima;440,000;BR-386/RS;Decrescente;Acidentes de outra natureza;1;0;0;0;0;0;0;0;0;0;0;0;0;0;0
15/05/2022;22:29:18;181;Com vítima;350,000;BR-386/RS;Crescente;Acidentes de outra natureza;0;0;0;0;0;0;0;0;0;1;0;0;1;0;0
16/05/2022;02:48:52;7;Sem vítima;352,000;BR-386/RS;Crescente;Choque;1;0;0;0;0;0;0;0;0;0;1;0;0;0;0
16/05/2022;02:58:29;9;Com vítima;51,000;BR-101/RS;Decrescente;Acidentes de outra natureza;1;0;0;0;0;0;0;0;0;0;0;1;0;0;0
16/05/2022;06:18:44;22;Sem vítima;426,000;BR-386/RS;Decrescente;Acidentes de outra natureza;0;0;0;0;0;0;0;0;0;0;0;0;0;0;0
16/05/2022;06:23:37;24;Sem vítima;329,280;BR-386/RS;Crescente;Colisão frontal;3;0;0;1;0;0;0;0;0;0;8;0;0;0;0
16/05/2022;14:35:07;179;Sem vítima;52,070;BR-290/RS;Crescente;Colisão lateral no mesmo sentido;1;0;0;0;1;0;0;0;0;0;4;0;0;0;0
16/05/2022;15:44:08;199;Sem vítima;68,000;BR-290/RS;Crescente;Acidentes de outra natureza;0;0;1;0;0;0;0;0;0;0;1;0;0;0;0
16/05/2022;16:10:29;204;Sem vítima;66,000;BR-290/RS;Crescente;Colisão lateral no mesmo sentido;0;0;1;0;0;1;0;0;0;0;2;0;0;0;0
16/05/2022;16:27:41;209;Sem vítima;58,000;BR-290/RS;Crescente;Capotamento;1;0;0;0;0;0;0;0;0;0;0;0;0;0;0
16/05/2022;19:44:58;236;Sem vítima;405,000;BR-386/RS;Crescente;Atropelamento de animal;1;0;0;0;0;0;0;0;0;0;1;0;0;0;0
17/05/2022;05:54:40;15;Sem vítima;75,000;BR-101/RS;Crescente;Acidentes de outra natureza;0;0;1;0;0;0;0;0;0;0;1;0;0;0;0
17/05/2022;08:06:59;50;Sem vítima;337,000;BR-386/RS;Decrescente;Colisão transversal;0;0;2;0;0;0;0;0;0;0;3;0;0;0;0
17/05/2022;10:05:28;106;Sem vítima;90,000;BR-290/RS;Crescente;Choque;1;0;0;0;1;0;0;0;0;0;3;0;0;0;0
17/05/2022;13:42:01;158;Sem vítima;375,000;BR-386/RS;Crescente;Colisão traseira;2;0;0;0;0;0;0;0;0;0;2;0;0;0;0
17/05/2022;13:42:14;157;Com vítima;7,000;BR-290/RS;Decrescente;Choque;1;0;0;0;0;0;0;0;0;0;0;1;0;0;0
17/05/2022;18:08:01;205;Sem vítima;75,000;BR-290/RS;Decrescente;Colisão traseira;1;0;0;0;0;0;0;0;0;0;2;0;0;0;0
17/05/2022;20:17:36;229;Sem vítima;444,000;BR-386/RS;Crescente;Choque;1;0;0;0;0;0;0;0;0;0;1;0;0;0;0
17/05/2022;21:31:26;240;Sem vítima;22,000;BR-290/RS;Crescente;Acidentes de outra natureza;1;0;0;0;0;0;0;0;0;0;1;0;0;0;0
18/05/2022;07:57:33;33;Sem vítima;72,000;BR-290/RS;Crescente;Acidentes de outra natureza;1;0;0;0;0;0;0;0;0;0;1;0;0;0;0
18/05/2022;09:47:56;70;Sem vítima;351,000;BR-386/RS;Crescente;Colisão traseira;2;0;0;0;0;0;0;0;0;0;4;0;0;0;0
18/05/2022;09:51:03;71;Sem vítima;50,000;BR-290/RS;Crescente;Acidentes de outra natureza;1;0;0;0;0;0;0;0;0;0;1;0;0;0;0
18/05/2022;11:18:25;99;Sem vítima;85,000;BR-290/RS;Decrescente;Choque;1;0;0;0;0;0;0;0;0;0;1;0;0;0;0
18/05/2022;19:37:34;188;Sem vítima;81,000;BR-290/RS;Decrescente;Acidentes de outra natureza;1;0;0;0;0;0;0;0;0;0;0;0;0;0;0
18/05/2022;22:28:19;217;Sem vítima;309,000;BR-386/RS;Decrescente;Colisão lateral no mesmo sentido;1;0;0;0;1;0;0;0;0;0;3;0;0;0;0
19/05/2022;00:55:02;7;Com vítima;94,000;BR-290/RS;Decrescente;Acidentes de outra natureza;1;0;0;0;0;0;0;0;0;0;0;0;1;0;0
19/05/2022;02:33:32;13;Com vítima;345,000;BR-386/RS;Decrescente;Tombamento;0;0;1;0;0;0;0;0;0;0;0;1;0;0;0
19/05/2022;07:41:59;47;Sem vítima;15,000;BR-101/RS;Decrescente;Colisão traseira;2;0;0;0;0;0;0;0;0;0;2;0;0;0;0
19/05/2022;13:48:02;160;Com vítima;97,000;BR-290/RS;Decrescente;Choque;1;0;0;0;0;0;0;0;0;0;1;0;1;0;0
19/05/2022;16:43:26;197;Sem vítima;325,000;BR-386/RS;Decrescente;Colisão transversal;1;0;1;0;0;0;0;0;0;0;2;0;0;0;0
19/05/2022;17:59:40;211;Sem vítima;75,000;BR-290/RS;Decrescente;Acidentes de outra natureza;1;0;0;0;0;0;0;0;0;0;1;0;0;0;0
19/05/2022;20:46:21;251;Com vítima;91,000;BR-290/RS;Decrescente;Colisão lateral no mesmo sentido;1;0;1;0;0;0;0;0;0;0;2;1;0;0;0
19/05/2022;20:56:45;253;Com vítima;6,000;BR-290/RS;Crescente;Colisão traseira;1;0;0;0;0;2;0;0;0;0;4;0;1;0;0
19/05/2022;23:24:56;267;Sem vítima;80,000;BR-290/RS;Decrescente;Capotamento;1;0;0;0;0;0;0;0;0;0;0;0;0;0;0
20/05/2022;08:24:33;87;Com vítima;95,000;BR-290/RS;Crescente;Queda de moto;0;0;0;1;0;0;0;0;0;0;0;1;0;0;0
20/05/2022;10:36:53;132;Sem vítima;426,000;BR-386/RS;Decrescente;Colisão lateral no mesmo sentido;1;0;1;0;0;0;0;0;0;0;3;0;0;0;0
20/05/2022;12:25:36;155;Sem vítima;19,000;BR-290/RS;Decrescente;Colisão traseira;2;0;0;0;0;0;0;0;0;0;6;0;0;0;0
20/05/2022;12:27:10;156;Sem vítima;22,000;BR-290/RS;Crescente;Colisão lateral no mesmo sentido;1;0;0;0;0;0;0;0;0;0;1;0;0;0;0
20/05/2022;13:19:05;164;Sem vítima;96,000;BR-290/RS;Decrescente;Choque;1;0;0;0;0;0;0;0;0;0;1;0;0;0;0
20/05/2022;14:32:45;181;Sem vítima;334,000;BR-386/RS;Crescente;Engavetamento;2;0;0;0;0;0;0;0;0;0;3;0;0;0;0
20/05/2022;20:07:57;257;Sem vítima;60,000;BR-290/RS;Crescente;Colisão traseira;1;0;0;0;0;1;0;0;0;0;6;0;0;0;0
20/05/2022;20:46:04;262;Sem vítima;80,000;BR-290/RS;Crescente;Acidentes de outra natureza;0;0;1;0;0;0;0;0;0;0;1;0;0;0;0
20/05/2022;21:31:00;268;Sem vítima;440,000;BR-386/RS;Crescente;Acidentes de outra natureza;1;0;0;0;0;0;0;0;0;0;2;0;0;0;0
21/05/2022;07:49:11;42;Sem vítima;420,000;BR-386/RS;Crescente;Acidentes de outra natureza;1;0;0;0;0;0;0;0;0;0;2;0;0;0;0
21/05/2022;10:28:38;92;Sem vítima;299,000;BR-386/RS;Decrescente;Choque;1;0;0;0;0;0;0;0;0;0;3;0;0;0;0
21/05/2022;11:57:15;118;Sem vítima;83,000;BR-290/RS;Decrescente;Colisão transversal;1;0;1;0;0;0;0;0;0;0;2;0;0;0;0
21/05/2022;13:20:55;132;Sem vítima;79,000;BR-101/RS;Crescente;Acidentes de outra natureza;0;0;1;0;0;0;0;0;0;0;1;0;0;0;0
21/05/2022;15:12:12;153;Sem vítima;343,000;BR-386/RS;Decrescente;Colisão lateral no mesmo sentido;0;0;0;1;1;0;0;0;0;0;2;0;0;0;0
22/05/2022;01:40:16;11;Sem vítima;64,000;BR-290/RS;Decrescente;Colisão traseira;2;0;0;0;0;0;0;0;0;0;6;0;0;0;0
22/05/2022;06:03:57;29;Sem vítima;17,000;BR-101/RS;Decrescente;Choque;1;0;0;0;0;0;0;0;0;0;0;0;0;0;0
22/05/2022;07:07:04;36;Com vítima;76,000;BR-290/RS;Decrescente;Capotamento;1;0;0;0;0;0;0;0;0;0;0;0;0;1;0
22/05/2022;14:25:16;107;Com vítima;316,000;BR-386/RS;Crescente;Queda de moto;0;0;0;1;0;0;0;0;0;0;0;1;0;0;0
22/05/2022;14:58:48;112;Sem vítima;29,000;BR-290/RS;Decrescente;Acidentes de outra natureza;1;0;0;0;0;0;0;0;0;0;1;0;0;0;0
22/05/2022;16:41:16;131;Sem vítima;325,160;BR-386/RS;Decrescente;Choque;0;0;0;0;1;0;0;0;0;0;1;0;0;0;0
22/05/2022;19:58:48;173;Sem vítima;228,000;BR-386/RS;Decrescente;Colisão frontal;2;0;0;0;0;0;0;0;0;0;2;0;0;0;0
23/05/2022;01:42:29;6;Com vítima;293,000;BR-386/RS;Crescente;Acidentes de outra natureza;1;0;0;0;0;0;0;0;0;0;0;1;0;0;0
23/05/2022;04:32:30;12;Sem vítima;19,000;BR-290/RS;Crescente;Acidentes de outra natureza;0;0;1;0;0;0;0;0;0;0;1;0;0;0;0
23/05/2022;06:52:38;22;Sem vítima;407,000;BR-386/RS;Decrescente;Colisão lateral no mesmo sentido;1;0;0;0;0;0;0;0;0;0;1;0;0;0;0
23/05/2022;09:12:23;72;Sem vítima;307,000;BR-386/RS;Crescente;Tombamento;0;0;1;0;0;0;0;0;0;0;0;0;0;0;0
23/05/2022;14:42:59;147;Sem vítima;82,000;BR-101/RS;Decrescente;Colisão lateral no mesmo sentido;1;0;0;0;0;0;0;0;0;0;1;0;0;0;0
23/05/2022;14:51:11;148;Sem vítima;69,000;BR-101/RS;Crescente;Acidentes de outra natureza;1;0;0;0;0;0;0;0;0;0;0;0;0;0;0
23/05/2022;15:35:53;157;Sem vítima;75,000;BR-290/RS;Decrescente;Tombamento;0;0;0;0;0;1;0;0;0;0;0;0;0;0;0
23/05/2022;15:41:35;160;Sem vítima;60,000;BR-290/RS;Decrescente;Colisão lateral no mesmo sentido;1;0;0;0;0;0;0;0;0;0;1;0;0;0;0
23/05/2022;17:01:42;178;Com vítima;283,000;BR-386/RS;Decrescente;Choque;1;0;0;0;0;0;0;0;0;0;0;1;0;0;0
23/05/2022;17:36:35;188;Com vítima;81,000;BR-101/RS;Crescente;Capotamento;1;0;0;0;0;0;0;0;0;0;0;1;0;0;0
23/05/2022;21:32:40;233;Sem vítima;69,000;BR-290/RS;Crescente;Tombamento;0;0;1;0;0;0;0;0;0;0;1;0;0;0;0
24/05/2022;03:34:47;10;Sem vítima;11,000;BR-101/RS;Decrescente;Atropelamento de animal;1;0;0;0;0;0;0;0;0;0;1;0;0;0;0
24/05/2022;07:48:13;53;Com vítima;351,000;BR-386/RS;Decrescente;Colisão traseira;0;0;0;1;0;0;0;0;0;0;0;1;0;0;0
24/05/2022;10:29:49;119;Sem vítima;59,000;BR-290/RS;Crescente;Acidentes de outra natureza;1;0;0;0;0;0;0;0;0;0;1;0;0;0;0
24/05/2022;15:36:01;181;Com vítima;436,000;BR-386/RS;Decrescente;Colisão transversal;2;0;0;0;0;0;0;0;0;0;1;1;0;0;0
24/05/2022;18:18:01;205;Sem vítima;249,000;BR-386/RS;Decrescente;Colisão traseira;2;0;0;0;0;0;0;0;0;0;2;0;0;0;0
25/05/2022;09:11:21;124;Sem vítima;88,000;BR-290/RS;Decrescente;Choque;0;0;0;1;0;0;0;0;0;0;1;0;0;0;0
25/05/2022;12:35:27;193;Com vítima;83,000;BR-290/RS;Decrescente;Colisão traseira;1;0;0;0;0;0;0;0;0;0;1;0;1;0;0
25/05/2022;14:38:51;220;Sem vítima;326,000;BR-386/RS;Decrescente;Colisão lateral no mesmo sentido;1;0;0;0;0;0;0;0;0;0;1;0;0;0;0
25/05/2022;16:35:44;314;Sem vítima;414,000;BR-386/RS;Crescente;Colisão lateral no mesmo sentido;2;0;0;0;0;0;0;0;0;0;2;0;0;0;0
25/05/2022;18:02:18;274;Sem vítima;389,000;BR-386/RS;Crescente;Colisão lateral no mesmo sentido;1;0;0;0;0;0;0;0;0;0;2;0;0;0;0
25/05/2022;18:22:27;279;Sem vítima;342,000;BR-386/RS;Decrescente;Colisão frontal;2;0;0;0;0;0;0;0;0;0;2;0;0;0;0
25/05/2022;18:53:32;286;Sem vítima;192,140;BR-386/RS;Decrescente;Acidentes de outra natureza;1;0;0;0;0;0;0;0;0;0;1;0;0;0;0