data;horario;n_da_ocorrencia;tipo_de_ocorrencia;km;trecho;sentido;tipo_de_acidente;automovel;bicicleta;caminhao;moto;onibus;outros;tracao_animal;transporte_de_cargas_especiais;trator_maquinas;utilitarios;ilesos;levemente_feridos;moderadamente_feridos;gravemente_feridos;mortos
26/05/2022;02:15:45;5;Sem vítima;29,000;BR-290/RS;Crescente;Tombamento;0;0;1;0;0;0;0;0;0;0;1;0;0;0;0
26/05/2022;05:23:20;19;Sem vítima;86,000;BR-290/RS;Decrescente;Acidentes de outra natureza;1;0;0;0;0;0;0;0;0;0;1;0;0;0;0
26/05/2022;08:04:29;46;Com vítima;342,000;BR-386/RS;Decrescente;Colisão transversal;2;0;0;0;0;0;0;0;0;0;1;1;0;0;0
26/05/2022;16:50:50;180;Sem vítima;15,000;BR-101/RS;Crescente;Acidentes de outra natureza;1;0;0;0;0;0;0;0;0;0;1;0;0;0;0
26/05/2022;21:37:48;230;Sem vítima;409,000;BR-386/RS;Decrescente;Acidentes de outra natureza;1;0;0;0;0;0;0;0;0;0;1;0;0;0;0
27/05/2022;07:12:18;34;Com vítima;342,000;BR-386/RS;Crescente;Colisão lateral no mesmo sentido;0;0;0;1;1;0;0;0;0;0;2;0;1;0;0
27/05/2022;11:37:46;91;Sem vítima;306,000;BR-386/RS;Crescente;Acidentes de outra natureza;1;0;0;0;0;0;0;0;0;0;1;0;0;0;0
27/05/2022;12:46:27;102;Sem vítima;93,000;BR-290/RS;Crescente;Engavetamento;1;0;0;2;0;0;0;0;0;0;4;0;0;0;0
27/05/2022;13:42:31;109;Sem vítima;80,000;BR-290/RS;Decrescente;Choque;1;0;0;0;0;0;0;0;0;0;1;0;0;0;0
27/05/2022;13:45:15;110;Sem vítima;60,000;BR-290/RS;Decrescente;Colisão traseira;1;0;0;0;0;0;0;0;0;0;1;0;0;0;0
27/05/2022;14:17:05;113;Sem vítima;445,000;BR-386/RS;Decrescente;Colisão transversal;1;0;1;0;0;0;0;0;0;0;2;0;0;0;0
27/05/2022;14:39:43;119;Sem vítima;50,000;BR-290/RS;Decrescente;Choque;1;0;0;0;0;0;0;0;0;0;2;0;0;0;0
27/05/2022;15:33:13;131;Sem vítima;5,000;BR-290/RS;Decrescente;Choque;1;0;0;0;0;0;0;0;0;0;1;0;0;0;0
27/05/2022;19:08:45;173;Sem vítima;243,000;BR-386/RS;Decrescente;Acidentes de outra natureza;1;0;0;0;0;0;0;0;0;0;1;0;0;0;0
27/05/2022;19:46:34;180;Sem vítima;356,000;BR-386/RS;Crescente;Atropelamento de animal;1;0;0;0;0;0;0;0;0;0;0;0;0;0;0
27/05/2022;20:14:57;189;Sem vítima;305,000;BR-386/RS;Crescente;Colisão lateral no mesmo sentido;1;0;0;0;1;0;0;0;0;0;4;0;0;0;0
27/05/2022;20:27:14;192;Sem vítima;259,150;BR-386/RS;Decrescente;Atropelamento de animal;1;0;0;0;0;0;0;0;0;0;1;0;0;0;0
27/05/2022;22:47:08;221;Sem vítima;397,000;BR-386/RS;Decrescente;Acidentes de outra natureza;1;0;0;0;0;0;0;0;0;0;1;0;0;0;0
28/05/2022;07:57:25;36;Sem vítima;223,000;BR-386/RS;Crescente;Acidentes de outra natureza;1;0;0;0;0;0;0;0;0;0;1;0;0;0;0
28/05/2022;08:01:21;38;Sem vítima;306,000;BR-386/RS;Decrescente;Colisão lateral no mesmo sentido;1;0;1;0;0;0;0;0;0;0;3;0;0;0;0
28/05/2022;09:21:20;60;Sem vítima;426,000;BR-386/RS;Crescente;Choque;1;0;0;0;0;0;0;0;0;0;0;0;0;0;0
28/05/2022;13:26:32;105;Sem vítima;426,000;BR-386/RS;Decrescente;Choque;1;0;0;0;0;0;0;0;0;0;2;0;0;0;0
28/05/2022;19:16:28;158;Com vítima;343,000;BR-386/RS;Crescente;Queda de moto;0;0;0;1;0;0;0;0;0;0;1;1;0;0;0
28/05/2022;19:44:55;161;Sem vítima;92,000;BR-290/RS;Decrescente;Colisão lateral no mesmo sentido;1;0;0;0;0;0;0;0;0;0;1;0;0;0;0
29/05/2022;02:41:55;12;Sem vítima;14,000;BR-101/RS;Crescente;Choque;1;0;0;0;0;0;0;0;0;0;1;0;0;0;0
29/05/2022;05:07:24;20;Sem vítima;38,000;BR-101/RS;Decrescente;Tombamento;0;0;1;0;0;0;0;0;0;0;2;0;0;0;0
29/05/2022;07:40:40;39;Sem vítima;440,000;BR-386/RS;Decrescente;Acidentes de outra natureza;1;0;0;0;0;0;0;0;0;0;1;0;0;0;0
29/05/2022;10:19:15;57;Sem vítima;65,000;BR-290/RS;Decrescente;Acidentes de outra natureza;1;0;0;0;0;0;0;0;0;0;1;0;0;0;0
29/05/2022;12:09:36;70;Com vítima;2,000;BR-290/RS;Decrescente;Acidentes de outra natureza;1;0;0;0;0;0;0;0;0;0;1;1;0;0;0
29/05/2022;14:17:03;81;Sem vítima;60,000;BR-290/RS;Decrescente;Colisão lateral no mesmo sentido;1;0;1;0;0;0;0;0;0;0;3;0;0;0;0
29/05/2022;17:46:27;120;Sem vítima;437,000;BR-386/RS;Crescente;Acidentes de outra natureza;1;0;0;0;0;0;0;0;0;0;1;0;0;0;0
29/05/2022;18:10:32;124;Sem vítima;15,000;BR-101/RS;Decrescente;Colisão traseira;0;0;1;0;0;0;0;0;0;0;0;0;0;0;0
29/05/2022;18:20:28;128;Com vítima;65,000;BR-290/RS;Crescente;Capotamento;1;0;0;0;0;0;0;0;0;0;0;0;1;0;0
29/05/2022;20:21:16;159;Sem vítima;305,580;BR-386/RS;Crescente;Choque;1;0;0;0;0;0;0;0;0;0;2;0;0;0;0
29/05/2022;21:05:58;168;Sem vítima;332,000;BR-386/RS;Decrescente;Colisão lateral no mesmo sentido;1;0;0;0;0;0;0;0;0;0;1;0;0;0;0
29/05/2022;23:46:41;188;Com vítima;269,000;BR-386/RS;Crescente;Colisão frontal;1;0;0;0;1;0;0;0;0;0;2;0;2;0;0
30/05/2022;06:16:36;23;Sem vítima;367,000;BR-386/RS;Decrescente;Colisão lateral no mesmo sentido;0;0;2;0;0;0;0;0;0;0;2;0;0;0;0
30/05/2022;06:42:43;27;Sem vítima;400,000;BR-386/RS;Crescente;Acidentes de outra natureza;1;0;0;0;0;0;0;0;0;0;0;0;0;0;0
30/05/2022;07:44:46;53;Sem vítima;86,000;BR-290/RS;Crescente;Colisão traseira;2;0;0;0;0;0;0;0;0;0;5;0;0;0;0
30/05/2022;07:53:09;59;Sem vítima;86,000;BR-290/RS;Crescente;Colisão traseira;2;0;0;0;0;0;0;0;0;0;4;0;0;0;0
30/05/2022;08:42:07;80;Sem vítima;435,000;BR-386/RS;Decrescente;Colisão lateral no mesmo sentido;1;0;0;0;0;0;0;0;0;1;2;0;0;0;0
30/05/2022;09:21:33;97;Sem vítima;96,000;BR-290/RS;Crescente;Colisão traseira;1;0;0;0;0;0;0;0;0;0;1;0;0;0;0
30/05/2022;11:28:20;135;Sem vítima;39,300;BR-101/RS;Decrescente;Choque;1;0;0;0;0;0;0;0;0;0;1;0;0;0;0
30/05/2022;12:55:45;149;Sem vítima;4,000;BR-101/RS;Decrescente;Choque;0;0;0;0;0;1;0;0;0;0;0;0;0;0;0
30/05/2022;17:48:22;212;Sem vítima;215,000;BR-386/RS;Crescente;Colisão frontal;1;0;0;0;0;0;0;0;0;0;2;0;0;0;0
30/05/2022;18:29:56;218;Sem vítima;432,000;BR-386/RS;Decrescente;Choque;1;0;0;0;0;0;0;0;0;0;0;0;0;0;0
30/05/2022;18:40:42;222;Sem vítima;80,000;BR-290/RS;Crescente;Atropelamento de animal;1;0;0;0;0;0;0;0;0;0;1;0;0;0;0
31/05/2022;01:21:04;2;Sem vítima;393,000;BR-386/RS;Crescente;Acidentes de outra natureza;1;0;0;0;0;0;0;0;0;0;3;0;0;0;0
31/05/2022;01:56:35;6;Sem vítima;50,000;BR-101/RS;Decrescente;Atropelamento de animal;1;0;0;0;0;0;0;0;0;0;2;0;0;0;0
31/05/2022;06:40:01;26;Com vítima;434,000;BR-386/RS;Decrescente;Colisão traseira;0;0;1;0;0;0;0;0;0;1;1;0;1;0;0
31/05/2022;08:55:40;228;Sem vítima;348,000;BR-386/RS;Decrescente;Acidentes de outra natureza;0;0;1;0;0;0;0;0;0;0;1;0;0;0;0
31/05/2022;16:52:18;346;Com vítima;325,000;BR-386/RS;Crescente;Colisão lateral no mesmo sentido;1;0;0;1;0;0;0;0;0;0;3;1;0;0;0
31/05/2022;17:53:36;359;Sem vítima;94,000;BR-290/RS;Decrescente;Queda de moto;0;0;0;1;0;0;0;0;0;0;0;0;0;0;0
31/05/2022;18:19:30;362;Sem vítima;91,000;BR-290/RS;Decrescente;Choque;1;0;0;0;0;0;0;0;0;0;2;0;0;0;0
31/05/2022;18:46:48;372;Sem vítima;53,000;BR-101/RS;Decrescente;Atropelamento de pedestre;0;0;1;0;0;0;0;0;0;0;0;0;0;0;0
31/05/2022;18:51:55;374;Sem vítima;91,000;BR-290/RS;Decrescente;Queda de moto;0;0;0;1;0;0;0;0;0;0;1;0;0;0;0
31/05/2022;19:13:25;376;Com vítima;345,000;BR-386/RS;Crescente;Colisão traseira;1;0;0;1;0;0;0;0;0;0;0;0;1;0;0
31/05/2022;19:34:02;378;Com vítima;92,000;BR-290/RS;Decrescente;Colisão traseira;2;0;0;1;0;0;0;0;0;0;2;0;0;1;0
31/05/2022;21:04:45;394;Sem vítima;92,360;BR-290/RS;Decrescente;Colisão transversal;1;0;1;0;0;0;0;0;0;0;2;0;0;0;0
31/05/2022;21:58:10;397;Sem vítima;37,000;BR-290/RS;Decrescente;Choque;0;0;0;0;1;0;0;0;0;0;5;0;0;0;0
31/05/2022;22:01:28;398;Sem vítima;24,000;BR-290/RS;Decrescente;Choque;1;0;0;0;0;0;0;0;0;0;0;0;0;0;0
01/06/2022;06:56:33;24;Sem vítima;306,000;BR-386/RS;Decrescente;Tombamento;0;0;1;0;0;0;0;0;0;0;1;0;0;0;0
01/06/2022;07:21:51;33;Sem vítima;75,000;BR-290/RS;Decrescente;Queda de moto;0;0;0;1;0;0;0;0;0;0;0;0;0;0;0
01/06/2022;10:21:07;95;Sem vítima;324,000;BR-386/RS;Decrescente;Colisão traseira;2;0;0;0;0;0;0;0;0;0;4;0;0;0;0
01/06/2022;17:58:28;183;Sem vítima;97,190;BR-290/RS;Crescente;Acidentes de outra natureza;0;0;0;0;0;0;0;0;0;0;0;0;0;0;0
01/06/2022;17:58:59;177;Sem vítima;97,000;BR-290/RS;Crescente;Engavetamento;1;0;0;0;0;0;0;0;0;0;2;0;0;0;0
02/06/2022;03:22:28;7;Sem vítima;9,000;BR-290/RS;Crescente;Acidentes de outra natureza;1;0;0;0;0;0;0;0;0;0;1;0;0;0;0
02/06/2022;14:00:14;127;Sem vítima;80,000;BR-290/RS;Crescente;Acidentes de outra natureza;1;0;0;0;0;0;0;0;0;0;1;0;0;0;0
02/06/2022;17:41:28;167;Com vítima;354,000;BR-386/RS;Crescente;Capotamento;1;0;0;0;0;0;0;0;0;0;0;1;0;0;0
02/06/2022;18:45:38;177;Sem vítima;351,130;BR-386/RS;Crescente;Engavetamento;0;0;0;0;0;0;0;0;0;0;0;0;0;0;0
02/06/2022;23:20:36;216;Sem vítima;346,000;BR-386/RS;Decrescente;Colisão lateral no mesmo sentido;0;0;1;0;0;0;0;0;0;0;1;0;0;0;0
03/06/2022;10:45:38;117;Sem vítima;60,000;BR-290/RS;Decrescente;Colisão traseira;1;0;0;0;0;0;0;0;0;0;1;0;0;0;0
03/06/2022;16:21:50;184;Sem vítima;412,000;BR-386/RS;Decrescente;Colisão traseira;1;0;0;0;0;0;0;0;0;0;1;0;0;0;0
03/06/2022;17:07:38;199;Sem vítima;60,000;BR-290/RS;Decrescente;Colisão lateral no mesmo sentido;0;0;0;0;0;0;0;0;0;0;0;0;0;0;0
03/06/2022;19:18:13;227;Sem vítima;86,000;BR-290/RS;Decrescente;Engavetamento;1;0;0;0;0;0;0;0;0;0;1;0;0;0;0
03/06/2022;21:00:15;250;Sem vítima;361,000;BR-386/RS;Decrescente;Atropelamento de animal;1;0;0;0;0;0;0;0;0;0;1;0;0;0;0
03/06/2022;21:25:41;254;Com vítima;89,000;BR-290/RS;Decrescente;Choque;1;0;0;0;0;0;0;0;0;0;0;0;0;1;0
04/06/2022;03:33:57;21;Sem vítima;296,000;BR-386/RS;Crescente;Atropelamento de animal;1;0;0;0;0;0;0;0;0;0;1;0;0;0;0
04/06/2022;04:06:20;23;Sem vítima;26,000;BR-290/RS;Decrescente;Choque;1;0;0;0;0;0;0;0;0;0;1;0;0;0;0
04/06/2022;06:22:34;29;Sem vítima;88,000;BR-290/RS;Decrescente;Colisão traseira;2;0;0;0;0;0;0;0;0;0;3;0;0;0;0
04/06/2022;10:17:01;72;Sem vítima;60,000;BR-290/RS;Decrescente;Acidentes de outra natureza;0;0;0;0;0;0;0;0;0;0;0;0;0;0;0
04/06/2022;10:53:17;80;Com vítima;442,000;BR-386/RS;Decrescente;Atropelamento de animal;1;0;0;0;0;0;0;0;0;0;1;0;0;0;0
04/06/2022;20:14:12;170;Sem vítima;271,000;BR-386/RS;Crescente;Atropelamento de animal;0;0;0;1;0;0;0;0;0;0;0;0;0;0;0
05/06/2022;01:36:45;3;Sem vítima;12,000;BR-101/RS;Crescente;Colisão traseira;1;0;0;0;0;0;0;0;0;0;1;0;0;0;0
05/06/2022;03:43:45;12;Sem vítima;367,000;BR-386/RS;Crescente;Acidentes de outra natureza;1;0;0;0;0;0;0;0;0;0;0;0;0;0;0
05/06/2022;04:11:18;14;Sem vítima;438,000;BR-386/RS;Crescente;Colisão lateral no mesmo sentido;1;0;0;0;0;0;0;0;0;0;0;0;0;0;0
05/06/2022;04:56:36;16;Sem vítima;41,000;BR-290/RS;Crescente;Tombamento;0;0;1;0;0;0;0;0;0;0;1;0;0;0;0
05/06/2022;07:34:19;37;Sem vítima;85,000;BR-290/RS;Crescente;Choque;1;0;0;0;0;0;0;0;0;0;1;0;0;0;0
05/06/2022;12:56:55;71;Sem vítima;50,000;BR-290/RS;Decrescente;Choque;1;0;0;0;0;0;0;0;0;0;1;0;0;0;0
05/06/2022;13:16:32;76;Sem vítima;50,000;BR-290/RS;Decrescente;Acidentes de outra natureza;1;0;0;0;0;0;0;0;0;0;1;0;0;0;0
05/06/2022;13:28:21;77;Sem vítima;423,000;BR-386/RS;Crescente;Acidentes de outra natureza;1;0;0;0;0;0;0;0;0;0;1;0;0;0;0
05/06/2022;13:51:41;78;Sem vítima;92,000;BR-290/RS;Crescente;Colisão lateral no mesmo sentido;0;0;0;0;0;0;0;0;0;0;0;0;0;0;0
05/06/2022;14:20:57;84;Sem vítima;10,000;BR-101/RS;Decrescente;Acidentes de outra natureza;1;0;0;0;0;0;0;0;0;0;0;0;0;0;0
05/06/2022;15:00:26;89;Sem vítima;390,000;BR-386/RS;Crescente;Tombamento;0;0;0;0;0;1;0;0;0;0;0;0;0;0;0
05/06/2022;15:10:43;90;Sem vítima;10,000;BR-101/RS;Decrescente;Acidentes de outra natureza;1;0;0;0;0;0;0;0;0;0;1;0;0;0;0
05/06/2022;15:29:33;92;Sem vítima;369,000;BR-386/RS;Crescente;Acidentes de outra natureza;1;0;0;0;0;0;0;0;0;0;0;0;0;0;0
05/06/2022;16:11:28;97;Sem vítima;422,000;BR-386/RS;Crescente;Acidentes de outra natureza;1;0;0;0;0;0;0;0;0;0;1;0;0;0;0
05/06/2022;17:21:21;109;Sem vítima;60,000;BR-290/RS;Crescente;Colisão traseira;1;0;0;0;0;0;0;0;0;0;1;0;0;0;0
05/06/2022;19:48:00;142;Sem vítima;11,000;BR-101/RS;Crescente;Colisão lateral no mesmo sentido;1;0;0;0;0;0;0;0;0;0;1;0;0;0;0
05/06/2022;21:05:46;154;Sem vítima;348,000;BR-386/RS;Decrescente;Capotamento;2;0;0;0;0;0;0;0;0;0;2;0;0;0;0
06/06/2022;01:11:55;3;Sem vítima;346,000;BR-386/RS;Decrescente;Acidentes de outra natureza;1;0;0;0;0;0;0;0;0;0;1;0;0;0;0
06/06/2022;03:10:45;8;Sem vítima;345,000;BR-386/RS;Decrescente;Acidentes de outra natureza;1;0;0;0;0;0;0;0;0;0;1;0;0;0;0
06/06/2022;04:57:37;13;Sem vítima;380,000;BR-386/RS;Decrescente;Acidentes de outra natureza;1;0;0;0;0;0;0;0;0;0;1;0;0;0;0
06/06/2022;07:18:52;33;Sem vítima;421,000;BR-386/RS;Decrescente;Choque;1;0;0;0;0;0;0;0;0;0;1;0;0;0;0
06/06/2022;07:24:54;34;Sem vítima;60,000;BR-290/RS;Crescente;Colisão traseira;0;0;1;0;0;0;0;0;0;0;0;0;0;0;0
06/06/2022;08:53:59;52;Com vítima;95,000;BR-290/RS;Crescente;Colisão traseira;2;0;0;0;0;0;0;0;0;0;0;2;0;0;0
06/06/2022;11:16:50;86;Sem vítima;94,000;BR-290/RS;Decrescente;Choque;1;0;0;0;0;0;0;0;0;0;1;0;0;0;0
06/06/2022;18:48:26;169;Sem vítima;60,000;BR-290/RS;Crescente;Acidentes de outra natureza;1;0;0;0;0;0;0;0;0;0;1;0;0;0;0
06/06/2022;19:20:49;180;Sem vítima;90,000;BR-290/RS;Decrescente;Colisão traseira;0;0;0;0;0;0;0;0;0;0;0;0;0;0;0
06/06/2022;19:57:43;190;Sem vítima;91,000;BR-290/RS;Decrescente;Engavetamento;1;0;0;0;0;0;0;0;0;0;1;0;0;0;0
07/06/2022;09:11:34;62;Sem vítima;307,000;BR-386/RS;Decrescente;Acidentes de outra natureza;1;0;0;0;0;0;0;0;0;0;1;0;0;0;0
07/06/2022;16:43:04;171;Sem vítima;291,000;BR-386/RS;Decrescente;Tombamento;0;0;0;0;0;1;0;0;0;0;1;0;0;0;0
07/06/2022;17:03:48;174;Sem vítima;292,000;BR-386/RS;Decrescente;Choque;1;0;0;0;0;0;0;0;0;0;0;0;0;0;0
07/06/2022;18:42:36;190;Sem vítima;78,000;BR-290/RS;Crescente;Choque;1;0;0;0;0;0;0;0;0;0;1;0;0;0;0
07/06/2022;20:27:04;211;Sem vítima;446,000;BR-386/RS;Crescente;Colisão traseira;0;0;0;0;0;0;0;0;0;0;0;0;0;0;0
08/06/2022;16:17:56;154;Sem vítima;71,000;BR-101/RS;Crescente;Colisão lateral no mesmo sentido;1;0;0;0;0;0;0;0;0;0;1;0;0;0;0
08/06/2022;18:15:21;181;Sem vítima;299,000;BR-386/RS;Crescente;Colisão lateral no mesmo sentido;1;0;0;0;0;0;0;0;0;0;1;0;0;0;0
08/06/2022;18:42:50;187;Sem vítima;75,000;BR-290/RS;Decrescente;Engavetamento;1;0;0;0;0;0;0;0;0;0;1;0;0;0;0
09/06/2022;01:22:41;8;Sem vítima;50,340;BR-101/RS;Decrescente;Acidentes de outra natureza;0;0;0;0;1;0;0;0;0;0;1;0;0;0;0
09/06/2022;01:41:56;13;Sem vítima;52,000;BR-290/RS;Decrescente;Acidentes de outra natureza;0;0;1;0;0;0;0;0;0;0;1;0;0;0;0
09/06/2022;05:26:14;19;Sem vítima;418,000;BR-386/RS;Decrescente;Colisão traseira;0;0;0;0;1;0;0;0;0;0;0;0;0;0;0
09/06/2022;05:39:01;22;Sem vítima;422,000;BR-386/RS;Decrescente;Acidentes de outra natureza;1;0;0;0;0;0;0;0;0;0;1;0;0;0;0
09/06/2022;06:27:44;25;Sem vítima;80,000;BR-290/RS;Decrescente;Acidentes de outra natureza;1;0;0;0;0;0;0;0;0;0;1;0;0;0;0
09/06/2022;07:54:08;44;Sem vítima;307,000;BR-386/RS;Crescente;Colisão lateral no mesmo sentido;0;0;0;0;0;0;0;0;0;0;0;0;0;0;0
09/06/2022;10:49:06;103;Sem vítima;375,000;BR-386/RS;Decrescente;Choque;0;0;1;0;0;0;0;0;0;0;1;0;0;0;0
09/06/2022;14:33:56;160;Sem vítima;75,000;BR-101/RS;Decrescente;Acidentes de outra natureza;1;0;0;0;0;0;0;0;0;0;1;0;0;0;0
09/06/2022;20:06:43;220;Sem vítima;92,000;BR-290/RS;Decrescente;Colisão lateral no mesmo sentido;0;0;1;0;0;0;0;0;0;0;1;0;0;0;0
09/06/2022;20:32:11;228;Sem vítima;92,000;BR-290/RS;Decrescente;Colisão lateral no mesmo sentido;1;0;0;0;0;0;0;0;0;0;1;0;0;0;0
10/06/2022;07:13:34;251;Sem vítima;60,000;BR-290/RS;Decrescente;Colisão lateral no mesmo sentido;0;0;2;0;0;0;0;0;0;0;2;0;0;0;0
10/06/2022;07:59:59;280;Sem vítima;4,000;BR-290/RS;Crescente;Acidentes de outra natureza;1;0;0;0;0;0;0;0;0;0;1;0;0;0;0
10/06/2022;08:19:31;285;Sem vítima;11,000;BR-290/RS;Decrescente;Acidentes de outra natureza;1;0;0;0;0;0;0;0;0;0;1;0;0;0;0
10/06/2022;13:18:59;364;Sem vítima;435,000;BR-386/RS;Crescente;Colisão lateral no mesmo sentido;0;0;1;0;0;0;0;0;0;0;1;0;0;0;0
10/06/2022;15:26:26;388;Sem vítima;90,000;BR-290/RS;Decrescente;Colisão lateral no mesmo sentido;2;0;0;0;0;0;0;0;0;0;2;0;0;0;0
10/06/2022;16:45:33;402;Sem vítima;426,000;BR-386/RS;Crescente;Acidentes de outra natureza;1;0;0;0;0;0;0;0;0;0;1;0;0;0;0
10/06/2022;16:57:31;406;Sem vítima;35,000;BR-101/RS;Decrescente;Choque;0;0;1;0;0;0;0;0;0;0;1;0;0;0;0
11/06/2022;03:39:44;20;Sem vítima;307,000;BR-386/RS;Crescente;Tombamento;0;0;1;0;0;0;0;0;0;0;1;0;0;0;0
11/06/2022;09:44:01;78;Sem vítima;339,000;BR-386/RS;Crescente;Colisão traseira;1;0;0;0;0;0;0;0;0;0;1;0;0;0;0
11/06/2022;09:49:49;79;Sem vítima;308,000;BR-386/RS;Decrescente;Colisão traseira;1;0;0;0;0;0;0;0;0;0;1;0;0;0;0
11/06/2022;21:29:28;184;Sem vítima;383,000;BR-386/RS;Crescente;Acidentes de outra natureza;1;0;0;0;0;0;0;0;0;0;1;0;0;0;0
11/06/2022;23:55:43;194;Com vítima;70,000;BR-290/RS;Crescente;Acidentes de outra natureza;1;0;0;0;0;0;0;0;0;0;0;0;1;0;0
12/06/2022;00:30:36;2;Sem vítima;405,000;BR-386/RS;Crescente;Acidentes de outra natureza;1;0;0;0;0;0;0;0;0;0;0;0;0;0;0
12/06/2022;07:33:25;36;Sem vítima;392,000;BR-386/RS;Decrescente;Acidentes de outra natureza;1;0;0;0;0;0;0;0;0;0;1;0;0;0;0
12/06/2022;08:16:44;44;Sem vítima;20,000;BR-101/RS;Crescente;Colisão lateral no mesmo sentido;0;0;0;0;0;0;0;0;0;0;0;0;0;0;0
12/06/2022;16:30:14;111;Sem vítima;383,000;BR-386/RS;Crescente;Colisão lateral no mesmo sentido;1;0;0;0;0;0;0;0;0;0;1;0;0;0;0
12/06/2022;16:47:44;115;Sem vítima;60,000;BR-290/RS;Crescente;Choque;0;0;1;0;0;0;0;0;0;0;1;0;0;0;0
12/06/2022;16:48:17;114;Sem vítima;382,000;BR-386/RS;Decrescente;Acidentes de outra natureza;1;0;0;0;0;0;0;0;0;0;1;0;0;0;0
12/06/2022;17:09:49;120;Sem vítima;412,000;BR-386/RS;Decrescente;Acidentes de outra natureza;1;0;0;0;0;0;0;0;0;0;1;0;0;0;0
12/06/2022;18:53:10;137;Sem vítima;380,000;BR-386/RS;Decrescente;Colisão transversal;1;0;0;0;0;0;0;0;0;0;1;0;0;0;0
12/06/2022;21:23:37;168;Sem vítima;348,160;BR-386/RS;Crescente;Colisão lateral no mesmo sentido;0;0;1;0;0;0;0;0;0;0;1;0;0;0;0
12/06/2022;21:51:42;179;Sem vítima;245,000;BR-386/RS;Decrescente;Colisão lateral no mesmo sentido;1;0;0;0;0;0;0;0;0;0;1;0;0;0;0
12/06/2022;22:21:20;184;Sem vítima;57,000;BR-290/RS;Crescente;Acidentes de outra natureza;1;0;0;0;0;0;0;0;0;0;1;0;0;0;0
13/06/2022;01:10:22;7;Sem vítima;266,000;BR-386/RS;Crescente;Acidentes de outra natureza;1;0;0;0;0;0;0;0;0;0;1;0;0;0;0
13/06/2022;01:14:10;8;Sem vítima;18,000;BR-290/RS;Crescente;Choque;1;0;0;0;0;0;0;0;0;0;1;0;0;0;0
13/06/2022;07:55:35;76;Sem vítima;92,000;BR-290/RS;Crescente;Colisão lateral no mesmo sentido;1;0;0;0;0;0;0;0;0;0;1;0;0;0;0
13/06/2022;12:38:27;160;Com vítima;22,000;BR-101/RS;Crescente;Queda de moto;0;0;0;1;0;0;0;0;0;0;0;1;0;0;0
13/06/2022;12:55:27;163;Sem vítima;426,000;BR-386/RS;Crescente;Colisão lateral no mesmo sentido;0;0;1;0;0;0;0;0;0;0;0;0;0;0;0
13/06/2022;14:48:25;188;Sem vítima;444,000;BR-386/RS;Crescente;Colisão transversal;1;0;0;0;0;0;0;0;0;0;1;0;0;0;0
13/06/2022;15:49:21;200;Sem vítima;77,000;BR-101/RS;Decrescente;Acidentes de outra natureza;0;0;1;0;0;0;0;0;0;0;1;0;0;0;0
13/06/2022;16:18:29;206;Sem vítima;279,000;BR-386/RS;Crescente;Colisão traseira;1;0;0;0;0;0;0;0;0;0;1;0;0;0;0
13/06/2022;16:41:00;213;Sem vítima;404,000;BR-386/RS;Crescente;Colisão lateral no mesmo sentido;0;0;1;0;0;0;0;0;0;0;1;0;0;0;0
13/06/2022;19:20:56;248;Sem vítima;324,000;BR-386/RS;Crescente;Colisão transversal;2;0;0;0;0;0;0;0;0;0;2;0;0;0;0
13/06/2022;21:01:31;270;Sem vítima;91,000;BR-290/RS;Decrescente;Colisão traseira;1;0;0;0;0;0;0;0;0;0;1;0;0;0;0
14/06/2022;04:38:08;15;Sem vítima;405,000;BR-386/RS;Crescente;Acidentes de outra natureza;1;0;0;0;0;0;0;0;0;0;1;0;0;0;0
14/06/2022;15:46:45;174;Sem vítima;342,000;BR-386/RS;Decrescente;Colisão lateral no mesmo sentido;0;0;0;2;0;0;0;0;0;0;2;0;0;0;0
14/06/2022;17:34:22;182;Com vítima;358,000;BR-386/RS;Crescente;Colisão traseira;2;0;0;0;0;0;0;0;0;0;0;2;0;0;0
14/06/2022;18:10:26;185;Sem vítima;257,000;BR-386/RS;Decrescente;Colisão frontal;1;0;0;0;0;0;0;0;0;0;0;0;0;0;0