data;horario;n_da_ocorrencia;tipo_de_ocorrencia;km;trecho;sentido;tipo_de_acidente;automovel;bicicleta;caminhao;moto;onibus;outros;tracao_animal;transporte_de_cargas_especiais;trator_maquinas;utilitarios;ilesos;levemente_feridos;moderadamente_feridos;gravemente_feridos;mortos
03/07/2022;11:14:30;51;Com vítima;47,000;BR-290/RS;Crescente;Capotamento;1;0;0;0;0;0;0;0;0;0;0;0;1;0;0
03/07/2022;13:06:35;68;Sem vítima;10,000;BR-101/RS;Crescente;Choque;1;0;0;0;0;0;0;0;0;0;1;0;0;0;0
03/07/2022;19:08:41;109;Com vítima;214,000;BR-386/RS;Decrescente;Colisão frontal;2;0;0;0;0;0;0;0;0;0;0;2;0;0;0
03/07/2022;21:02:26;120;Sem vítima;90,000;BR-290/RS;Crescente;Colisão lateral no mesmo sentido;0;0;0;0;0;1;0;0;0;0;1;0;0;0;0
04/07/2022;05:45:54;30;Sem vítima;426,000;BR-386/RS;Decrescente;Colisão traseira;1;0;0;0;0;0;0;0;0;0;0;0;0;0;0
04/07/2022;06:26:10;35;Sem vítima;222,000;BR-386/RS;Decrescente;Colisão lateral no mesmo sentido;0;0;0;0;1;0;0;0;0;0;1;0;0;0;0
04/07/2022;06:46:50;37;Com vítima;346,000;BR-386/RS;Crescente;Acidentes de outra natureza;1;0;0;0;0;0;0;0;0;0;0;1;0;0;0
04/07/2022;06:58:32;41;Sem vítima;367,000;BR-386/RS;Decrescente;Acidentes de outra natureza;1;0;0;0;0;0;0;0;0;0;1;0;0;0;0
04/07/2022;07:12:51;46;Sem vítima;22,000;BR-290/RS;Crescente;Colisão traseira;1;0;0;0;0;0;0;0;0;0;1;0;0;0;0
04/07/2022;08:59:06;90;Sem vítima;22,000;BR-101/RS;Decrescente;Choque;1;0;0;0;0;0;0;0;0;0;1;0;0;0;0
04/07/2022;18:11:52;230;Sem vítima;346,000;BR-386/RS;Decrescente;Colisão lateral no mesmo sentido;1;0;0;0;0;0;0;0;0;0;0;0;0;0;0
04/07/2022;18:30:28;232;Sem vítima;414,000;BR-386/RS;Decrescente;Acidentes de outra natureza;1;0;0;0;0;0;0;0;0;0;1;0;0;0;0
04/07/2022;18:49:39;240;Sem vítima;91,000;BR-290/RS;Crescente;Colisão traseira;0;0;0;0;0;0;0;0;0;0;0;0;0;0;0
04/07/2022;19:41:46;251;Sem vítima;26,000;BR-290/RS;Decrescente;Acidentes de outra natureza;1;0;0;0;0;0;0;0;0;0;1;0;0;0;0
04/07/2022;23:58:53;279;Sem vítima;322,000;BR-386/RS;Decrescente;Engavetamento;0;0;1;0;0;0;0;0;0;0;1;0;0;0;0
05/07/2022;05:12:55;16;Sem vítima;308,000;BR-386/RS;Decrescente;Acidentes de outra natureza;0;0;1;0;0;0;0;0;0;0;1;0;0;0;0
05/07/2022;06:09:02;20;Com vítima;307,000;BR-386/RS;Crescente;Tombamento;0;0;1;0;0;0;0;0;0;0;0;1;0;0;0
05/07/2022;07:44:32;39;Sem vítima;69,000;BR-290/RS;Decrescente;Colisão frontal;2;0;0;0;0;0;0;0;0;0;2;0;0;0;0
05/07/2022;09:50:51;95;Sem vítima;56,000;BR-101/RS;Decrescente;Acidentes de outra natureza;0;0;0;0;1;0;0;0;0;0;1;0;0;0;0
05/07/2022;18:12:40;186;Sem vítima;91,000;BR-290/RS;Decrescente;Colisão traseira;0;0;0;1;0;0;0;0;0;0;1;0;0;0;0
05/07/2022;19:21:38;201;Sem vítima;407,000;BR-386/RS;Crescente;Acidentes de outra natureza;1;0;0;0;0;0;0;0;0;0;1;0;0;0;0
06/07/2022;00:28:38;4;Sem vítima;437,000;BR-386/RS;Crescente;Atropelamento de pedestre;0;0;0;0;0;0;0;0;0;0;0;0;0;0;0
06/07/2022;06:03:35;16;Sem vítima;417,000;BR-386/RS;Decrescente;Tombamento;0;0;1;0;0;0;0;0;0;0;1;0;0;0;0
06/07/2022;06:49:26;21;Sem vítima;325,000;BR-386/RS;Decrescente;Acidentes de outra natureza;1;0;0;0;0;0;0;0;0;0;1;0;0;0;0
06/07/2022;14:43:39;164;Sem vítima;180,000;BR-386/RS;Crescente;Colisão transversal;0;0;1;0;0;0;0;0;0;0;1;0;0;0;0
06/07/2022;18:20:49;201;Sem vítima;19,000;BR-290/RS;Decrescente;Colisão transversal;0;0;1;0;0;0;0;0;0;0;0;0;0;0;0
06/07/2022;18:49:44;208;Sem vítima;379,000;BR-386/RS;Crescente;Colisão lateral no mesmo sentido;1;0;0;0;0;0;0;0;0;0;2;0;0;0;0
06/07/2022;18:53:48;210;Sem vítima;16,000;BR-290/RS;Crescente;Colisão lateral no mesmo sentido;2;0;0;0;0;0;0;0;0;0;2;0;0;0;0
06/07/2022;18:58:25;211;Sem vítima;345,000;BR-386/RS;Crescente;Queda de moto;1;0;0;0;0;0;0;0;0;0;1;0;0;0;0
06/07/2022;19:34:45;216;Sem vítima;346,340;BR-386/RS;Crescente;Acidentes de outra natureza;1;0;0;0;0;0;0;0;0;0;0;0;0;0;0
06/07/2022;20:38:05;229;Sem vítima;385,000;BR-386/RS;Decrescente;Acidentes de outra natureza;1;0;0;0;0;0;0;0;0;0;1;0;0;0;0
07/07/2022;07:13:29;30;Sem vítima;195,000;BR-386/RS;Crescente;Acidentes de outra natureza;1;0;0;0;0;0;0;0;0;0;1;0;0;0;0
07/07/2022;13:04:01;144;Sem vítima;308,000;BR-386/RS;Crescente;Acidentes de outra natureza;0;0;1;0;0;0;0;0;0;0;1;0;0;0;0
07/07/2022;14:33:53;155;Sem vítima;74,000;BR-290/RS;Decrescente;Queda de moto;0;0;0;1;0;0;0;0;0;0;1;0;0;0;0
07/07/2022;15:42:10;166;Sem vítima;433,000;BR-386/RS;Crescente;Acidentes de outra natureza;0;0;0;0;1;0;0;0;0;0;1;0;0;0;0
07/07/2022;17:21:36;184;Sem vítima;21,000;BR-101/RS;Crescente;Colisão lateral no mesmo sentido;1;0;0;0;0;0;0;0;0;0;1;0;0;0;0
07/07/2022;18:15:17;198;Sem vítima;19,000;BR-290/RS;Decrescente;Colisão traseira;0;0;1;0;0;0;0;0;0;0;1;0;0;0;0
08/07/2022;02:22:38;10;Sem vítima;307,000;BR-386/RS;Crescente;Acidentes de outra natureza;0;0;1;0;0;0;0;0;0;0;1;0;0;0;0
08/07/2022;06:19:07;28;Sem vítima;39,000;BR-290/RS;Decrescente;Tombamento;0;0;1;0;0;0;0;0;0;0;1;0;0;0;0
08/07/2022;07:15:40;36;Sem vítima;434,000;BR-386/RS;Decrescente;Colisão traseira;1;0;0;0;0;0;0;0;0;0;0;0;0;0;0
08/07/2022;09:21:32;97;Com vítima;252,000;BR-386/RS;Decrescente;Capotamento;1;0;0;0;0;0;0;0;0;0;0;1;0;0;0
08/07/2022;13:12:50;151;Sem vítima;65,000;BR-290/RS;Crescente;Acidentes de outra natureza;1;0;0;0;0;0;0;0;0;0;1;0;0;0;0
08/07/2022;15:22:44;168;Sem vítima;434,000;BR-386/RS;Decrescente;Colisão transversal;1;0;0;0;0;0;0;0;0;0;0;0;0;0;0
08/07/2022;19:00:53;211;Sem vítima;431,000;BR-386/RS;Decrescente;Colisão lateral no mesmo sentido;0;0;1;0;0;1;0;0;0;0;3;0;0;0;0
08/07/2022;19:53:41;221;Sem vítima;390,000;BR-386/RS;Decrescente;Colisão traseira;2;0;0;0;0;0;0;0;0;0;2;0;0;0;0
08/07/2022;22:18:35;238;Sem vítima;359,000;BR-386/RS;Decrescente;Acidentes de outra natureza;1;0;0;0;0;0;0;0;0;0;1;0;0;0;0
09/07/2022;00:50:14;6;Sem vítima;439,000;BR-386/RS;Decrescente;Capotamento;1;0;0;0;0;0;0;0;0;0;2;0;0;0;0
09/07/2022;01:50:41;8;Com vítima;13,000;BR-101/RS;Decrescente;Colisão traseira;2;0;0;0;0;0;0;0;0;0;1;0;5;0;0
09/07/2022;06:38:38;25;Sem vítima;70,000;BR-290/RS;Decrescente;Colisão lateral no mesmo sentido;1;0;0;0;1;0;0;0;0;0;2;0;0;0;0
09/07/2022;11:41:59;97;Sem vítima;238,000;BR-386/RS;Decrescente;Colisão lateral no mesmo sentido;1;0;0;1;0;0;0;0;0;0;1;0;0;0;0
09/07/2022;12:30:15;104;Sem vítima;358,000;BR-386/RS;Decrescente;Acidentes de outra natureza;1;0;0;0;0;0;0;0;0;0;2;0;0;0;0
09/07/2022;15:53:56;142;Com vítima;92,000;BR-290/RS;Crescente;Queda de moto;0;0;0;1;0;0;0;0;0;0;0;0;1;0;0
09/07/2022;18:24:16;171;Sem vítima;361,000;BR-386/RS;Crescente;Acidentes de outra natureza;1;0;0;0;0;0;0;0;0;0;2;0;0;0;0
09/07/2022;18:29:18;173;Com vítima;10,000;BR-101/RS;Crescente;Colisão transversal;2;0;0;0;0;0;0;0;0;0;1;1;1;0;0
09/07/2022;19:38:48;189;Sem vítima;236,000;BR-386/RS;Decrescente;Acidentes de outra natureza;0;0;0;0;0;1;0;0;0;0;1;0;0;0;0
09/07/2022;20:30:22;196;Sem vítima;429,000;BR-386/RS;Crescente;Acidentes de outra natureza;1;0;0;0;0;0;0;0;0;0;1;0;0;0;0
10/07/2022;03:21:17;12;Sem vítima;43,000;BR-290/RS;Crescente;Acidentes de outra natureza;0;0;1;0;0;0;0;0;0;0;1;0;0;0;0
10/07/2022;10:08:02;63;Sem vítima;35,000;BR-101/RS;Crescente;Choque;0;0;1;0;0;0;0;0;0;0;1;0;0;0;0
10/07/2022;14:54:00;114;Sem vítima;15,000;BR-101/RS;Crescente;Colisão traseira;0;0;0;1;0;0;0;0;0;0;1;0;0;0;0
10/07/2022;18:30:15;162;Com vítima;418,000;BR-386/RS;Crescente;Colisão lateral no mesmo sentido;1;0;0;0;0;0;0;0;0;0;0;0;1;0;0
10/07/2022;20:33:42;183;Sem vítima;91,000;BR-290/RS;Decrescente;Colisão lateral no mesmo sentido;2;0;0;0;0;0;0;0;0;0;2;0;0;0;0
10/07/2022;21:25:04;196;Sem vítima;70,000;BR-101/RS;Crescente;Colisão traseira;1;0;0;0;0;0;0;0;0;0;1;0;0;0;0
11/07/2022;04:23:52;19;Sem vítima;405,000;BR-386/RS;Crescente;Acidentes de outra natureza;1;0;0;0;0;0;0;0;0;0;1;0;0;0;0
11/07/2022;06:20:33;25;Com vítima;343,000;BR-386/RS;Decrescente;Atropelamento de ciclista;0;0;0;1;0;0;0;0;0;0;0;0;1;0;0
11/07/2022;08:08:22;71;Sem vítima;75,000;BR-101/RS;Crescente;Capotamento;1;0;0;0;0;0;0;0;0;0;0;0;0;0;0
11/07/2022;08:41:19;85;Sem vítima;427,000;BR-386/RS;Decrescente;Choque;1;0;0;0;0;0;0;0;0;0;1;0;0;0;0
11/07/2022;08:59:04;94;Com vítima;74,000;BR-290/RS;Decrescente;Colisão lateral no mesmo sentido;0;0;0;0;0;0;0;0;0;1;0;0;1;0;0
11/07/2022;11:13:34;144;Sem vítima;81,000;BR-290/RS;Crescente;Acidentes de outra natureza;1;0;0;0;0;0;0;0;0;0;1;0;0;0;0
11/07/2022;13:55:07;184;Sem vítima;7,000;BR-101/RS;Decrescente;Capotamento;1;0;0;0;0;0;0;0;0;0;0;0;0;0;0
11/07/2022;17:19:03;232;Sem vítima;14,000;BR-290/RS;Crescente;Capotamento;1;0;0;0;0;0;0;0;0;0;1;0;0;0;0
11/07/2022;19:08:47;251;Sem vítima;337,000;BR-386/RS;Decrescente;Colisão frontal;1;0;0;0;0;0;0;0;0;0;0;0;0;0;0
11/07/2022;20:05:55;265;Sem vítima;82,000;BR-290/RS;Crescente;Colisão traseira;2;0;0;0;0;0;0;0;0;0;2;0;0;0;0
11/07/2022;21:36:28;273;Sem vítima;364,000;BR-386/RS;Crescente;Acidentes de outra natureza;1;0;0;0;0;0;0;0;0;0;1;0;0;0;0
11/07/2022;22:06:55;283;Sem vítima;92,000;BR-290/RS;Decrescente;Colisão traseira;0;0;1;0;0;0;0;0;0;0;1;0;0;0;0
11/07/2022;22:55:07;287;Sem vítima;395,000;BR-386/RS;Decrescente;Acidentes de outra natureza;0;0;1;0;0;0;0;0;0;0;1;0;0;0;0
11/07/2022;23:06:53;288;Sem vítima;214,000;BR-386/RS;Crescente;Acidentes de outra natureza;0;0;0;0;1;0;0;0;0;0;1;0;0;0;0
12/07/2022;08:34:35;56;Sem vítima;92,000;BR-290/RS;Decrescente;Choque;1;0;0;0;0;0;0;0;0;0;1;0;0;0;0
12/07/2022;09:26:14;78;Sem vítima;436,000;BR-386/RS;Crescente;Acidentes de outra natureza;1;0;0;0;0;0;0;0;0;0;0;0;0;0;0
12/07/2022;15:48:44;165;Sem vítima;399,000;BR-386/RS;Crescente;Acidentes de outra natureza;0;0;1;0;0;0;0;0;0;0;1;0;0;0;0
12/07/2022;18:29:49;185;Sem vítima;60,000;BR-290/RS;Crescente;Colisão lateral no mesmo sentido;1;0;1;0;0;0;0;0;0;0;2;0;0;0;0
12/07/2022;18:35:39;187;Sem vítima;90,310;BR-290/RS;Decrescente;Colisão lateral no mesmo sentido;0;0;0;0;1;0;0;0;0;0;1;0;0;0;0
12/07/2022;20:12:49;205;Sem vítima;92,000;BR-290/RS;Crescente;Capotamento;1;0;0;0;0;0;0;0;0;0;1;0;0;0;0
12/07/2022;20:27:27;206;Sem vítima;245,000;BR-386/RS;Decrescente;Acidentes de outra natureza;2;0;0;0;0;0;0;0;0;0;2;0;0;0;0
13/07/2022;01:09:35;3;Sem vítima;306,000;BR-386/RS;Decrescente;Acidentes de outra natureza;1;0;0;0;0;0;0;0;0;0;1;0;0;0;0
13/07/2022;01:25:22;4;Sem vítima;63,000;BR-101/RS;Decrescente;Choque;1;0;0;0;0;0;0;0;0;0;1;0;0;0;0
13/07/2022;07:54:53;56;Sem vítima;406,000;BR-386/RS;Crescente;Acidentes de outra natureza;0;0;1;0;0;0;0;0;0;0;1;0;0;0;0
13/07/2022;15:58:28;189;Sem vítima;343,000;BR-386/RS;Crescente;Colisão transversal;0;0;0;0;0;0;0;0;0;0;0;0;0;0;0
13/07/2022;18:12:14;211;Sem vítima;347,000;BR-386/RS;Crescente;Colisão transversal;0;0;0;0;1;0;0;0;0;0;1;0;0;0;0
13/07/2022;19:46:20;236;Sem vítima;92,000;BR-290/RS;Decrescente;Colisão lateral no mesmo sentido;2;0;0;0;0;0;0;0;0;0;2;0;0;0;0
14/07/2022;05:40:48;24;Com vítima;335,000;BR-386/RS;Decrescente;Tombamento;0;0;1;0;0;0;0;0;0;0;0;1;0;0;0
14/07/2022;06:57:02;29;Sem vítima;13,000;BR-290/RS;Crescente;Choque;1;0;0;0;0;0;0;0;0;0;1;0;0;0;0
14/07/2022;08:01:00;39;Sem vítima;414,000;BR-386/RS;Crescente;Acidentes de outra natureza;0;0;0;0;1;0;0;0;0;0;1;0;0;0;0
14/07/2022;08:48:17;55;Sem vítima;2,000;BR-101/RS;Decrescente;Choque;1;0;0;0;0;0;0;0;0;0;1;0;0;0;0
14/07/2022;09:26:19;78;Sem vítima;11,000;BR-290/RS;Decrescente;Acidentes de outra natureza;1;0;0;0;0;0;0;0;0;0;1;0;0;0;0
14/07/2022;10:50:34;91;Sem vítima;343,000;BR-386/RS;Crescente;Colisão transversal;1;0;0;0;0;0;0;0;0;0;1;0;0;0;0
14/07/2022;12:09:03;98;Sem vítima;345,000;BR-386/RS;Crescente;Acidentes de outra natureza;0;0;0;1;0;0;0;0;0;0;0;0;0;0;0
14/07/2022;14:01:50;112;Sem vítima;397,000;BR-386/RS;Decrescente;Acidentes de outra natureza;1;0;0;0;0;0;0;0;0;0;0;0;0;0;0
14/07/2022;15:46:50;123;Sem vítima;331,000;BR-386/RS;Crescente;Colisão traseira;0;0;0;0;1;0;0;0;0;0;1;0;0;0;0
14/07/2022;16:30:33;130;Sem vítima;11,000;BR-290/RS;Decrescente;Acidentes de outra natureza;1;0;0;0;0;0;0;0;0;0;1;0;0;0;0
14/07/2022;16:52:02;133;Sem vítima;94,000;BR-290/RS;Crescente;Choque;1;0;0;0;0;0;0;0;0;0;1;0;0;0;0
14/07/2022;17:05:13;137;Sem vítima;94,000;BR-290/RS;Crescente;Colisão traseira;2;0;0;0;0;0;0;0;0;0;2;0;0;0;0
14/07/2022;17:36:39;141;Sem vítima;70,000;BR-290/RS;Crescente;Colisão lateral no mesmo sentido;0;0;0;0;0;0;0;0;0;0;0;0;0;0;0
14/07/2022;18:30:57;151;Sem vítima;414,000;BR-386/RS;Crescente;Colisão traseira;1;0;0;0;0;0;0;0;0;0;1;0;0;0;0
15/07/2022;06:25:31;27;Sem vítima;83,000;BR-290/RS;Crescente;Colisão traseira;1;0;0;0;0;0;0;0;0;0;1;0;0;0;0
15/07/2022;07:29:40;35;Sem vítima;60,000;BR-290/RS;Crescente;Choque;0;0;1;0;0;0;0;0;0;0;1;0;0;0;0
15/07/2022;11:36:27;100;Sem vítima;373,000;BR-386/RS;Decrescente;Acidentes de outra natureza;1;0;0;0;0;0;0;0;0;0;1;0;0;0;0
15/07/2022;12:30:42;111;Sem vítima;410,000;BR-386/RS;Decrescente;Acidentes de outra natureza;1;0;0;0;0;0;0;0;0;0;1;0;0;0;0
15/07/2022;13:51:02;126;Sem vítima;349,000;BR-386/RS;Decrescente;Colisão lateral no mesmo sentido;1;0;0;1;0;0;0;0;0;0;2;0;0;0;0
15/07/2022;14:36:38;134;Sem vítima;411,000;BR-386/RS;Decrescente;Acidentes de outra natureza;1;0;0;0;0;0;0;0;0;0;1;0;0;0;0
15/07/2022;14:42:16;135;Sem vítima;215,000;BR-386/RS;Crescente;Colisão lateral no mesmo sentido;1;0;1;0;0;0;0;0;0;0;3;0;0;0;0
15/07/2022;15:47:40;160;Sem vítima;49,000;BR-290/RS;Decrescente;Acidentes de outra natureza;1;0;0;0;0;0;0;0;0;0;0;0;0;0;0
15/07/2022;18:04:52;187;Sem vítima;86,000;BR-290/RS;Crescente;Colisão traseira;1;0;0;0;0;0;0;0;0;0;1;0;0;0;0
15/07/2022;18:17:00;189;Sem vítima;4,000;BR-101/RS;Crescente;Colisão traseira;1;0;0;0;0;0;0;0;0;0;2;0;0;0;0
15/07/2022;19:53:51;211;Sem vítima;445,000;BR-386/RS;Decrescente;Acidentes de outra natureza;1;0;0;0;0;0;0;0;0;0;1;0;0;0;0
16/07/2022;01:58:29;253;Sem vítima;85,000;BR-290/RS;Crescente;Atropelamento de animal;1;0;0;0;0;0;0;0;0;0;1;0;0;0;0
16/07/2022;04:33:24;262;Com vítima;39,000;BR-290/RS;Crescente;Colisão traseira;1;0;1;0;0;0;0;0;0;0;5;1;0;0;0
16/07/2022;10:21:38;314;Com vítima;398,000;BR-386/RS;Crescente;Capotamento;1;0;0;0;0;0;0;0;0;0;1;1;1;0;0
16/07/2022;12:18:33;333;Sem vítima;94,000;BR-290/RS;Crescente;Choque;1;0;0;0;0;0;0;0;0;0;1;0;0;0;0
16/07/2022;12:42:56;338;Sem vítima;75,000;BR-290/RS;Crescente;Choque;1;0;0;0;0;0;0;0;0;0;0;0;0;0;0
16/07/2022;17:04:15;372;Sem vítima;83,000;BR-290/RS;Crescente;Choque;1;0;0;0;0;0;0;0;0;0;2;0;0;0;0
16/07/2022;17:23:59;376;Sem vítima;440,000;BR-386/RS;Decrescente;Acidentes de outra natureza;1;0;0;0;0;0;0;0;0;0;0;0;0;0;0
16/07/2022;21:14:09;416;Sem vítima;395,000;BR-386/RS;Crescente;Acidentes de outra natureza;0;0;1;0;0;0;0;0;0;0;1;0;0;0;0
17/07/2022;16:22:48;92;Sem vítima;19,000;BR-290/RS;Crescente;Colisão traseira;2;0;0;0;0;0;0;0;0;0;2;0;0;0;0
17/07/2022;20:00:37;137;Sem vítima;342,000;BR-386/RS;Decrescente;Acidentes de outra natureza;0;0;0;0;0;0;0;0;0;0;0;0;0;0;0
17/07/2022;20:16:55;140;Sem vítima;216,000;BR-386/RS;Decrescente;Acidentes de outra natureza;1;0;0;0;0;0;0;0;0;0;1;0;0;0;0
17/07/2022;22:38:48;155;Sem vítima;9,000;BR-101/RS;Crescente;Colisão lateral no mesmo sentido;1;0;0;0;0;0;0;0;0;0;2;0;0;0;0
17/07/2022;23:18:53;159;Sem vítima;44,000;BR-290/RS;Decrescente;Atropelamento de animal;1;0;0;0;0;0;0;0;0;0;3;0;0;0;0
17/07/2022;23:55:14;165;Sem vítima;220,000;BR-386/RS;Crescente;Acidentes de outra natureza;1;0;0;0;0;0;0;0;0;0;0;0;0;0;0
18/07/2022;08:10:10;64;Sem vítima;92,000;BR-290/RS;Crescente;Engavetamento;4;0;0;0;0;0;0;0;0;0;5;0;0;0;0
18/07/2022;09:48:53;114;Sem vítima;435,000;BR-386/RS;Crescente;Choque;1;0;0;0;0;0;0;0;0;0;0;0;0;0;0
18/07/2022;17:38:30;215;Sem vítima;435,000;BR-386/RS;Decrescente;Engavetamento;1;0;0;0;0;0;0;0;0;0;1;0;0;0;0
18/07/2022;18:06:21;224;Sem vítima;40,000;BR-101/RS;Crescente;Colisão transversal;1;0;0;0;0;0;0;0;0;0;1;0;0;0;0
19/07/2022;02:22:12;12;Sem vítima;50,000;BR-101/RS;Crescente;Acidentes de outra natureza;1;0;0;0;0;0;0;0;0;0;1;0;0;0;0
19/07/2022;08:20:34;72;Sem vítima;444,000;BR-386/RS;Crescente;Colisão lateral no mesmo sentido;1;0;1;0;0;0;0;0;0;0;3;0;0;0;0
19/07/2022;08:27:12;75;Sem vítima;60,000;BR-290/RS;Crescente;Colisão traseira;1;0;0;0;0;0;0;0;0;0;1;0;0;0;0
19/07/2022;09:20:58;102;Sem vítima;287,000;BR-386/RS;Decrescente;Acidentes de outra natureza;0;0;0;0;0;0;0;0;0;0;0;0;0;0;0
19/07/2022;09:37:39;109;Sem vítima;345,000;BR-386/RS;Crescente;Colisão traseira;0;0;0;0;1;0;0;0;0;0;1;0;0;0;0
19/07/2022;14:12:34;163;Sem vítima;398,000;BR-386/RS;Decrescente;Colisão lateral no mesmo sentido;0;0;2;0;0;0;0;0;0;0;2;0;0;0;0
19/07/2022;19:23:48;221;Sem vítima;9,000;BR-101/RS;Decrescente;Colisão transversal;1;0;0;0;0;0;0;0;0;0;2;0;0;0;0
19/07/2022;19:44:10;223;Sem vítima;297,000;BR-386/RS;Crescente;Acidentes de outra natureza;1;0;0;0;0;0;0;0;0;0;1;0;0;0;0
20/07/2022;03:50:24;8;Sem vítima;94,000;BR-290/RS;Crescente;Colisão traseira;0;0;0;0;0;0;0;0;0;0;0;0;0;0;0
20/07/2022;07:12:36;28;Sem vítima;88,000;BR-290/RS;Crescente;Colisão traseira;1;0;0;0;0;0;0;0;0;0;1;0;0;0;0
20/07/2022;08:57:49;67;Sem vítima;60,000;BR-290/RS;Crescente;Colisão traseira;2;0;0;0;0;0;0;0;0;0;2;0;0;0;0
20/07/2022;20:40:05;210;Sem vítima;302,000;BR-386/RS;Decrescente;Acidentes de outra natureza;1;0;0;0;0;0;0;0;0;0;1;0;0;0;0
21/07/2022;01:01:00;6;Sem vítima;74,000;BR-101/RS;Crescente;Atropelamento de animal;1;0;0;0;0;0;0;0;0;0;1;0;0;0;0
21/07/2022;01:39:36;9;Sem vítima;87,000;BR-290/RS;Decrescente;Colisão lateral no mesmo sentido;0;0;0;0;0;0;0;0;0;0;0;0;0;0;0
21/07/2022;03:03:00;11;Com vítima;359,000;BR-386/RS;Crescente;Acidentes de outra natureza;1;0;0;0;0;0;0;0;0;0;0;1;0;0;0
21/07/2022;07:56:16;61;Sem vítima;91,000;BR-290/RS;Crescente;Colisão traseira;1;0;0;0;0;0;0;0;0;0;1;0;0;0;0
21/07/2022;09:59:53;111;Sem vítima;343,000;BR-386/RS;Crescente;Colisão traseira;0;0;1;0;0;0;0;0;0;0;1;0;0;0;0
21/07/2022;12:01:13;138;Sem vítima;81,000;BR-290/RS;Decrescente;Colisão traseira;1;0;0;0;0;0;0;0;0;0;1;0;0;0;0
21/07/2022;18:03:29;224;Sem vítima;437,000;BR-386/RS;Crescente;Colisão traseira;1;0;0;0;0;0;0;0;0;0;1;0;0;0;0
22/07/2022;06:33:31;19;Sem vítima;433,000;BR-386/RS;Decrescente;Acidentes de outra natureza;1;0;0;0;0;0;0;0;0;0;1;0;0;0;0
22/07/2022;09:27:17;108;Sem vítima;54,000;BR-290/RS;Crescente;Acidentes de outra natureza;1;0;0;0;0;0;0;0;0;0;1;0;0;0;0
22/07/2022;13:40:27;177;Sem vítima;180,000;BR-386/RS;Crescente;Colisão transversal;1;0;0;0;0;0;0;0;0;0;1;0;0;0;0
22/07/2022;14:51:57;196;Com vítima;239,000;BR-386/RS;Crescente;Colisão traseira;1;0;0;0;0;0;0;0;0;0;0;1;0;0;0
22/07/2022;16:33:28;220;Sem vítima;297,000;BR-386/RS;Crescente;Colisão traseira;1;0;0;0;0;0;0;0;0;0;0;0;0;0;0
22/07/2022;17:16:37;228;Sem vítima;48,000;BR-101/RS;Decrescente;Colisão traseira;1;0;0;0;0;0;0;0;0;0;1;0;0;0;0
22/07/2022;17:54:34;234;Sem vítima;264,230;BR-386/RS;Crescente;Colisão traseira;1;0;0;0;0;0;0;0;0;0;1;0;0;0;0
22/07/2022;18:10:35;238;Com vítima;86,000;BR-290/RS;Decrescente;Colisão lateral no mesmo sentido;1;0;0;0;0;0;0;0;0;0;0;1;0;0;0
22/07/2022;18:15:47;240;Sem vítima;60,000;BR-290/RS;Crescente;Colisão traseira;1;0;0;0;0;0;0;0;0;0;1;0;0;0;0
22/07/2022;18:32:37;247;Sem vítima;58,000;BR-290/RS;Decrescente;Atropelamento de animal;1;0;0;0;0;0;0;0;0;0;1;0;0;0;0
22/07/2022;19:56:25;274;Sem vítima;75,000;BR-290/RS;Crescente;Acidentes de outra natureza;1;0;0;0;0;0;0;0;0;0;1;0;0;0;0
22/07/2022;20:34:02;280;Sem vítima;12,000;BR-101/RS;Decrescente;Colisão lateral no mesmo sentido;1;0;1;0;0;0;0;0;0;0;2;0;0;0;0
22/07/2022;21:16:32;292;Sem vítima;356,000;BR-386/RS;Decrescente;Acidentes de outra natureza;1;0;0;0;0;0;0;0;0;0;1;0;0;0;0
23/07/2022;01:03:25;6;Sem vítima;388,000;BR-386/RS;Decrescente;Acidentes de outra natureza;0;0;1;0;0;0;0;0;0;0;0;0;0;0;0