data;horario;n_da_ocorrencia;tipo_de_ocorrencia;km;trecho;sentido;tipo_de_acidente;automovel;bicicleta;caminhao;moto;onibus;outros;tracao_animal;transporte_de_cargas_especiais;trator_maquinas;utilitarios;ilesos;levemente_feridos;moderadamente_feridos;gravemente_feridos;mortos
26/09/2022;19:43:41;273;Com vítima;92,000;BR-290/RS;Decrescente;Colisão traseira;1;0;0;1;0;0;0;0;0;0;1;2;0;0;0
26/09/2022;20:53:54;295;Sem vítima;365,000;BR-386/RS;Crescente;Capotamento;1;0;0;0;0;0;0;0;0;0;1;0;0;0;0
26/09/2022;23:27:28;310;Sem vítima;47,000;BR-290/RS;Crescente;Atropelamento de animal;1;0;0;0;0;0;0;0;0;0;1;0;0;0;0
27/09/2022;08:07:01;84;Sem vítima;344,000;BR-386/RS;Crescente;Colisão traseira;1;0;0;0;0;0;0;0;0;1;3;0;0;0;0
27/09/2022;09:07:13;117;Sem vítima;417,000;BR-386/RS;Crescente;Acidentes de outra natureza;0;0;1;0;0;0;0;0;0;0;0;0;0;0;0
27/09/2022;11:35:02;153;Sem vítima;354,000;BR-386/RS;Decrescente;Colisão traseira;1;0;0;1;0;0;0;0;0;0;1;0;0;0;0
27/09/2022;14:25:52;191;Sem vítima;82,000;BR-290/RS;Decrescente;Colisão lateral no mesmo sentido;2;0;0;0;0;0;0;0;0;0;5;0;0;0;0
27/09/2022;15:01:06;202;Sem vítima;271,000;BR-386/RS;Crescente;Acidentes de outra natureza;1;0;0;0;0;0;0;0;0;0;1;0;0;0;0
27/09/2022;17:00:01;228;Sem vítima;435,000;BR-386/RS;Decrescente;Queda de moto;0;0;0;1;0;0;0;0;0;0;0;0;0;0;0
27/09/2022;19:37:29;272;Sem vítima;59,000;BR-290/RS;Crescente;Capotamento;2;0;0;0;0;0;0;0;0;0;4;0;0;0;0
27/09/2022;21:31:50;288;Sem vítima;414,000;BR-386/RS;Crescente;Acidentes de outra natureza;1;0;0;0;0;0;0;0;0;0;2;0;0;0;0
28/09/2022;07:57:24;71;Sem vítima;3,000;BR-101/RS;Decrescente;Choque;1;0;0;0;0;0;0;0;0;0;1;0;0;0;0
28/09/2022;13:40:26;168;Sem vítima;53,000;BR-290/RS;Decrescente;Colisão traseira;1;0;0;0;1;0;0;0;0;0;3;0;0;0;0
28/09/2022;17:10:20;219;Sem vítima;19,000;BR-290/RS;Crescente;Colisão traseira;2;0;0;0;0;0;0;0;0;0;3;0;0;0;0
28/09/2022;18:07:10;228;Com vítima;30,000;BR-101/RS;Crescente;Colisão traseira;1;0;1;0;0;0;0;0;0;0;1;1;0;0;0
28/09/2022;18:12:22;232;Sem vítima;87,000;BR-290/RS;Decrescente;Colisão traseira;1;0;0;1;0;0;0;0;0;0;2;0;0;0;0
28/09/2022;21:49:24;276;Com vítima;439,000;BR-386/RS;Decrescente;Queda de moto;0;0;0;1;0;0;0;0;0;0;0;1;0;0;0
28/09/2022;23:02:44;283;Sem vítima;79,000;BR-101/RS;Crescente;Acidentes de outra natureza;1;0;0;0;0;0;0;0;0;0;3;0;0;0;0
29/09/2022;02:25:08;12;Sem vítima;372,000;BR-386/RS;Decrescente;Atropelamento de animal;1;0;0;0;0;0;0;0;0;0;2;0;0;0;0
29/09/2022;07:00:05;44;Sem vítima;19,000;BR-290/RS;Crescente;Acidentes de outra natureza;0;0;1;0;0;0;0;0;0;0;1;0;0;0;0
29/09/2022;15:24:38;198;Sem vítima;293,000;BR-386/RS;Crescente;Colisão traseira;1;0;1;0;0;0;0;0;0;0;2;0;0;0;0
29/09/2022;19:41:17;243;Sem vítima;326,000;BR-386/RS;Decrescente;Colisão lateral no mesmo sentido;1;0;0;0;0;0;0;0;0;0;0;0;0;0;0
30/09/2022;00:56:43;4;Sem vítima;356,000;BR-386/RS;Decrescente;Colisão lateral no mesmo sentido;0;0;1;0;1;0;0;0;0;0;5;0;0;0;0
30/09/2022;01:51:17;7;Com vítima;85,000;BR-101/RS;Crescente;Colisão traseira;1;0;1;0;0;0;0;0;0;0;1;0;1;0;0
30/09/2022;02:46:21;8;Com vítima;53,000;BR-290/RS;Decrescente;Tombamento;0;0;1;0;0;0;0;0;0;0;0;1;0;0;0
30/09/2022;03:28:15;12;Sem vítima;9,000;BR-101/RS;Decrescente;Capotamento;1;0;0;0;0;0;0;0;0;0;1;0;0;0;0
30/09/2022;16:06:51;193;Sem vítima;342,000;BR-386/RS;Decrescente;Colisão transversal;2;0;0;0;0;0;0;0;0;0;3;0;0;0;0
30/09/2022;16:25:16;197;Sem vítima;376,000;BR-386/RS;Decrescente;Acidentes de outra natureza;1;0;0;0;0;0;0;0;0;0;1;0;0;0;0
30/09/2022;16:26:54;199;Sem vítima;401,000;BR-386/RS;Decrescente;Colisão transversal;2;0;0;0;0;0;0;0;0;0;1;0;0;0;0
30/09/2022;17:42:14;212;Sem vítima;345,000;BR-386/RS;Decrescente;Engavetamento;3;0;0;0;0;0;0;0;0;0;3;0;0;0;0
30/09/2022;18:02:11;217;Sem vítima;89,000;BR-290/RS;Decrescente;Colisão lateral no mesmo sentido;1;0;0;1;0;0;0;0;0;0;1;0;0;0;0
30/09/2022;18:14:56;222;Com vítima;42,000;BR-290/RS;Crescente;Capotamento;1;0;0;0;0;0;0;0;0;0;0;1;0;0;0
30/09/2022;20:07:18;244;Sem vítima;80,000;BR-290/RS;Crescente;Acidentes de outra natureza;1;0;0;0;0;0;0;0;0;0;1;0;0;0;0
30/09/2022;21:42:43;257;Sem vítima;67,000;BR-101/RS;Crescente;Acidentes de outra natureza;0;0;1;0;0;0;0;0;0;0;1;0;0;0;0
30/09/2022;23:05:47;272;Sem vítima;65,000;BR-101/RS;Crescente;Queda de moto;0;0;0;1;0;0;0;0;0;0;0;0;0;0;0
30/09/2022;23:29:40;273;Sem vítima;20,000;BR-101/RS;Crescente;Queda de moto;0;0;0;0;0;0;0;0;0;0;0;0;0;0;0
01/10/2022;04:31:29;19;Sem vítima;344,000;BR-386/RS;Decrescente;Colisão transversal;2;0;0;1;0;0;0;0;0;0;3;0;0;0;0
01/10/2022;09:27:20;66;Sem vítima;426,000;BR-386/RS;Decrescente;Colisão transversal;2;0;0;0;0;0;0;0;0;0;3;0;0;0;0
01/10/2022;13:30:58;116;Sem vítima;75,000;BR-290/RS;Decrescente;Choque;1;0;0;0;0;0;0;0;0;0;2;0;0;0;0
01/10/2022;14:42:59;129;Sem vítima;392,000;BR-386/RS;Decrescente;Colisão transversal;2;0;0;0;0;0;0;0;0;0;0;0;0;0;0
01/10/2022;20:37:56;179;Sem vítima;219,000;BR-386/RS;Decrescente;Colisão traseira;0;0;0;0;0;0;0;0;0;0;0;0;0;0;0
02/10/2022;02:40:20;10;Com vítima;346,000;BR-386/RS;Decrescente;Capotamento;1;0;0;0;0;0;0;0;0;0;0;0;2;2;0
02/10/2022;08:05:20;48;Sem vítima;6,000;BR-290/RS;Decrescente;Acidentes de outra natureza;0;0;0;0;0;0;0;0;0;1;3;0;0;0;0
02/10/2022;15:38:57;137;Sem vítima;333,000;BR-386/RS;Crescente;Colisão traseira;1;0;0;0;0;0;0;0;0;0;0;0;0;0;0
02/10/2022;16:53:01;148;Com vítima;3,000;BR-101/RS;Crescente;Colisão lateral no mesmo sentido;2;0;0;0;0;0;0;0;0;0;1;2;0;0;0
02/10/2022;21:40:57;192;Sem vítima;353,000;BR-386/RS;Decrescente;Queda de moto;0;0;0;1;0;0;0;0;0;0;1;0;0;0;0
02/10/2022;22:14:44;194;Sem vítima;423,230;BR-386/RS;Decrescente;Atropelamento de animal;1;0;0;0;0;0;0;0;0;0;2;0;0;0;0
03/10/2022;03:31:13;11;Sem vítima;70,000;BR-290/RS;Decrescente;Acidentes de outra natureza;1;0;0;0;0;0;0;0;0;0;2;0;0;0;0
03/10/2022;07:14:58;54;Sem vítima;304,210;BR-386/RS;Crescente;Colisão lateral no mesmo sentido;2;0;0;0;0;0;0;0;0;0;4;0;0;0;0
03/10/2022;07:28:53;63;Sem vítima;13,000;BR-101/RS;Crescente;Choque;1;0;0;0;0;0;0;0;0;0;1;0;0;0;0
03/10/2022;08:15:54;97;Sem vítima;56,000;BR-290/RS;Crescente;Colisão traseira;2;0;0;0;0;0;0;0;0;0;2;0;0;0;0
03/10/2022;09:12:37;122;Com vítima;94,000;BR-290/RS;Crescente;Engavetamento;4;0;0;0;0;0;0;0;0;0;4;0;1;0;0
03/10/2022;13:09:51;173;Sem vítima;13,000;BR-101/RS;Decrescente;Choque;1;0;0;0;0;0;0;0;0;0;1;0;0;0;0
03/10/2022;14:41:26;202;Com vítima;325,000;BR-386/RS;Decrescente;Colisão frontal;0;0;2;0;0;1;0;0;0;0;1;0;0;2;0
03/10/2022;16:05:52;224;Sem vítima;335,000;BR-386/RS;Crescente;Acidentes de outra natureza;1;0;0;0;0;0;0;0;0;0;2;0;0;0;0
03/10/2022;17:19:06;241;Sem vítima;245,000;BR-386/RS;Crescente;Acidentes de outra natureza;1;0;0;0;0;0;0;0;0;0;1;0;0;0;0
03/10/2022;18:12:07;254;Com vítima;53,000;BR-290/RS;Crescente;Acidentes de outra natureza;1;0;0;0;0;0;0;0;0;0;1;0;1;0;0
03/10/2022;18:21:48;258;Sem vítima;344,000;BR-386/RS;Decrescente;Colisão lateral no mesmo sentido;1;0;0;0;0;0;0;0;0;0;2;0;0;0;0
03/10/2022;22:48:45;293;Sem vítima;29,210;BR-290/RS;Crescente;Colisão traseira;1;0;0;0;0;0;0;0;0;0;1;0;0;0;0
04/10/2022;07:41:22;93;Com vítima;346,000;BR-386/RS;Decrescente;Colisão traseira;1;0;0;1;0;0;0;0;0;0;1;0;1;0;0
04/10/2022;08:29:21;120;Sem vítima;88,000;BR-290/RS;Crescente;Colisão traseira;1;0;0;0;0;0;0;0;0;0;2;0;0;0;0
04/10/2022;09:05:00;129;Sem vítima;11,000;BR-101/RS;Decrescente;Choque;2;0;0;0;0;0;0;0;0;0;3;0;0;0;0
04/10/2022;09:06:15;130;Sem vítima;11,000;BR-101/RS;Crescente;Colisão traseira;1;0;0;0;0;0;0;0;0;0;1;0;0;0;0
04/10/2022;10:04:29;151;Sem vítima;426,000;BR-386/RS;Crescente;Colisão traseira;1;0;1;0;0;0;0;0;0;0;2;0;0;0;0
04/10/2022;16:54:04;261;Com vítima;343,000;BR-386/RS;Crescente;Colisão lateral no mesmo sentido;0;0;0;1;1;0;0;0;0;0;2;0;1;0;0
04/10/2022;17:36:10;270;Sem vítima;85,000;BR-290/RS;Decrescente;Engavetamento;2;0;0;0;0;0;0;0;0;0;4;0;0;0;0
04/10/2022;18:28:00;279;Com vítima;341,000;BR-386/RS;Crescente;Queda de moto;0;0;0;1;0;0;0;0;0;0;0;1;0;0;0
05/10/2022;04:22:28;13;Sem vítima;33,000;BR-101/RS;Crescente;Colisão traseira;0;0;1;0;0;1;0;0;0;0;2;0;0;0;0
05/10/2022;05:09:53;14;Sem vítima;11,000;BR-101/RS;Crescente;Queda de moto;0;0;1;1;0;0;0;0;0;0;2;0;0;0;0
05/10/2022;07:26:13;56;Com vítima;87,000;BR-290/RS;Crescente;Colisão lateral no mesmo sentido;1;0;0;2;0;0;0;0;0;0;2;1;0;0;0
05/10/2022;07:49:33;71;Sem vítima;300,000;BR-386/RS;Decrescente;Colisão traseira;1;0;1;0;0;0;0;0;0;0;3;0;0;0;0
05/10/2022;11:24:20;155;Com vítima;366,000;BR-386/RS;Decrescente;Colisão transversal;1;0;0;1;0;0;0;0;0;0;2;1;0;0;0
05/10/2022;17:15:22;232;Sem vítima;375,000;BR-386/RS;Decrescente;Choque;0;0;1;0;0;0;0;0;0;0;1;0;0;0;0
05/10/2022;17:55:53;236;Sem vítima;34,000;BR-101/RS;Crescente;Acidentes de outra natureza;1;0;0;0;0;0;0;0;0;0;3;0;0;0;0
06/10/2022;06:37:56;41;Sem vítima;239,000;BR-386/RS;Crescente;Acidentes de outra natureza;1;0;0;0;0;0;0;0;0;0;0;0;0;0;0
06/10/2022;07:04:04;47;Sem vítima;88,000;BR-290/RS;Crescente;Colisão transversal;2;0;0;0;0;1;0;0;0;0;3;0;0;0;0
06/10/2022;07:18:59;52;Sem vítima;342,000;BR-386/RS;Crescente;Colisão traseira;1;0;0;1;0;0;0;0;0;0;2;0;0;0;0
06/10/2022;07:34:19;59;Sem vítima;49,000;BR-290/RS;Crescente;Acidentes de outra natureza;1;0;0;0;0;0;0;0;0;0;1;0;0;0;0
06/10/2022;07:41:37;60;Com vítima;364,000;BR-386/RS;Crescente;Acidentes de outra natureza;1;0;0;0;0;0;0;0;0;0;1;2;0;0;0
06/10/2022;10:35:40;97;Sem vítima;22,000;BR-101/RS;Decrescente;Acidentes de outra natureza;1;0;0;0;0;0;0;0;0;0;1;0;0;0;0
06/10/2022;11:08:50;103;Sem vítima;410,000;BR-386/RS;Crescente;Colisão transversal;2;0;0;0;0;0;0;0;0;0;0;0;0;0;0
06/10/2022;11:56:18;107;Sem vítima;50,400;BR-290/RS;Decrescente;Acidentes de outra natureza;1;0;0;0;0;0;0;0;0;0;1;0;0;0;0
06/10/2022;12:23:11;111;Com vítima;50,400;BR-290/RS;Decrescente;Choque;1;0;0;0;1;0;0;0;0;0;1;0;0;1;0
06/10/2022;12:49:46;118;Sem vítima;22,000;BR-101/RS;Decrescente;Choque;1;0;0;0;0;0;0;0;0;0;2;0;0;0;0
06/10/2022;16:07:30;153;Sem vítima;50,000;BR-290/RS;Decrescente;Colisão transversal;1;0;0;0;0;1;0;0;0;0;2;0;0;0;0
06/10/2022;18:12:27;174;Sem vítima;91,000;BR-290/RS;Decrescente;Colisão traseira;2;0;0;0;0;0;0;0;0;0;3;0;0;0;0
06/10/2022;18:38:36;183;Sem vítima;89,000;BR-290/RS;Decrescente;Colisão traseira;2;0;0;0;0;0;0;0;0;0;2;0;0;0;0
06/10/2022;18:50:41;187;Com vítima;88,000;BR-290/RS;Decrescente;Colisão traseira;1;0;0;1;0;0;0;0;0;0;1;1;0;0;0
06/10/2022;19:42:19;194;Sem vítima;427,000;BR-386/RS;Crescente;Atropelamento de animal;0;0;0;0;0;0;0;0;0;1;2;0;0;0;0
06/10/2022;19:56:14;197;Sem vítima;4,000;BR-101/RS;Crescente;Colisão lateral no mesmo sentido;1;0;1;0;0;0;0;0;0;0;3;0;0;0;0
06/10/2022;23:18:35;218;Sem vítima;308,000;BR-386/RS;Crescente;Capotamento;0;0;1;0;0;0;0;0;0;0;0;0;0;0;0
07/10/2022;00:51:20;6;Sem vítima;414,000;BR-386/RS;Crescente;Acidentes de outra natureza;1;0;0;0;0;0;0;0;0;0;1;0;0;0;0
07/10/2022;10:19:36;158;Sem vítima;309,000;BR-386/RS;Crescente;Tombamento;0;0;1;0;0;0;0;0;0;0;0;0;0;0;0
07/10/2022;10:51:53;167;Sem vítima;348,000;BR-386/RS;Decrescente;Colisão lateral no mesmo sentido;1;0;1;0;0;0;0;0;0;0;3;0;0;0;0
07/10/2022;11:03:27;169;Sem vítima;72,000;BR-101/RS;Crescente;Acidentes de outra natureza;1;0;0;0;0;0;0;0;0;0;0;0;0;0;0
07/10/2022;13:09:40;189;Sem vítima;77,000;BR-290/RS;Crescente;Capotamento;2;0;0;0;0;0;0;0;0;0;1;0;0;0;0
07/10/2022;14:20:14;209;Sem vítima;307,000;BR-386/RS;Decrescente;Colisão traseira;2;0;0;0;0;0;0;0;0;0;7;0;0;0;0
07/10/2022;14:39:14;215;Com vítima;277,000;BR-386/RS;Decrescente;Colisão traseira;1;0;0;0;1;0;0;0;0;0;3;1;0;0;0
07/10/2022;14:53:32;220;Sem vítima;4,000;BR-290/RS;Crescente;Acidentes de outra natureza;1;0;0;0;0;0;0;0;0;0;4;0;0;0;0
07/10/2022;16:14:22;239;Sem vítima;81,000;BR-101/RS;Decrescente;Acidentes de outra natureza;1;0;0;0;0;0;0;0;0;0;0;0;0;0;0
07/10/2022;18:07:49;269;Sem vítima;88,000;BR-290/RS;Decrescente;Engavetamento;2;0;0;0;1;0;0;0;0;0;5;0;0;0;0
07/10/2022;18:33:32;275;Sem vítima;60,000;BR-290/RS;Crescente;Colisão lateral no mesmo sentido;1;0;1;0;0;0;0;0;0;0;2;0;0;0;0
08/10/2022;03:24:16;20;Com vítima;211,000;BR-386/RS;Crescente;Colisão traseira;2;0;0;0;0;0;0;0;0;0;1;0;2;0;0
08/10/2022;14:51:03;164;Sem vítima;60,000;BR-290/RS;Decrescente;Colisão traseira;2;0;0;0;0;0;0;0;0;0;0;0;0;0;0
08/10/2022;17:08:32;193;Sem vítima;344,000;BR-386/RS;Decrescente;Colisão transversal;2;0;0;0;0;0;0;0;0;0;3;0;0;0;0
08/10/2022;20:05:44;230;Sem vítima;249,000;BR-386/RS;Crescente;Colisão frontal;1;0;1;0;0;0;0;0;0;0;1;0;0;0;0
08/10/2022;22:15:39;243;Sem vítima;38,000;BR-101/RS;Crescente;Acidentes de outra natureza;1;0;0;0;0;0;0;0;0;0;1;0;0;0;0
09/10/2022;02:45:58;21;Com vítima;342,000;BR-386/RS;Crescente;Colisão traseira;0;0;0;2;0;0;0;0;0;0;1;1;1;0;0
09/10/2022;07:43:06;57;Sem vítima;33,000;BR-290/RS;Crescente;Acidentes de outra natureza;1;0;0;0;0;0;0;0;0;0;1;0;0;0;0
09/10/2022;07:46:02;59;Com vítima;86,000;BR-290/RS;Decrescente;Choque;1;0;0;0;0;0;0;0;0;0;0;1;0;0;0
09/10/2022;09:20:28;71;Sem vítima;69,000;BR-290/RS;Crescente;Acidentes de outra natureza;1;0;0;0;0;0;0;0;0;0;0;0;0;0;0
09/10/2022;14:44:00;121;Sem vítima;50,000;BR-101/RS;Crescente;Capotamento;2;0;0;0;0;0;0;0;0;0;6;0;0;0;0
09/10/2022;15:08:55;125;Sem vítima;307,000;BR-386/RS;Crescente;Acidentes de outra natureza;0;0;0;0;1;0;0;0;0;0;2;0;0;0;0
09/10/2022;15:19:27;130;Sem vítima;307,000;BR-386/RS;Decrescente;Acidentes de outra natureza;1;0;0;0;0;0;0;0;0;0;1;0;0;0;0
09/10/2022;16:24:28;143;Sem vítima;224,000;BR-386/RS;Crescente;Colisão lateral no mesmo sentido;2;0;0;0;0;0;0;0;0;0;8;0;0;0;0
09/10/2022;18:53:08;175;Sem vítima;390,000;BR-386/RS;Crescente;Colisão lateral no mesmo sentido;1;0;1;0;0;0;0;0;0;0;3;0;0;0;0
10/10/2022;01:20:42;12;Sem vítima;295,000;BR-386/RS;Decrescente;Choque;1;0;0;0;0;0;0;0;0;0;1;0;0;0;0
10/10/2022;02:39:57;20;Com vítima;329,000;BR-386/RS;Decrescente;Acidentes de outra natureza;1;0;0;0;0;0;0;0;0;0;1;0;1;0;0
10/10/2022;03:24:22;25;Sem vítima;365,000;BR-386/RS;Crescente;Acidentes de outra natureza;1;0;0;0;0;0;0;0;0;0;1;0;0;0;0
10/10/2022;14:14:56;202;Sem vítima;35,000;BR-101/RS;Crescente;Colisão traseira;0;0;1;0;0;1;0;0;0;0;3;0;0;0;0
10/10/2022;15:18:22;217;Com vítima;417,000;BR-386/RS;Crescente;Acidentes de outra natureza;1;0;0;0;0;0;0;0;0;0;1;0;1;0;0
10/10/2022;18:50:49;249;Sem vítima;345,000;BR-386/RS;Crescente;Colisão traseira;0;0;1;1;0;0;0;0;0;0;2;0;0;0;0
11/10/2022;01:43:41;6;Sem vítima;400,000;BR-386/RS;Crescente;Capotamento;1;0;0;0;0;0;0;0;0;0;2;0;0;0;0
11/10/2022;08:29:56;78;Sem vítima;213,000;BR-386/RS;Crescente;Atropelamento de animal;1;0;0;0;0;0;0;0;0;0;1;0;0;0;0
11/10/2022;10:46:42;125;Sem vítima;33,000;BR-101/RS;Decrescente;Colisão traseira;0;0;2;0;0;0;0;0;0;0;0;0;0;0;0
11/10/2022;11:29:50;135;Sem vítima;19,000;BR-290/RS;Decrescente;Colisão traseira;1;0;1;0;0;0;0;0;0;0;4;0;0;0;0
11/10/2022;14:47:21;168;Com vítima;30,000;BR-290/RS;Decrescente;Queda de moto;0;0;0;1;0;0;0;0;0;0;0;1;0;0;0
11/10/2022;15:37:09;177;Sem vítima;414,000;BR-386/RS;Decrescente;Tombamento;0;0;1;0;0;0;0;0;0;0;0;0;0;0;0
11/10/2022;15:43:41;178;Sem vítima;94,000;BR-290/RS;Decrescente;Choque;1;0;0;0;0;0;0;0;0;0;3;0;0;0;0
11/10/2022;15:46:29;179;Sem vítima;412,000;BR-386/RS;Decrescente;Acidentes de outra natureza;1;0;0;0;0;0;0;0;0;0;2;0;0;0;0
11/10/2022;15:49:59;180;Sem vítima;301,000;BR-386/RS;Decrescente;Colisão traseira;1;0;1;0;0;0;0;0;0;0;2;0;0;0;0
11/10/2022;16:56:28;191;Sem vítima;243,000;BR-386/RS;Decrescente;Acidentes de outra natureza;1;0;0;0;0;0;0;0;0;0;2;0;0;0;0
11/10/2022;18:27:11;210;Sem vítima;283,000;BR-386/RS;Decrescente;Acidentes de outra natureza;2;0;0;0;0;0;0;0;0;0;0;0;0;0;0
12/10/2022;01:32:11;7;Sem vítima;440,000;BR-386/RS;Decrescente;Capotamento;1;0;0;0;0;0;0;0;0;0;1;0;0;0;0
12/10/2022;03:32:10;13;Sem vítima;346,000;BR-386/RS;Crescente;Acidentes de outra natureza;1;0;0;0;0;0;0;0;0;0;1;0;0;0;0
12/10/2022;05:27:49;17;Sem vítima;353,000;BR-386/RS;Decrescente;Capotamento;1;0;0;0;0;0;0;0;0;0;1;0;0;0;0
12/10/2022;08:35:09;39;Sem vítima;9,000;BR-101/RS;Crescente;Colisão traseira;2;0;0;0;0;0;0;0;0;0;2;0;0;0;0
12/10/2022;10:41:59;58;Sem vítima;22,000;BR-101/RS;Crescente;Choque;1;0;0;0;0;0;0;0;0;0;2;0;0;0;0
12/10/2022;11:51:01;70;Sem vítima;411,000;BR-386/RS;Decrescente;Acidentes de outra natureza;1;0;0;0;0;0;0;0;0;0;0;0;0;0;0
12/10/2022;20:02:41;128;Sem vítima;398,000;BR-386/RS;Decrescente;Acidentes de outra natureza;1;0;0;0;0;0;0;0;0;0;0;0;0;0;0
13/10/2022;06:32:29;32;Sem vítima;434,000;BR-386/RS;Crescente;Acidentes de outra natureza;1;0;0;0;0;0;0;0;0;0;1;0;0;0;0
13/10/2022;09:08:08;110;Sem vítima;277,100;BR-386/RS;Decrescente;Tombamento;0;0;1;0;0;0;0;0;0;0;0;0;0;0;0
13/10/2022;09:17:35;115;Sem vítima;392,000;BR-386/RS;Crescente;Acidentes de outra natureza;1;0;0;0;0;0;0;0;0;0;2;0;0;0;0
13/10/2022;09:44:13;125;Sem vítima;368,000;BR-386/RS;Crescente;Choque;1;0;0;0;0;0;0;0;0;0;3;0;0;0;0
13/10/2022;18:18:40;216;Sem vítima;22,000;BR-101/RS;Decrescente;Colisão traseira;0;0;1;0;0;0;0;0;0;0;1;0;0;0;0
13/10/2022;19:51:36;232;Sem vítima;92,000;BR-290/RS;Decrescente;Colisão lateral no mesmo sentido;1;0;0;0;1;0;0;0;0;0;4;0;0;0;0
13/10/2022;20:17:04;235;Sem vítima;391,000;BR-386/RS;Crescente;Capotamento;0;0;1;0;0;0;0;0;0;0;1;0;0;0;0
13/10/2022;22:02:57;243;Sem vítima;61,000;BR-101/RS;Decrescente;Acidentes de outra natureza;1;0;0;0;0;0;0;0;0;0;1;0;0;0;0
14/10/2022;00:05:09;2;Com vítima;92,000;BR-290/RS;Decrescente;Acidentes de outra natureza;1;0;0;0;0;0;0;0;0;0;0;0;1;0;0
14/10/2022;07:19:27;58;Sem vítima;341,000;BR-386/RS;Decrescente;Colisão transversal;1;0;0;0;0;1;0;0;0;0;2;0;0;0;0
14/10/2022;07:25:40;61;Sem vítima;362,000;BR-386/RS;Crescente;Colisão lateral no mesmo sentido;2;0;0;0;0;0;0;0;0;0;4;0;0;0;0
14/10/2022;14:24:43;174;Com vítima;215,000;BR-386/RS;Decrescente;Colisão frontal;1;0;0;1;0;0;0;0;0;0;0;1;1;0;0
14/10/2022;20:00:47;257;Sem vítima;346,000;BR-386/RS;Decrescente;Choque;1;0;0;0;0;0;0;0;0;0;2;0;0;0;0
14/10/2022;22:54:18;289;Sem vítima;258,220;BR-386/RS;Decrescente;Capotamento;1;0;0;0;0;0;0;0;0;0;1;0;0;0;0
15/10/2022;02:16:18;12;Com vítima;80,280;BR-290/RS;Decrescente;Acidentes de outra natureza;1;0;0;0;0;0;0;0;0;0;1;2;0;0;0
15/10/2022;04:33:16;17;Sem vítima;76,000;BR-101/RS;Decrescente;Acidentes de outra natureza;0;0;0;0;1;0;0;0;0;0;1;0;0;0;0
15/10/2022;05:49:24;26;Sem vítima;49,300;BR-101/RS;Crescente;Queda de moto;1;0;0;0;0;0;0;0;0;0;0;0;0;0;0
15/10/2022;08:43:39;76;Com vítima;55,600;BR-290/RS;Decrescente;Capotamento;1;0;0;0;0;0;0;0;0;0;2;1;1;0;0
15/10/2022;10:44:53;89;Sem vítima;202,000;BR-386/RS;Crescente;Colisão traseira;2;0;0;0;0;0;0;0;0;0;5;0;0;0;0
15/10/2022;14:57:54;125;Sem vítima;384,000;BR-386/RS;Crescente;Acidentes de outra natureza;1;0;0;1;0;0;0;0;0;0;1;0;0;0;0
15/10/2022;20:16:51;173;Sem vítima;52,000;BR-101/RS;Crescente;Acidentes de outra natureza;1;0;0;0;0;0;0;0;0;0;1;0;0;0;0
16/10/2022;03:20:29;15;Sem vítima;339,000;BR-386/RS;Decrescente;Acidentes de outra natureza;1;0;0;0;0;0;0;0;0;0;2;0;0;0;0
16/10/2022;03:48:40;19;Sem vítima;362,000;BR-386/RS;Crescente;Capotamento;1;0;0;0;0;0;0;0;0;0;1;0;0;0;0
16/10/2022;16:10:27;110;Sem vítima;80,000;BR-290/RS;Crescente;Atropelamento de animal;1;0;0;0;0;0;0;0;0;0;1;0;0;0;0
16/10/2022;16:57:21;120;Sem vítima;86,000;BR-290/RS;Crescente;Choque;1;0;0;0;0;0;0;0;0;0;2;0;0;0;0
16/10/2022;19:40:05;151;Sem vítima;281,500;BR-386/RS;Crescente;Colisão transversal;1;0;1;0;0;0;0;0;0;0;1;0;0;0;0
16/10/2022;20:37:08;161;Com vítima;375,000;BR-386/RS;Decrescente;Colisão transversal;1;0;0;1;0;0;0;0;0;0;2;2;0;0;0
16/10/2022;20:57:51;164;Sem vítima;339,000;BR-386/RS;Crescente;Acidentes de outra natureza;0;0;1;0;0;0;0;0;0;0;0;0;0;0;0