data;horario;n_da_ocorrencia;tipo_de_ocorrencia;km;trecho;sentido;tipo_de_acidente;automovel;bicicleta;caminhao;moto;onibus;outros;tracao_animal;transporte_de_cargas_especiais;trator_maquinas;utilitarios;ilesos;levemente_feridos;moderadamente_feridos;gravemente_feridos;mortos
16/10/2022;21:29:32;172;Sem vítima;80,000;BR-290/RS;Decrescente;Colisão traseira;1;0;0;0;0;0;0;0;0;0;3;0;0;0;0
17/10/2022;06:07:47;29;Sem vítima;1,000;BR-290/RS;Crescente;Acidentes de outra natureza;1;0;0;0;0;0;0;0;0;0;3;0;0;0;0
17/10/2022;06:10:14;31;Com vítima;366,000;BR-386/RS;Crescente;Acidentes de outra natureza;1;0;0;0;0;0;0;0;0;0;0;0;1;0;0
17/10/2022;09:09:21;104;Sem vítima;349,000;BR-386/RS;Crescente;Colisão lateral no mesmo sentido;1;0;1;0;0;0;0;0;0;0;1;0;0;0;0
17/10/2022;10:58:01;131;Com vítima;76,000;BR-290/RS;Crescente;Colisão transversal;1;0;1;0;0;0;0;0;0;0;1;0;1;0;0
17/10/2022;11:08:29;134;Sem vítima;76,000;BR-290/RS;Decrescente;Capotamento;1;0;0;0;0;0;0;0;0;0;1;0;0;0;0
17/10/2022;12:10:56;151;Sem vítima;440,000;BR-386/RS;Crescente;Colisão lateral no mesmo sentido;1;0;1;0;0;0;0;0;0;0;3;0;0;0;0
17/10/2022;12:32:36;157;Sem vítima;317,000;BR-386/RS;Crescente;Colisão traseira;0;0;1;0;1;0;0;0;0;0;3;0;0;0;0
17/10/2022;13:59:11;171;Com vítima;346,000;BR-386/RS;Crescente;Colisão transversal;1;0;0;0;1;0;0;0;0;0;2;0;1;0;0
17/10/2022;19:50:14;242;Sem vítima;97,000;BR-290/RS;Crescente;Engavetamento;3;0;0;0;0;0;0;0;0;0;4;0;0;0;0
17/10/2022;22:35:31;275;Sem vítima;15,000;BR-101/RS;Crescente;Colisão lateral no mesmo sentido;1;0;1;0;0;0;0;0;0;0;0;0;0;0;0
19/10/2022;10:09:32;117;Com vítima;242,400;BR-386/RS;Decrescente;Acidentes de outra natureza;1;0;0;0;0;0;0;0;0;0;0;0;0;0;1
19/10/2022;12:31:43;142;Sem vítima;96,000;BR-290/RS;Crescente;Acidentes de outra natureza;3;0;0;0;0;0;0;0;0;0;4;0;0;0;0
20/10/2022;05:47:44;18;Com vítima;358,000;BR-386/RS;Decrescente;Acidentes de outra natureza;1;0;0;0;0;0;0;0;0;0;0;1;0;0;0
20/10/2022;06:57:45;31;Com vítima;92,000;BR-290/RS;Crescente;Queda de moto;0;0;0;1;0;0;0;0;0;0;1;1;0;0;0
20/10/2022;13:30:03;158;Sem vítima;281,000;BR-386/RS;Decrescente;Colisão traseira;2;0;0;0;0;0;0;0;0;0;2;0;0;0;0
20/10/2022;14:26:45;169;Sem vítima;80,000;BR-290/RS;Crescente;Queda de moto;0;0;0;1;0;0;0;0;0;0;1;0;0;0;0
21/10/2022;00:09:30;2;Com vítima;309,000;BR-386/RS;Crescente;Colisão frontal;1;0;1;0;0;0;0;0;0;0;1;0;1;0;0
21/10/2022;07:18:05;50;Com vítima;87,000;BR-290/RS;Crescente;Queda de moto;0;0;0;1;0;0;0;0;0;0;0;0;1;0;0
21/10/2022;10:25:42;142;Sem vítima;80,000;BR-290/RS;Decrescente;Colisão transversal;0;0;0;1;0;0;0;0;0;0;1;0;0;0;0
21/10/2022;10:41:02;146;Sem vítima;18,000;BR-101/RS;Crescente;Colisão lateral no mesmo sentido;1;0;1;0;0;0;0;0;0;0;3;0;0;0;0
21/10/2022;11:35:56;163;Sem vítima;397,000;BR-386/RS;Decrescente;Acidentes de outra natureza;0;0;1;0;0;0;0;0;0;0;1;0;0;0;0
21/10/2022;15:28:59;223;Sem vítima;12,000;BR-101/RS;Crescente;Engavetamento;3;0;0;0;0;0;0;0;0;0;7;0;0;0;0
21/10/2022;16:55:57;244;Sem vítima;88,000;BR-290/RS;Decrescente;Tombamento;2;0;1;0;0;0;0;0;0;0;11;0;0;0;0
21/10/2022;17:55:55;261;Sem vítima;90,000;BR-290/RS;Decrescente;Colisão traseira;1;0;0;2;0;0;0;0;0;0;3;0;0;0;0
21/10/2022;18:49:01;283;Sem vítima;219,000;BR-386/RS;Crescente;Colisão lateral no mesmo sentido;1;0;0;0;0;0;0;0;0;0;3;0;0;0;0
21/10/2022;19:38:30;293;Sem vítima;32,000;BR-101/RS;Decrescente;Acidentes de outra natureza;1;0;0;0;0;0;0;0;0;0;4;0;0;0;0
21/10/2022;22:15:56;329;Sem vítima;3,000;BR-101/RS;Decrescente;Colisão traseira;0;0;1;0;0;1;0;0;0;0;2;0;0;0;0
21/10/2022;22:24:05;330;Sem vítima;29,000;BR-290/RS;Decrescente;Colisão traseira;2;0;0;0;0;0;0;0;0;0;4;0;0;0;0
21/10/2022;23:46:27;340;Sem vítima;307,000;BR-386/RS;Crescente;Acidentes de outra natureza;1;0;0;0;0;0;0;0;0;0;2;0;0;0;0
22/10/2022;03:57:32;20;Sem vítima;371,000;BR-386/RS;Decrescente;Acidentes de outra natureza;1;0;0;0;0;0;0;0;0;0;1;0;0;0;0
22/10/2022;20:55:34;200;Sem vítima;443,000;BR-386/RS;Crescente;Colisão traseira;2;0;0;0;0;0;0;0;0;0;3;0;0;0;0
22/10/2022;22:50:23;213;Sem vítima;350,000;BR-386/RS;Decrescente;Capotamento;1;0;0;0;0;0;0;0;0;0;1;0;0;0;0
23/10/2022;06:02:53;38;Sem vítima;35,000;BR-101/RS;Crescente;Choque;1;0;0;0;0;0;0;0;0;0;3;0;0;0;0
23/10/2022;07:48:00;59;Sem vítima;442,000;BR-386/RS;Decrescente;Colisão traseira;2;0;0;0;0;0;0;0;0;0;3;0;0;0;0
23/10/2022;11:01:48;95;Sem vítima;92,000;BR-290/RS;Crescente;Choque;0;0;0;0;0;0;0;0;0;0;0;0;0;0;0
23/10/2022;11:03:17;96;Com vítima;348,000;BR-386/RS;Crescente;Queda de moto;0;0;0;1;0;0;0;0;0;0;1;0;1;0;0
23/10/2022;11:09:46;97;Com vítima;417,000;BR-386/RS;Crescente;Queda de moto;0;0;0;1;0;0;0;0;0;0;0;0;2;0;0
23/10/2022;12:19:46;107;Sem vítima;80,000;BR-101/RS;Decrescente;Choque;1;0;0;0;0;0;0;0;0;0;3;0;0;0;0
23/10/2022;14:39:40;129;Sem vítima;71,000;BR-290/RS;Crescente;Colisão lateral no mesmo sentido;2;0;0;0;0;0;0;0;0;0;3;0;0;0;0
23/10/2022;14:53:01;131;Sem vítima;43,000;BR-290/RS;Crescente;Queda de moto;0;0;0;1;0;0;0;0;0;0;1;0;0;0;0
23/10/2022;17:23:57;153;Sem vítima;88,000;BR-290/RS;Decrescente;Colisão traseira;2;0;0;0;0;0;0;0;0;0;4;0;0;0;0
23/10/2022;21:08:18;202;Sem vítima;96,000;BR-290/RS;Decrescente;Colisão lateral no mesmo sentido;2;0;0;0;0;0;0;0;0;0;2;0;0;0;0
24/10/2022;05:21:17;23;Sem vítima;440,000;BR-386/RS;Decrescente;Acidentes de outra natureza;1;0;0;0;0;0;0;0;0;0;0;0;0;0;0
24/10/2022;07:28:54;62;Sem vítima;22,000;BR-101/RS;Decrescente;Colisão traseira;2;0;0;0;0;0;0;0;0;0;1;0;0;0;0
24/10/2022;10:05:10;124;Sem vítima;438,000;BR-386/RS;Decrescente;Colisão traseira;1;0;0;0;0;0;0;0;0;0;2;0;0;0;0
24/10/2022;16:09:37;210;Sem vítima;75,000;BR-290/RS;Decrescente;Acidentes de outra natureza;1;0;0;0;0;0;0;0;0;0;1;0;0;0;0
24/10/2022;18:04:15;236;Com vítima;90,000;BR-290/RS;Crescente;Queda de moto;0;0;0;1;0;0;0;0;0;0;1;1;0;0;0
24/10/2022;18:26:04;241;Sem vítima;92,000;BR-290/RS;Decrescente;Colisão lateral no mesmo sentido;2;0;0;0;0;0;0;0;0;0;1;0;0;0;0
24/10/2022;22:06:07;281;Sem vítima;42,000;BR-290/RS;Crescente;Tombamento;0;0;1;0;0;0;0;0;0;0;1;0;0;0;0
25/10/2022;01:57:30;2;Sem vítima;32,000;BR-290/RS;Decrescente;Atropelamento de animal;1;0;0;0;0;0;0;0;0;0;5;0;0;0;0
25/10/2022;07:39:49;56;Sem vítima;87,500;BR-290/RS;Crescente;Engavetamento;3;0;0;0;0;0;0;0;0;0;3;0;0;0;0
25/10/2022;08:11:43;77;Com vítima;374,000;BR-386/RS;Decrescente;Colisão transversal;1;0;0;1;0;0;0;0;0;0;0;0;1;1;0
25/10/2022;11:38:26;132;Sem vítima;58,000;BR-290/RS;Crescente;Acidentes de outra natureza;1;0;0;0;0;0;0;0;0;0;1;0;0;0;0
25/10/2022;15:04:26;172;Sem vítima;348,000;BR-386/RS;Decrescente;Queda de moto;0;0;0;1;0;0;0;0;0;0;1;0;0;0;0
25/10/2022;19:58:38;232;Sem vítima;343,700;BR-386/RS;Decrescente;Colisão transversal;1;0;0;0;0;0;0;0;0;0;1;0;0;0;0
26/10/2022;08:11:47;100;Com vítima;86,000;BR-290/RS;Crescente;Queda de moto;0;0;0;1;0;0;0;0;0;0;0;1;0;0;0
26/10/2022;10:27:28;162;Sem vítima;284,000;BR-386/RS;Decrescente;Capotamento;1;0;0;0;0;0;0;0;0;0;2;0;0;0;0
26/10/2022;15:50:28;231;Sem vítima;356,000;BR-386/RS;Crescente;Choque;1;0;0;0;0;0;0;0;0;0;1;0;0;0;0
26/10/2022;16:39:21;237;Sem vítima;35,000;BR-101/RS;Decrescente;Colisão traseira;0;0;2;0;0;0;0;0;0;0;0;0;0;0;0
26/10/2022;19:51:55;286;Sem vítima;7,000;BR-290/RS;Crescente;Acidentes de outra natureza;1;0;0;0;0;0;0;0;0;0;2;0;0;0;0
27/10/2022;00:28:50;2;Sem vítima;87,000;BR-290/RS;Crescente;Capotamento;1;0;0;0;0;0;0;0;0;0;1;0;0;0;0
27/10/2022;01:36:17;6;Sem vítima;259,000;BR-386/RS;Crescente;Tombamento;0;0;1;0;0;0;0;0;0;0;1;0;0;0;0
27/10/2022;11:24:36;166;Sem vítima;426,000;BR-386/RS;Decrescente;Colisão traseira;1;0;0;0;0;0;0;0;0;0;1;0;0;0;0
27/10/2022;12:04:04;174;Com vítima;321,000;BR-386/RS;Decrescente;Colisão traseira;1;0;0;1;0;0;0;0;0;0;3;0;1;0;0
27/10/2022;13:28:53;194;Sem vítima;345,000;BR-386/RS;Decrescente;Engavetamento;1;0;0;0;0;0;0;0;0;0;2;0;0;0;0
27/10/2022;16:21:38;256;Sem vítima;352,000;BR-386/RS;Crescente;Colisão transversal;1;0;0;1;0;0;0;0;0;0;1;0;0;0;0
27/10/2022;17:20:06;268;Sem vítima;46,000;BR-290/RS;Crescente;Acidentes de outra natureza;1;0;0;0;0;0;0;0;0;0;1;0;0;0;0
27/10/2022;18:00:07;278;Sem vítima;94,000;BR-290/RS;Decrescente;Choque;1;0;0;0;0;0;0;0;0;0;1;0;0;0;0
27/10/2022;21:49:41;320;Sem vítima;75,000;BR-290/RS;Decrescente;Choque;1;0;0;0;0;0;0;0;0;0;0;0;0;0;0
28/10/2022;07:25:49;78;Sem vítima;17,000;BR-101/RS;Crescente;Colisão lateral no mesmo sentido;2;0;0;0;0;0;0;0;0;0;2;0;0;0;0
28/10/2022;09:50:24;136;Sem vítima;359,000;BR-386/RS;Crescente;Colisão traseira;1;0;0;0;0;1;0;0;0;0;5;0;0;0;0
28/10/2022;12:04:28;162;Sem vítima;344,000;BR-386/RS;Crescente;Colisão traseira;2;0;0;0;0;0;0;0;0;0;0;0;0;0;0
28/10/2022;17:40:29;228;Com vítima;6,000;BR-101/RS;Decrescente;Capotamento;1;0;0;0;0;0;0;0;0;0;0;1;0;0;0
28/10/2022;18:45:56;242;Sem vítima;434,000;BR-386/RS;Decrescente;Colisão traseira;1;0;0;0;0;0;0;0;0;0;1;0;0;0;0
29/10/2022;01:53:53;11;Sem vítima;35,000;BR-101/RS;Crescente;Choque;0;0;1;0;0;0;0;0;0;0;1;0;0;0;0
29/10/2022;07:46:24;53;Com vítima;83,000;BR-290/RS;Decrescente;Colisão lateral no mesmo sentido;1;0;0;1;0;0;0;0;0;0;2;0;1;0;0
29/10/2022;08:09:17;64;Sem vítima;304,000;BR-386/RS;Decrescente;Queda de moto;0;0;0;0;0;0;0;0;0;0;0;0;0;0;0
29/10/2022;08:13:31;66;Com vítima;33,000;BR-290/RS;Decrescente;Colisão lateral no mesmo sentido;2;0;0;0;0;0;0;0;0;0;3;1;0;0;0
29/10/2022;12:30:47;127;Sem vítima;398,000;BR-386/RS;Decrescente;Acidentes de outra natureza;1;0;0;0;0;0;0;0;0;0;1;0;0;0;0
29/10/2022;15:59:40;166;Sem vítima;86,000;BR-290/RS;Crescente;Choque;1;0;0;0;0;0;0;0;0;0;1;0;0;0;0
29/10/2022;16:19:33;171;Sem vítima;41,000;BR-290/RS;Crescente;Colisão traseira;1;0;0;0;0;0;0;0;0;0;1;0;0;0;0
29/10/2022;19:29:53;209;Sem vítima;210,000;BR-386/RS;Decrescente;Colisão lateral no mesmo sentido;1;0;0;0;0;0;0;0;0;0;1;0;0;0;0
30/10/2022;00:22:44;1;Sem vítima;363,000;BR-386/RS;Crescente;Capotamento;1;0;0;0;0;0;0;0;0;0;4;0;0;0;0
30/10/2022;07:39:34;21;Com vítima;45,000;BR-290/RS;Crescente;Tombamento;1;0;0;0;0;0;0;0;0;0;2;1;0;0;0
30/10/2022;08:06:57;28;Com vítima;317,000;BR-386/RS;Decrescente;Acidentes de outra natureza;0;0;0;1;0;0;0;0;0;0;0;2;0;0;0
30/10/2022;11:23:18;81;Sem vítima;34,000;BR-290/RS;Decrescente;Queda de moto;0;0;0;1;0;0;0;0;0;0;2;0;0;0;0
30/10/2022;11:38:15;86;Sem vítima;378,000;BR-386/RS;Crescente;Acidentes de outra natureza;1;0;0;0;0;0;0;0;0;0;1;0;0;0;0
30/10/2022;14:16:15;108;Com vítima;385,000;BR-386/RS;Decrescente;Acidentes de outra natureza;1;0;0;0;0;0;0;0;0;0;1;1;0;0;0
30/10/2022;15:54:27;136;Sem vítima;60,000;BR-290/RS;Decrescente;Colisão lateral no mesmo sentido;1;0;1;0;0;0;0;0;0;0;3;0;0;0;0
30/10/2022;21:56:29;192;Com vítima;10,000;BR-101/RS;Decrescente;Queda de moto;0;0;0;1;0;0;0;0;0;0;0;1;0;0;0
30/10/2022;23:43:08;203;Sem vítima;362,000;BR-386/RS;Crescente;Acidentes de outra natureza;1;0;0;0;0;0;0;0;0;0;1;0;0;0;0
31/10/2022;03:22:40;7;Com vítima;372,000;BR-386/RS;Crescente;Queda de moto;1;0;0;0;0;0;0;0;0;0;0;0;1;0;0
31/10/2022;04:54:44;12;Sem vítima;340,000;BR-386/RS;Decrescente;Acidentes de outra natureza;1;0;0;0;0;0;0;0;0;0;1;0;0;0;0
31/10/2022;05:13:06;14;Sem vítima;340,000;BR-386/RS;Decrescente;Acidentes de outra natureza;0;0;0;1;0;0;0;0;0;0;1;0;0;0;0
31/10/2022;05:35:23;16;Sem vítima;417,000;BR-386/RS;Decrescente;Atropelamento de animal;0;0;1;0;0;0;0;0;0;0;1;0;0;0;0
31/10/2022;06:57:45;33;Com vítima;336,000;BR-386/RS;Decrescente;Tombamento;0;0;1;0;0;0;0;0;0;0;0;0;1;0;0
31/10/2022;08:51:00;64;Sem vítima;50,000;BR-290/RS;Decrescente;Acidentes de outra natureza;1;0;0;0;0;0;0;0;0;0;0;0;0;0;0
31/10/2022;10:14:45;84;Sem vítima;433,000;BR-386/RS;Crescente;Engavetamento;4;0;0;0;0;0;0;0;0;0;6;0;0;0;0
31/10/2022;10:32:42;87;Sem vítima;348,000;BR-386/RS;Decrescente;Acidentes de outra natureza;1;0;0;0;0;0;0;0;0;0;1;0;0;0;0
31/10/2022;11:08:14;91;Com vítima;33,000;BR-101/RS;Crescente;Colisão lateral no mesmo sentido;1;0;1;0;0;0;0;0;0;0;0;1;0;0;0
31/10/2022;11:26:32;95;Sem vítima;360,000;BR-386/RS;Decrescente;Acidentes de outra natureza;1;0;0;0;0;0;0;0;0;0;1;0;0;0;0
31/10/2022;13:30:14;113;Com vítima;360,000;BR-386/RS;Decrescente;Acidentes de outra natureza;1;0;0;0;0;0;0;0;0;0;0;1;0;0;0
31/10/2022;14:08:27;117;Com vítima;49,000;BR-290/RS;Decrescente;Acidentes de outra natureza;1;0;0;0;0;0;0;0;0;0;3;0;2;0;0
31/10/2022;14:14:48;119;Com vítima;310,000;BR-386/RS;Crescente;Colisão frontal;3;0;0;0;0;0;0;0;0;0;1;0;1;3;0
31/10/2022;14:37:24;122;Sem vítima;16,000;BR-290/RS;Decrescente;Choque;1;0;0;0;0;0;0;0;0;0;3;0;0;0;0
31/10/2022;15:10:03;128;Sem vítima;377,000;BR-386/RS;Crescente;Acidentes de outra natureza;1;0;0;0;0;0;0;0;0;0;4;0;0;0;0
31/10/2022;15:55:05;133;Sem vítima;292,000;BR-386/RS;Decrescente;Acidentes de outra natureza;0;0;1;0;0;0;0;0;0;0;1;0;0;0;0
31/10/2022;21:12:34;179;Sem vítima;27,000;BR-290/RS;Decrescente;Acidentes de outra natureza;1;0;0;0;0;0;0;0;0;0;1;0;0;0;0
31/10/2022;23:00:56;187;Com vítima;95,000;BR-290/RS;Crescente;Colisão lateral no mesmo sentido;2;0;0;0;0;0;0;0;0;0;3;1;1;0;0
01/11/2022;02:05:18;4;Sem vítima;440,000;BR-386/RS;Crescente;Atropelamento de animal;1;0;0;0;0;0;0;0;0;0;1;0;0;0;0
01/11/2022;14:54:28;166;Sem vítima;40,000;BR-290/RS;Crescente;Capotamento;1;0;0;0;0;0;0;0;0;0;3;0;0;0;0
01/11/2022;17:11:16;191;Sem vítima;72,000;BR-290/RS;Crescente;Queda de moto;0;0;0;1;0;0;0;0;0;0;0;0;0;0;0
02/11/2022;00:42:19;7;Com vítima;339,000;BR-386/RS;Decrescente;Acidentes de outra natureza;0;0;0;1;0;0;0;0;0;0;0;0;1;0;0
02/11/2022;06:35:35;30;Sem vítima;31,000;BR-290/RS;Crescente;Acidentes de outra natureza;1;0;0;0;0;0;0;0;0;0;1;0;0;0;0
02/11/2022;17:07:57;128;Sem vítima;336,000;BR-386/RS;Crescente;Acidentes de outra natureza;0;0;0;0;0;0;0;0;0;1;2;0;0;0;0
02/11/2022;19:29:37;150;Sem vítima;268,000;BR-386/RS;Crescente;Colisão lateral no mesmo sentido;1;0;1;0;0;0;0;0;0;0;2;0;0;0;0
02/11/2022;19:42:25;155;Sem vítima;423,000;BR-386/RS;Decrescente;Colisão lateral no mesmo sentido;2;0;0;0;0;0;0;0;0;0;5;0;0;0;0
02/11/2022;22:25:08;173;Sem vítima;435,000;BR-386/RS;Decrescente;Colisão transversal;2;0;0;0;0;0;0;0;0;0;1;0;0;0;0
03/11/2022;02:01:41;3;Sem vítima;42,300;BR-290/RS;Decrescente;Tombamento;0;0;1;0;0;0;0;0;0;0;1;0;0;0;0
03/11/2022;07:43:53;67;Sem vítima;96,000;BR-290/RS;Crescente;Colisão traseira;2;0;0;0;0;0;0;0;0;0;3;0;0;0;0
03/11/2022;08:03:50;80;Sem vítima;336,000;BR-386/RS;Crescente;Colisão traseira;1;0;0;0;1;0;0;0;0;0;4;0;0;0;0
03/11/2022;10:25:43;128;Com vítima;346,000;BR-386/RS;Crescente;Colisão traseira;1;0;1;0;0;0;0;0;0;0;2;0;1;0;0
03/11/2022;10:52:23;133;Com vítima;411,000;BR-386/RS;Crescente;Colisão traseira;1;0;1;0;0;0;0;0;0;0;4;0;1;0;0
03/11/2022;11:14:51;139;Sem vítima;271,000;BR-386/RS;Decrescente;Acidentes de outra natureza;0;0;1;0;0;0;0;0;0;0;1;0;0;0;0
03/11/2022;12:14:07;156;Sem vítima;357,000;BR-386/RS;Decrescente;Colisão traseira;0;0;0;0;1;0;0;0;0;1;2;0;0;0;0
03/11/2022;18:02:39;222;Sem vítima;349,000;BR-386/RS;Decrescente;Colisão traseira;2;0;0;0;0;0;0;0;0;0;3;0;0;0;0
03/11/2022;18:05:16;223;Sem vítima;86,000;BR-290/RS;Crescente;Colisão traseira;1;0;0;1;0;0;0;0;0;0;2;0;0;0;0
03/11/2022;18:41:03;229;Sem vítima;91,000;BR-290/RS;Decrescente;Colisão lateral no mesmo sentido;2;0;0;0;0;0;0;0;0;0;3;0;0;0;0
04/11/2022;04:06:49;8;Sem vítima;81,000;BR-290/RS;Decrescente;Choque;1;0;0;0;0;0;0;0;0;0;0;0;0;0;0
04/11/2022;07:42:36;72;Sem vítima;86,000;BR-290/RS;Crescente;Queda de moto;0;0;0;1;0;0;0;0;0;0;1;0;0;0;0
04/11/2022;10:16:41;133;Sem vítima;338,000;BR-386/RS;Decrescente;Colisão traseira;2;0;0;0;0;0;0;0;0;0;4;0;0;0;0
04/11/2022;11:14:00;145;Sem vítima;391,000;BR-386/RS;Decrescente;Colisão transversal;1;0;1;0;0;0;0;0;0;0;1;0;0;0;0
04/11/2022;11:39:25;151;Com vítima;375,000;BR-386/RS;Decrescente;Colisão lateral no mesmo sentido;0;0;1;1;0;0;0;0;0;0;1;1;0;0;0
04/11/2022;16:46:02;229;Sem vítima;10,000;BR-290/RS;Crescente;Colisão transversal;0;0;2;0;0;0;0;0;0;0;1;0;0;0;0
04/11/2022;19:05:30;270;Sem vítima;343,000;BR-386/RS;Decrescente;Colisão lateral no mesmo sentido;2;0;0;0;0;0;0;0;0;0;0;0;0;0;0
04/11/2022;19:42:56;274;Com vítima;268,000;BR-386/RS;Crescente;Colisão lateral no mesmo sentido;2;0;0;0;0;0;0;0;0;0;2;2;0;0;0
04/11/2022;21:26:59;285;Sem vítima;289,000;BR-386/RS;Crescente;Colisão lateral no mesmo sentido;0;0;1;0;0;0;0;0;0;0;1;0;0;0;0
05/11/2022;00:24:40;2;Sem vítima;55,000;BR-101/RS;Decrescente;Acidentes de outra natureza;0;0;1;0;0;0;0;0;0;0;0;0;0;0;0
05/11/2022;04:43:42;19;Com vítima;11,000;BR-101/RS;Crescente;Queda de moto;0;0;0;1;0;0;0;0;0;0;0;1;0;0;0
05/11/2022;06:34:10;42;Sem vítima;62,000;BR-290/RS;Decrescente;Acidentes de outra natureza;1;0;0;0;0;0;0;0;0;0;1;0;0;0;0
05/11/2022;09:08:05;104;Sem vítima;57,000;BR-101/RS;Crescente;Acidentes de outra natureza;1;0;0;0;0;0;0;0;0;0;1;0;0;0;0
05/11/2022;13:33:34;156;Sem vítima;85,000;BR-101/RS;Decrescente;Tombamento;0;0;0;0;1;0;0;0;0;0;2;0;0;0;0
05/11/2022;18:43:55;219;Sem vítima;420,000;BR-386/RS;Decrescente;Acidentes de outra natureza;1;0;0;0;0;0;0;0;0;0;1;0;0;0;0
05/11/2022;20:49:57;239;Sem vítima;49,000;BR-101/RS;Crescente;Queda de moto;0;0;0;0;0;0;0;0;0;0;0;0;0;0;0
06/11/2022;00:38:29;4;Sem vítima;441,000;BR-386/RS;Crescente;Acidentes de outra natureza;1;0;0;0;0;0;0;0;0;0;3;0;0;0;0
06/11/2022;03:58:37;23;Sem vítima;365,000;BR-386/RS;Crescente;Acidentes de outra natureza;1;0;0;0;0;0;0;0;0;0;3;0;0;0;0
06/11/2022;06:48:19;36;Sem vítima;8,000;BR-101/RS;Crescente;Choque;1;0;0;0;0;0;0;0;0;0;1;0;0;0;0
06/11/2022;16:58:03;140;Sem vítima;368,000;BR-386/RS;Decrescente;Queda de moto;0;0;0;1;0;0;0;0;0;0;0;0;0;0;0
06/11/2022;20:37:49;185;Sem vítima;89,000;BR-290/RS;Decrescente;Colisão lateral no mesmo sentido;2;0;0;0;0;0;0;0;0;0;6;0;0;0;0
07/11/2022;03:22:05;21;Sem vítima;389,000;BR-386/RS;Decrescente;Atropelamento de pedestre;0;0;1;0;0;0;0;0;0;0;1;0;0;0;0
07/11/2022;05:59:00;31;Com vítima;75,000;BR-290/RS;Decrescente;Queda de moto;0;0;0;1;0;0;0;0;0;0;0;1;0;0;0
07/11/2022;06:34:42;42;Sem vítima;2,000;BR-290/RS;Decrescente;Acidentes de outra natureza;1;0;0;0;0;0;0;0;0;0;0;0;0;0;0
07/11/2022;06:40:18;43;Sem vítima;5,000;BR-290/RS;Decrescente;Acidentes de outra natureza;1;0;0;0;0;0;0;0;0;0;0;0;0;0;0
07/11/2022;08:00:41;90;Com vítima;30,000;BR-290/RS;Crescente;Acidentes de outra natureza;1;0;0;0;0;0;0;0;0;0;0;1;1;0;0
07/11/2022;08:27:11;97;Sem vítima;62,000;BR-101/RS;Crescente;Acidentes de outra natureza;1;0;0;0;0;0;0;0;0;0;1;0;0;0;0
07/11/2022;08:46:04;106;Sem vítima;96,000;BR-290/RS;Crescente;Colisão traseira;1;0;0;0;0;1;0;0;0;0;2;0;0;0;0
07/11/2022;09:42:19;128;Sem vítima;35,000;BR-101/RS;Crescente;Choque;1;0;0;0;0;0;0;0;0;0;3;0;0;0;0
07/11/2022;09:59:15;135;Sem vítima;11,000;BR-290/RS;Crescente;Acidentes de outra natureza;1;0;0;0;0;0;0;0;0;0;2;0;0;0;0
07/11/2022;11:55:29;170;Com vítima;342,000;BR-386/RS;Decrescente;Colisão traseira;2;0;0;0;0;0;0;0;0;0;1;0;1;0;0
07/11/2022;14:20:55;204;Sem vítima;419,000;BR-386/RS;Crescente;Colisão traseira;2;0;0;0;0;0;0;0;0;0;2;0;0;0;0
07/11/2022;17:10:25;236;Sem vítima;86,000;BR-290/RS;Crescente;Colisão lateral no mesmo sentido;1;0;2;0;0;0;0;0;0;0;3;0;0;0;0
07/11/2022;17:27:51;240;Sem vítima;80,000;BR-290/RS;Crescente;Choque;1;0;0;0;0;0;0;0;0;0;0;0;0;0;0
07/11/2022;18:42:18;260;Sem vítima;80,000;BR-290/RS;Decrescente;Queda de moto;0;0;0;1;0;0;0;0;0;0;1;0;0;0;0
07/11/2022;19:16:18;268;Sem vítima;375,000;BR-386/RS;Decrescente;Choque;0;0;1;0;0;0;0;0;0;0;1;0;0;0;0
07/11/2022;20:38:26;281;Sem vítima;92,000;BR-290/RS;Crescente;Choque;1;0;0;0;0;0;0;0;0;0;0;0;0;0;0
07/11/2022;22:00:15;288;Com vítima;80,000;BR-290/RS;Decrescente;Acidentes de outra natureza;1;0;0;0;0;0;0;0;0;0;0;1;0;0;0
08/11/2022;06:52:32;34;Sem vítima;92,000;BR-290/RS;Decrescente;Colisão lateral no mesmo sentido;2;0;0;0;0;0;0;0;0;0;2;0;0;0;0