data;horario;n_da_ocorrencia;tipo_de_ocorrencia;km;trecho;sentido;tipo_de_acidente;automovel;bicicleta;caminhao;moto;onibus;outros;tracao_animal;transporte_de_cargas_especiais;trator_maquinas;utilitarios;ilesos;levemente_feridos;moderadamente_feridos;gravemente_feridos;mortos
08/11/2022;09:55:10;128;Sem vítima;35,000;BR-101/RS;Decrescente;Colisão traseira;1;0;0;0;0;1;0;0;0;0;3;0;0;0;0
08/11/2022;17:27:25;244;Sem vítima;90,000;BR-290/RS;Decrescente;Colisão traseira;1;0;0;0;0;0;0;0;0;0;1;0;0;0;0
09/11/2022;07:21:10;31;Sem vítima;346,000;BR-386/RS;Crescente;Colisão traseira;2;0;0;0;0;0;0;0;0;0;3;0;0;0;0
09/11/2022;08:12:51;61;Com vítima;439,000;BR-386/RS;Crescente;Colisão traseira;1;0;1;1;0;0;0;0;0;0;2;0;1;0;0
09/11/2022;08:14:32;62;Sem vítima;20,000;BR-101/RS;Decrescente;Choque;1;0;0;0;0;0;0;0;0;0;2;0;0;0;0
09/11/2022;08:23:49;66;Sem vítima;1,000;BR-290/RS;Decrescente;Acidentes de outra natureza;1;0;0;0;0;0;0;0;0;0;1;0;0;0;0
09/11/2022;13:22:17;143;Sem vítima;392,000;BR-386/RS;Decrescente;Capotamento;1;0;0;0;0;0;0;0;0;0;1;0;0;0;0
09/11/2022;13:41:43;146;Sem vítima;5,000;BR-290/RS;Decrescente;Choque;1;0;0;0;0;0;0;0;0;0;1;0;0;0;0
10/11/2022;07:09:52;51;Sem vítima;89,000;BR-290/RS;Crescente;Engavetamento;2;0;0;1;0;0;0;0;0;0;3;0;0;0;0
10/11/2022;09:15:50;145;Sem vítima;86,000;BR-290/RS;Crescente;Queda de moto;0;0;0;1;0;0;0;0;0;0;1;0;0;0;0
10/11/2022;10:50:15;187;Com vítima;420,000;BR-386/RS;Crescente;Colisão transversal;2;0;0;0;0;0;0;0;0;0;1;1;0;0;0
10/11/2022;15:25:31;257;Sem vítima;350,000;BR-386/RS;Crescente;Choque;1;0;1;0;0;0;0;0;0;0;2;0;0;0;0
10/11/2022;15:30:55;259;Com vítima;180,000;BR-386/RS;Decrescente;Acidentes de outra natureza;0;0;0;0;0;1;0;0;0;0;0;1;0;0;0
10/11/2022;16:23:33;277;Sem vítima;92,000;BR-290/RS;Decrescente;Colisão traseira;2;0;0;0;0;0;0;0;0;0;6;0;0;0;0
11/11/2022;03:54:25;20;Com vítima;213,000;BR-386/RS;Crescente;Colisão lateral no mesmo sentido;1;0;1;0;0;0;0;0;0;0;1;1;0;0;0
11/11/2022;06:57:38;49;Sem vítima;70,000;BR-101/RS;Crescente;Acidentes de outra natureza;1;0;0;0;0;0;0;0;0;0;1;0;0;0;0
11/11/2022;07:28:11;72;Sem vítima;350,000;BR-386/RS;Crescente;Capotamento;2;0;0;0;0;0;0;0;0;0;2;0;0;0;0
11/11/2022;15:30:51;229;Sem vítima;301,000;BR-386/RS;Crescente;Engavetamento;3;0;0;0;0;0;0;0;0;0;8;0;0;0;0
11/11/2022;17:52:07;270;Com vítima;342,000;BR-386/RS;Crescente;Colisão transversal;2;0;0;0;0;0;0;0;0;0;1;0;2;0;0
11/11/2022;22:43:48;345;Sem vítima;3,000;BR-290/RS;Crescente;Colisão lateral no mesmo sentido;1;0;0;0;0;0;0;0;0;0;5;0;0;0;0
11/11/2022;23:23:00;354;Com vítima;357,000;BR-386/RS;Crescente;Acidentes de outra natureza;1;0;0;0;0;0;0;0;0;0;0;1;0;0;0
11/11/2022;23:50:29;359;Com vítima;405,000;BR-386/RS;Decrescente;Queda de moto;0;0;0;1;0;0;0;0;0;0;0;0;1;0;0
12/11/2022;01:42:50;7;Com vítima;331,000;BR-386/RS;Decrescente;Acidentes de outra natureza;0;0;1;0;0;0;0;0;0;0;0;1;0;0;0
12/11/2022;08:39:43;65;Sem vítima;80,000;BR-290/RS;Decrescente;Acidentes de outra natureza;0;0;0;0;0;0;0;0;0;0;0;0;0;0;0
12/11/2022;10:18:38;106;Sem vítima;40,000;BR-290/RS;Decrescente;Colisão traseira;2;0;0;0;0;0;0;0;0;0;6;0;0;0;0
12/11/2022;11:36:59;132;Sem vítima;35,000;BR-101/RS;Crescente;Colisão traseira;2;0;0;0;0;0;0;0;0;0;0;0;0;0;0
12/11/2022;13:55:35;166;Com vítima;347,000;BR-386/RS;Decrescente;Colisão traseira;0;0;0;2;0;0;0;0;0;0;0;3;0;0;0
12/11/2022;21:19:25;267;Sem vítima;360,000;BR-386/RS;Decrescente;Colisão lateral no mesmo sentido;2;0;0;0;0;0;0;0;0;0;5;0;0;0;0
12/11/2022;21:49:29;274;Sem vítima;344,000;BR-386/RS;Decrescente;Acidentes de outra natureza;1;0;0;0;0;0;0;0;0;0;1;0;0;0;0
12/11/2022;22:04:14;275;Sem vítima;364,000;BR-386/RS;Crescente;Acidentes de outra natureza;1;0;0;0;0;0;0;0;0;0;2;0;0;0;0
13/11/2022;00:45:17;7;Sem vítima;5,000;BR-290/RS;Crescente;Acidentes de outra natureza;0;0;1;0;0;0;0;0;0;0;0;0;0;0;0
13/11/2022;02:04:52;12;Sem vítima;346,000;BR-386/RS;Decrescente;Acidentes de outra natureza;1;0;0;0;0;0;0;0;0;0;0;0;0;0;0
13/11/2022;02:32:26;13;Sem vítima;380,000;BR-386/RS;Decrescente;Capotamento;1;0;0;0;0;0;0;0;0;0;1;0;0;0;0
13/11/2022;06:12:14;28;Sem vítima;229,000;BR-386/RS;Decrescente;Acidentes de outra natureza;1;0;0;0;0;0;0;0;0;0;0;0;0;0;0
13/11/2022;06:48:48;33;Sem vítima;86,000;BR-290/RS;Crescente;Queda de moto;0;0;0;1;0;0;0;0;0;0;0;0;0;0;0
13/11/2022;06:49:28;34;Sem vítima;66,000;BR-290/RS;Decrescente;Colisão traseira;1;0;0;0;0;0;0;0;0;0;0;0;0;0;0
13/11/2022;07:13:36;37;Sem vítima;86,000;BR-290/RS;Crescente;Queda de moto;0;0;0;1;0;0;0;0;0;0;0;0;0;0;0
13/11/2022;11:19:48;87;Com vítima;270,000;BR-386/RS;Crescente;Colisão transversal;2;0;0;0;0;0;0;0;0;0;2;1;2;0;0
13/11/2022;13:45:52;108;Sem vítima;94,000;BR-290/RS;Crescente;Choque;1;0;0;0;0;0;0;0;0;0;0;0;0;0;0
13/11/2022;14:58:07;118;Sem vítima;400,000;BR-386/RS;Decrescente;Acidentes de outra natureza;1;0;0;0;0;0;0;0;0;0;3;0;0;0;0
13/11/2022;15:15:57;122;Sem vítima;441,000;BR-386/RS;Crescente;Acidentes de outra natureza;1;0;0;0;0;0;0;0;0;0;2;0;0;0;0
13/11/2022;15:59:34;128;Com vítima;331,000;BR-386/RS;Decrescente;Colisão lateral no mesmo sentido;3;0;0;0;0;0;0;0;0;0;5;1;1;0;0
14/11/2022;04:09:44;7;Sem vítima;75,000;BR-290/RS;Decrescente;Acidentes de outra natureza;1;0;0;0;0;0;0;0;0;0;2;0;0;0;0
14/11/2022;06:18:24;18;Sem vítima;376,000;BR-386/RS;Crescente;Acidentes de outra natureza;1;0;0;0;0;0;0;0;0;0;1;0;0;0;0
14/11/2022;06:54:04;30;Com vítima;62,000;BR-101/RS;Crescente;Queda de moto;0;0;0;1;0;0;0;0;0;0;0;2;0;0;0
14/11/2022;07:26:03;37;Com vítima;27,000;BR-290/RS;Crescente;Acidentes de outra natureza;1;0;0;0;0;0;0;0;0;0;0;1;0;0;0
14/11/2022;08:01:31;50;Sem vítima;86,000;BR-290/RS;Crescente;Engavetamento;2;0;1;0;0;0;0;0;0;0;3;0;0;0;0
14/11/2022;08:08:22;53;Sem vítima;410,000;BR-386/RS;Decrescente;Acidentes de outra natureza;1;0;0;0;0;0;0;0;0;0;1;0;0;0;0
14/11/2022;08:46:06;68;Sem vítima;10,000;BR-101/RS;Decrescente;Colisão traseira;2;0;0;0;0;0;0;0;0;0;4;0;0;0;0
14/11/2022;09:11:57;74;Sem vítima;440,000;BR-386/RS;Decrescente;Acidentes de outra natureza;1;0;0;0;0;0;0;0;0;0;2;0;0;0;0
14/11/2022;09:17:45;76;Sem vítima;96,000;BR-290/RS;Crescente;Choque;1;0;0;0;0;0;0;0;0;0;0;0;0;0;0
14/11/2022;09:22:48;79;Com vítima;43,000;BR-290/RS;Crescente;Capotamento;1;0;0;0;0;0;0;0;0;0;0;1;0;0;0
14/11/2022;15:57:08;199;Sem vítima;333,000;BR-386/RS;Decrescente;Acidentes de outra natureza;1;0;0;0;0;0;0;0;0;0;1;0;0;0;0
14/11/2022;19:13:52;250;Sem vítima;2,000;BR-101/RS;Decrescente;Acidentes de outra natureza;1;0;0;0;0;0;0;0;0;0;2;0;0;0;0
15/11/2022;00:19:18;1;Com vítima;83,000;BR-101/RS;Decrescente;Tombamento;0;0;1;0;0;0;0;0;0;0;0;1;0;0;0
15/11/2022;01:39:56;7;Com vítima;23,000;BR-101/RS;Decrescente;Colisão traseira;3;0;0;0;0;0;0;0;0;0;1;3;0;0;0
15/11/2022;11:21:03;111;Com vítima;73,000;BR-290/RS;Decrescente;Colisão traseira;1;0;1;0;0;0;0;0;0;0;1;3;0;0;0
15/11/2022;13:45:04;149;Sem vítima;247,000;BR-386/RS;Decrescente;Colisão transversal;1;0;1;0;0;0;0;0;0;0;6;0;0;0;0
15/11/2022;15:17:34;168;Sem vítima;85,000;BR-290/RS;Crescente;Choque;1;0;0;0;0;0;0;0;0;0;0;0;0;0;0
15/11/2022;16:10:12;181;Sem vítima;45,000;BR-290/RS;Crescente;Colisão traseira;2;0;0;0;0;0;0;0;0;0;6;0;0;0;0
15/11/2022;17:14:56;201;Sem vítima;427,000;BR-386/RS;Decrescente;Acidentes de outra natureza;0;0;0;0;1;0;0;0;0;0;2;0;0;0;0
15/11/2022;17:22:33;202;Sem vítima;92,000;BR-290/RS;Crescente;Choque;1;0;0;0;0;0;0;0;0;0;2;0;0;0;0
15/11/2022;17:36:06;207;Com vítima;93,000;BR-290/RS;Decrescente;Colisão lateral no mesmo sentido;1;0;0;1;0;0;0;0;0;0;0;2;0;0;0
15/11/2022;19:57:14;255;Sem vítima;93,000;BR-290/RS;Decrescente;Engavetamento;4;0;1;0;0;0;0;0;0;0;5;0;0;0;0
16/11/2022;07:52:17;56;Sem vítima;83,000;BR-290/RS;Crescente;Colisão traseira;2;0;0;0;0;0;0;0;0;0;3;0;0;0;0
16/11/2022;07:52:54;57;Sem vítima;19,000;BR-101/RS;Crescente;Engavetamento;5;0;0;0;0;0;0;0;0;0;6;0;0;0;0
16/11/2022;08:33:39;77;Sem vítima;21,000;BR-101/RS;Crescente;Colisão traseira;3;0;0;0;0;0;0;0;0;0;3;0;0;0;0
16/11/2022;08:43:34;79;Sem vítima;350,000;BR-386/RS;Crescente;Colisão lateral no mesmo sentido;1;0;0;0;1;0;0;0;0;0;2;0;0;0;0
16/11/2022;11:57:21;165;Sem vítima;384,000;BR-386/RS;Crescente;Acidentes de outra natureza;1;0;0;0;0;0;0;0;0;0;1;0;0;0;0
16/11/2022;16:34:25;240;Com vítima;76,000;BR-290/RS;Crescente;Acidentes de outra natureza;1;0;0;0;0;0;0;0;0;0;0;1;0;0;0
16/11/2022;17:51:34;252;Com vítima;17,000;BR-290/RS;Decrescente;Choque;1;0;0;0;0;0;0;0;0;0;0;0;1;0;0
17/11/2022;01:13:37;4;Sem vítima;309,000;BR-386/RS;Decrescente;Acidentes de outra natureza;1;0;0;0;0;0;0;0;0;0;0;0;0;0;0
17/11/2022;06:07:42;22;Sem vítima;52,000;BR-290/RS;Decrescente;Acidentes de outra natureza;1;0;0;0;0;0;0;0;0;0;5;0;0;0;0
17/11/2022;06:11:20;23;Sem vítima;85,000;BR-290/RS;Decrescente;Colisão traseira;1;0;0;0;0;0;0;0;0;0;2;0;0;0;0
17/11/2022;08:50:17;116;Com vítima;239,000;BR-386/RS;Crescente;Colisão transversal;1;0;1;0;0;0;0;0;0;0;0;0;5;0;0
17/11/2022;09:27:12;131;Sem vítima;95,000;BR-290/RS;Crescente;Colisão traseira;1;0;0;0;0;0;0;0;0;0;1;0;0;0;0
17/11/2022;12:00:16;167;Sem vítima;75,000;BR-290/RS;Crescente;Queda de moto;1;0;0;0;0;0;0;0;0;0;0;0;0;0;0
17/11/2022;15:49:03;223;Sem vítima;19,000;BR-290/RS;Decrescente;Queda de moto;0;0;0;1;0;0;0;0;0;0;1;0;0;0;0
17/11/2022;17:26:09;249;Com vítima;67,000;BR-101/RS;Decrescente;Choque;1;0;1;0;0;0;0;0;0;0;2;1;0;0;0
17/11/2022;19:34:48;273;Sem vítima;65,000;BR-290/RS;Crescente;Acidentes de outra natureza;1;0;0;0;0;0;0;0;0;0;2;0;0;0;0
17/11/2022;21:44:06;293;Com vítima;56,000;BR-290/RS;Decrescente;Colisão traseira;2;0;0;0;0;0;0;0;0;0;1;1;3;0;0
17/11/2022;21:58:09;295;Com vítima;348,000;BR-386/RS;Crescente;Colisão traseira;2;0;0;0;0;0;0;0;0;0;1;1;0;0;0
17/11/2022;21:59:43;296;Sem vítima;81,120;BR-290/RS;Decrescente;Acidentes de outra natureza;1;0;0;0;0;0;0;0;0;0;1;0;0;0;0
18/11/2022;00:30:31;4;Sem vítima;39,000;BR-290/RS;Crescente;Choque;1;0;0;0;0;0;0;0;0;0;1;0;0;0;0
18/11/2022;01:55:33;8;Sem vítima;30,000;BR-290/RS;Decrescente;Acidentes de outra natureza;0;0;1;0;0;0;0;0;0;0;1;0;0;0;0
18/11/2022;07:17:50;49;Sem vítima;347,000;BR-386/RS;Crescente;Acidentes de outra natureza;1;0;0;0;0;0;0;0;0;0;1;0;0;0;0
18/11/2022;07:57:28;75;Sem vítima;18,000;BR-101/RS;Crescente;Engavetamento;3;0;0;0;0;0;0;0;0;0;3;0;0;0;0
18/11/2022;10:33:50;149;Sem vítima;92,000;BR-290/RS;Decrescente;Colisão lateral no mesmo sentido;1;0;1;0;0;0;0;0;0;0;2;0;0;0;0
18/11/2022;10:43:41;153;Sem vítima;340,000;BR-386/RS;Decrescente;Acidentes de outra natureza;1;0;0;0;0;0;0;0;0;0;0;0;0;0;0
18/11/2022;17:46:07;272;Sem vítima;88,000;BR-290/RS;Decrescente;Colisão lateral no mesmo sentido;1;0;0;1;0;0;0;0;0;0;5;0;0;0;0
18/11/2022;18:58:03;295;Sem vítima;22,000;BR-101/RS;Decrescente;Choque;0;0;1;0;0;0;0;0;0;0;1;0;0;0;0
18/11/2022;20:43:48;321;Com vítima;22,000;BR-101/RS;Decrescente;Queda de moto;0;0;0;1;0;0;0;0;0;0;0;0;0;0;1
18/11/2022;21:31:03;328;Sem vítima;366,000;BR-386/RS;Crescente;Queda de moto;0;0;0;1;0;0;0;0;0;0;2;0;0;0;0
19/11/2022;07:15:35;57;Com vítima;340,000;BR-386/RS;Crescente;Capotamento;1;0;0;0;0;0;0;0;0;0;1;4;0;0;0
19/11/2022;09:09:21;104;Sem vítima;345,000;BR-386/RS;Crescente;Colisão traseira;2;0;0;0;0;0;0;0;0;0;1;0;0;0;0
19/11/2022;10:04:50;119;Sem vítima;95,000;BR-290/RS;Crescente;Atropelamento de ciclista;0;0;0;0;0;0;0;0;0;0;0;0;0;0;0
19/11/2022;10:47:46;131;Com vítima;59,000;BR-290/RS;Crescente;Engavetamento;3;0;0;0;0;0;0;0;0;0;5;3;0;0;0
19/11/2022;11:10:08;136;Com vítima;436,000;BR-386/RS;Decrescente;Colisão transversal;0;0;1;1;0;0;0;0;0;0;1;0;1;0;0
20/11/2022;16:04:54;179;Sem vítima;87,000;BR-290/RS;Decrescente;Choque;1;0;0;0;0;0;0;0;0;0;1;0;0;0;0
20/11/2022;16:35:07;186;Sem vítima;47,000;BR-290/RS;Crescente;Colisão lateral no mesmo sentido;2;0;0;0;0;0;0;0;0;0;1;0;0;0;0
20/11/2022;17:20:07;198;Sem vítima;339,000;BR-386/RS;Decrescente;Choque;1;0;0;0;0;0;0;0;0;0;0;0;0;0;0
20/11/2022;19:46:09;254;Sem vítima;45,000;BR-290/RS;Crescente;Colisão traseira;1;0;0;0;0;0;0;0;0;0;3;0;0;0;0
20/11/2022;21:53:41;287;Com vítima;48,000;BR-101/RS;Crescente;Queda de moto;0;0;0;1;0;0;0;0;0;0;0;2;0;0;0
20/11/2022;23:52:32;309;Sem vítima;224,000;BR-386/RS;Decrescente;Acidentes de outra natureza;1;0;0;0;0;0;0;0;0;0;1;0;0;0;0
21/11/2022;08:47:54;117;Sem vítima;348,000;BR-386/RS;Crescente;Colisão traseira;1;0;1;0;0;0;0;0;0;0;3;0;0;0;0
21/11/2022;09:33:09;136;Sem vítima;91,000;BR-290/RS;Decrescente;Colisão lateral no mesmo sentido;1;0;0;0;0;0;0;0;0;0;5;0;0;0;0
21/11/2022;10:23:53;150;Sem vítima;343,000;BR-386/RS;Decrescente;Colisão traseira;2;0;0;0;0;0;0;0;0;0;2;0;0;0;0
21/11/2022;12:07:56;180;Sem vítima;334,000;BR-386/RS;Decrescente;Choque;1;0;0;0;0;0;0;0;0;0;1;0;0;0;0
21/11/2022;19:51:15;267;Sem vítima;90,000;BR-290/RS;Decrescente;Choque;1;0;0;0;0;0;0;0;0;0;1;0;0;0;0
22/11/2022;01:54:25;6;Sem vítima;90,000;BR-290/RS;Crescente;Choque;1;0;0;0;0;0;0;0;0;0;1;0;0;0;0
22/11/2022;02:51:22;11;Sem vítima;325,000;BR-386/RS;Crescente;Acidentes de outra natureza;1;0;0;0;0;0;0;0;0;0;1;0;0;0;0
22/11/2022;07:57:32;56;Sem vítima;353,000;BR-386/RS;Decrescente;Colisão lateral no mesmo sentido;1;0;1;0;0;0;0;0;0;0;2;0;0;0;0
22/11/2022;09:27:26;79;Com vítima;352,000;BR-386/RS;Decrescente;Acidentes de outra natureza;1;0;0;0;0;0;0;0;0;0;0;1;0;0;0
22/11/2022;09:30:00;81;Com vítima;15,000;BR-101/RS;Crescente;Choque;1;0;0;0;0;0;0;0;0;0;0;2;0;0;0
22/11/2022;09:55:03;89;Com vítima;24,000;BR-290/RS;Decrescente;Acidentes de outra natureza;1;0;0;0;0;0;0;0;0;0;0;2;0;0;0
22/11/2022;10:04:54;91;Sem vítima;24,000;BR-290/RS;Crescente;Choque;1;0;0;0;1;0;0;0;0;0;3;0;0;0;0
22/11/2022;13:25:00;120;Sem vítima;36,000;BR-290/RS;Crescente;Colisão traseira;0;0;1;0;1;0;0;0;0;0;1;0;0;0;0
22/11/2022;14:47:11;135;Sem vítima;348,000;BR-386/RS;Decrescente;Colisão lateral no mesmo sentido;1;0;0;0;1;0;0;0;0;0;3;0;0;0;0
22/11/2022;15:31:03;145;Sem vítima;349,000;BR-386/RS;Decrescente;Engavetamento;2;0;0;0;1;0;0;0;0;0;13;0;0;0;0
22/11/2022;22:00:16;202;Sem vítima;81,000;BR-290/RS;Decrescente;Acidentes de outra natureza;1;0;0;0;0;0;0;0;0;0;2;0;0;0;0
23/11/2022;07:46:04;80;Com vítima;92,000;BR-290/RS;Crescente;Queda de moto;0;0;0;1;0;0;0;0;0;0;0;0;1;0;0
23/11/2022;08:32:14;107;Sem vítima;339,000;BR-386/RS;Crescente;Colisão transversal;1;0;0;1;0;0;0;0;0;0;1;0;0;0;0
23/11/2022;12:52:22;177;Sem vítima;437,000;BR-386/RS;Decrescente;Colisão lateral no mesmo sentido;0;0;2;0;0;0;0;0;0;0;0;0;0;0;0
23/11/2022;16:49:07;228;Sem vítima;347,000;BR-386/RS;Crescente;Engavetamento;1;0;1;0;1;0;0;0;0;0;4;0;0;0;0
23/11/2022;17:56:38;241;Sem vítima;367,000;BR-386/RS;Decrescente;Colisão traseira;2;0;0;0;0;0;0;0;0;0;3;0;0;0;0
23/11/2022;19:12:22;251;Sem vítima;18,000;BR-101/RS;Crescente;Colisão traseira;2;0;0;0;0;0;0;0;0;0;2;0;0;0;0
23/11/2022;22:12:58;272;Sem vítima;204,000;BR-386/RS;Crescente;Acidentes de outra natureza;1;0;0;0;0;0;0;0;0;0;1;0;0;0;0
23/11/2022;23:57:03;287;Sem vítima;388,000;BR-386/RS;Crescente;Colisão traseira;1;0;0;0;0;0;0;0;0;0;0;0;0;0;0
24/11/2022;03:10:06;14;Sem vítima;75,000;BR-101/RS;Decrescente;Choque;1;0;0;0;0;0;0;0;0;0;1;0;0;0;0
24/11/2022;12:50:39;221;Sem vítima;2,000;BR-101/RS;Crescente;Choque;1;0;0;0;0;0;0;0;0;0;0;0;0;0;0
24/11/2022;15:06:20;252;Sem vítima;305,320;BR-386/RS;Crescente;Colisão traseira;0;0;1;0;0;0;0;0;0;0;1;0;0;0;0
24/11/2022;16:56:30;269;Sem vítima;79,000;BR-290/RS;Crescente;Acidentes de outra natureza;1;0;0;0;0;0;0;0;0;0;2;0;0;0;0
24/11/2022;18:23:07;282;Com vítima;2,000;BR-101/RS;Crescente;Queda de moto;0;0;0;1;0;0;0;0;0;0;0;1;0;0;0
24/11/2022;19:08:58;292;Com vítima;405,000;BR-386/RS;Decrescente;Colisão lateral no mesmo sentido;2;0;0;0;0;0;0;0;0;0;4;1;0;0;0
24/11/2022;20:34:20;306;Sem vítima;304,000;BR-386/RS;Decrescente;Colisão lateral no mesmo sentido;0;0;0;0;0;1;0;0;0;0;3;0;0;0;0
24/11/2022;20:35:13;307;Sem vítima;1,000;BR-101/RS;Decrescente;Queda de moto;0;0;0;1;0;0;0;0;0;0;1;0;0;0;0
24/11/2022;23:42:02;330;Sem vítima;343,000;BR-386/RS;Decrescente;Acidentes de outra natureza;1;0;0;0;0;0;0;0;0;0;1;0;0;0;0
26/11/2022;00:10:08;1;Sem vítima;215,000;BR-386/RS;Crescente;Colisão traseira;0;0;2;0;0;0;0;0;0;0;8;0;0;0;0
26/11/2022;08:00:57;337;Com vítima;57,000;BR-290/RS;Crescente;Capotamento;1;0;0;0;0;0;0;0;0;0;2;2;0;0;0
26/11/2022;08:16:18;341;Com vítima;341,000;BR-386/RS;Crescente;Colisão traseira;2;0;0;0;0;0;0;0;0;0;8;4;0;0;0
26/11/2022;10:10:43;366;Sem vítima;91,000;BR-290/RS;Decrescente;Colisão lateral no mesmo sentido;2;0;0;0;0;0;0;0;0;0;10;0;0;0;0
26/11/2022;11:25:01;385;Sem vítima;344,000;BR-386/RS;Decrescente;Colisão lateral no mesmo sentido;2;0;0;0;0;0;0;0;0;0;4;0;0;0;0
26/11/2022;15:35:22;432;Sem vítima;52,000;BR-101/RS;Crescente;Acidentes de outra natureza;1;0;0;0;0;0;0;0;0;0;0;0;0;0;0
26/11/2022;19:49:55;473;Sem vítima;369,000;BR-386/RS;Decrescente;Acidentes de outra natureza;1;0;0;0;0;0;0;0;0;0;2;0;0;0;0
26/11/2022;22:09:39;490;Sem vítima;344,000;BR-386/RS;Decrescente;Acidentes de outra natureza;1;0;0;0;0;0;0;0;0;0;4;0;0;0;0
26/11/2022;22:09:53;489;Sem vítima;22,000;BR-290/RS;Crescente;Choque;4;0;0;0;1;0;0;0;0;0;18;0;0;0;0
27/11/2022;01:16:17;3;Com vítima;47,000;BR-290/RS;Crescente;Choque;0;0;0;1;0;0;0;0;0;0;1;1;0;0;0
27/11/2022;04:58:02;17;Sem vítima;81,000;BR-290/RS;Decrescente;Colisão traseira;2;0;0;0;0;0;0;0;0;0;3;0;0;0;0
27/11/2022;11:56:06;90;Sem vítima;30,000;BR-101/RS;Decrescente;Acidentes de outra natureza;1;0;0;0;0;0;0;0;0;0;1;0;0;0;0
27/11/2022;15:14:45;121;Sem vítima;83,000;BR-101/RS;Crescente;Colisão traseira;1;0;0;0;0;0;0;0;0;0;2;0;0;0;0
27/11/2022;20:19:00;183;Sem vítima;80,000;BR-290/RS;Decrescente;Acidentes de outra natureza;1;0;0;0;0;0;0;0;0;0;2;0;0;0;0
27/11/2022;22:24:18;200;Com vítima;4,000;BR-101/RS;Crescente;Acidentes de outra natureza;1;0;0;0;0;0;0;0;0;0;0;1;0;0;0
28/11/2022;01:15:47;4;Sem vítima;420,000;BR-386/RS;Crescente;Atropelamento de animal;1;0;0;0;0;0;0;0;0;0;6;0;0;0;0
28/11/2022;06:19:53;25;Sem vítima;370,000;BR-386/RS;Decrescente;Acidentes de outra natureza;1;0;0;0;0;0;0;0;0;0;2;0;0;0;0
28/11/2022;06:48:15;39;Sem vítima;345,000;BR-386/RS;Decrescente;Colisão traseira;1;0;0;0;0;0;0;0;0;0;6;0;0;0;0
28/11/2022;11:40:28;162;Com vítima;26,000;BR-290/RS;Decrescente;Colisão lateral no mesmo sentido;0;0;1;1;0;0;0;0;0;0;2;0;4;0;0
28/11/2022;12:25:18;164;Com vítima;325,000;BR-386/RS;Crescente;Colisão transversal;1;0;1;0;0;0;0;0;0;0;2;0;10;0;0
28/11/2022;14:04:15;178;Sem vítima;18,000;BR-101/RS;Decrescente;Colisão traseira;0;0;1;1;0;0;0;0;0;0;4;0;0;0;0
28/11/2022;14:51:19;183;Sem vítima;13,000;BR-290/RS;Crescente;Acidentes de outra natureza;1;0;0;0;0;0;0;0;0;0;2;0;0;0;0
29/11/2022;08:16:09;115;Sem vítima;77,000;BR-290/RS;Decrescente;Colisão traseira;0;0;1;0;1;0;0;0;0;0;1;0;0;0;0
29/11/2022;10:05:50;161;Sem vítima;365,000;BR-386/RS;Crescente;Colisão transversal;1;0;0;0;1;0;0;0;0;0;2;0;0;0;0
29/11/2022;10:45:30;175;Sem vítima;397,000;BR-386/RS;Decrescente;Tombamento;0;0;0;0;0;1;0;0;0;0;1;0;0;0;0
29/11/2022;14:26:47;226;Sem vítima;88,000;BR-290/RS;Crescente;Choque;1;0;0;0;0;0;0;0;0;0;3;0;0;0;0
29/11/2022;18:38:35;274;Sem vítima;92,000;BR-290/RS;Crescente;Queda de moto;0;0;0;1;0;0;0;0;0;0;2;0;0;0;0
30/11/2022;13:27:51;179;Com vítima;345,000;BR-386/RS;Decrescente;Engavetamento;2;0;1;0;0;0;0;0;0;0;3;1;0;0;0
30/11/2022;13:43:03;184;Sem vítima;234,000;BR-386/RS;Decrescente;Colisão traseira;2;0;0;0;0;0;0;0;0;0;4;0;0;0;0
30/11/2022;13:57:25;191;Sem vítima;61,000;BR-101/RS;Crescente;Acidentes de outra natureza;1;0;0;0;0;0;0;0;0;0;1;0;0;0;0
30/11/2022;20:03:57;258;Com vítima;96,000;BR-290/RS;Decrescente;Acidentes de outra natureza;0;0;0;1;0;0;0;0;0;0;0;0;1;0;0